{"schemaVersion":"1.0","appDefinitionTemplate":{"id":"/providers/Microsoft.PowerApps/apps/","type":"Microsoft.PowerApps/apps","tags":{"primaryDeviceWidth":"1366","primaryDeviceHeight":"768","supportsPortrait":"true","supportsLandscape":"true","primaryFormFactor":"Tablet","publisherVersion":"3.23061.24","minimumRequiredApiVersion":"2.2.0","hasComponent":"false","hasUnlockedComponent":"false","isUnifiedRootApp":"false","sienaVersion":"20230626T144112Z-3.23061.24.0"},"properties":{"appVersion":"2023-06-26T14:41:12Z","lifeCycleId":"Published","createdByClientVersion":{"major":3,"minor":23061,"build":24,"revision":0,"majorRevision":0,"minorRevision":0},"minClientVersion":{"major":3,"minor":23061,"build":24,"revision":0,"majorRevision":0,"minorRevision":0},"backgroundColor":"rgba(164, 38, 44, 1)","backgroundImageUri":"/15753482014628704777/Nbdf9d620-b3f3-4959-8566-a446fc965940-logoSmallFile","displayName":"Power Platform SDD","description":"","commitMessage":"","appUris":{"documentUri":{"value":"/15753482014628704777/Nfdc56dc6-6a71-49b5-83ed-1e828ba82bb3-document.msapp"},"imageUris":[],"additionalUris":[]},"createdTime":"0001-01-01T00:00:00Z","lastModifiedTime":"0001-01-01T00:00:00Z","sharedGroupsCount":0,"sharedUsersCount":0,"connectionReferences":{},"databaseReferences":{},"almMode":"Solution","performanceOptimizationEnabled":true,"canConsumeAppPass":true,"enableModernRuntimeMode":false,"executionRestrictions":{"isTeamsOnly":false,"dataLossPreventionEvaluationResult":{"status":"Compliant","lastEvaluationDate":"2023-06-25T10:45:23.3954715Z","violations":[],"violationsByPolicy":[],"violationErrorMessage":"The app uses the following connectors: shared_sharepointonline, shared_logicflows, shared_power-20platform-20conenctors-5fbb730ceb611eecf-da7ff99f2e542b30."},"httpActionRestriction":{"appUsesSharepointHttpAction":false,"enforcementStrategy":"Legacy","evaluationTime":"2023-06-25T10:45:23.3953694Z"}}},"appType":"ClassicCanvasApp","appComponents":[]}}