{"swagger":"2.0","info":{"title":"Regex Demo","description":"Demo for blog https://dev.to/wyattdave","version":"1.0"},"host":"demo-api.wyattdave.workers.dev","basePath":"/","schemes":["https"],"consumes":[],"produces":[],"paths":{"/find":{"post":{"responses":{"default":{"description":"default","schema":{"type":"array","items":{"type":"string"}}}},"summary":"find","description":"find in text","operationId":"POST-find","parameters":[{"name":"body","in":"body","required":false,"schema":{"type":"object","properties":{"regex":{"type":"string","description":"regex"},"text":{"type":"string","description":"text"}}}}]}}},"definitions":{},"parameters":{},"responses":{},"securityDefinitions":{"api_key":{"type":"apiKey","in":"header","name":"X-API-Key"}},"security":[],"tags":[]}