{
  "properties": {
    "connectionReferences": {
      "shared_flowmanagement_2": {
        "runtimeSource": "invoker",
        "connection": {
          "connectionReferenceLogicalName": "wd_FlowManagementMoveFlows"
        },
        "api": {
          "name": "shared_flowmanagement"
        }
      },
      "shared_webcontents_1": {
        "runtimeSource": "invoker",
        "connection": {
          "connectionReferenceLogicalName": "new_sharedwebcontents_944b4"
        },
        "api": {
          "name": "shared_webcontents"
        }
      },
      "shared_commondataserviceforapps_1": {
        "runtimeSource": "embedded",
        "connection": {
          "connectionReferenceLogicalName": "wd_DataverseMoveFlows"
        },
        "api": {
          "name": "shared_commondataserviceforapps"
        }
      }
    },
    "definition": {
      "$schema": "https://schema.management.azure.com/providers/Microsoft.Logic/schemas/2016-06-01/workflowdefinition.json#",
      "contentVersion": "1.0.0.0",
      "parameters": {
        "$connections": {
          "defaultValue": {},
          "type": "Object"
        },
        "$authentication": {
          "defaultValue": {},
          "type": "SecureObject"
        },
        "environmentUrl-MoveFlows (wd_environmentUrlMoveFlows)": {
          "defaultValue": "https://tjxinnovation.crm.dynamics.com/",
          "type": "String",
          "metadata": {
            "schemaName": "wd_environmentUrlMoveFlows"
          }
        },
        "solution-MoveFlows (wd_solutionMoveFlows)": {
          "defaultValue": "000",
          "type": "String",
          "metadata": {
            "schemaName": "wd_solutionMoveFlows"
          }
        }
      },
      "triggers": {
        "manual": {
          "metadata": {
            "operationMetadataId": "8809e8c4-2995-487b-ae8d-28a075d5ee9a"
          },
          "type": "Request",
          "kind": "Button",
          "inputs": {
            "schema": {
              "type": "object",
              "properties": {
                "text": {
                  "title": "Service Account",
                  "type": "string",
                  "x-ms-dynamically-added": true,
                  "description": "temp account that must own connections and be admin",
                  "x-ms-content-hint": "TEXT"
                },
                "number": {
                  "title": "Chunk",
                  "type": "number",
                  "x-ms-dynamically-added": true,
                  "description": "Number of flows to do each time",
                  "x-ms-content-hint": "NUMBER"
                },
                "text_1": {
                  "title": "SYSTEMID",
                  "type": "string",
                  "x-ms-dynamically-added": true,
                  "description": "Please enter your input",
                  "x-ms-content-hint": "TEXT"
                }
              },
              "required": [
                "text",
                "number",
                "text_1"
              ]
            }
          }
        }
      },
      "actions": {
        "Main": {
          "actions": {
            "List_Flows_as_Admin_(V2)": {
              "runAfter": {},
              "metadata": {
                "operationMetadataId": "64f11083-2b56-4b29-8c60-fd908110e9cc"
              },
              "type": "OpenApiConnection",
              "inputs": {
                "host": {
                  "connectionName": "shared_flowmanagement_2",
                  "operationId": "ListFlowsInEnvironment_V2",
                  "apiId": "/providers/Microsoft.PowerApps/apis/shared_flowmanagement"
                },
                "parameters": {
                  "environmentName": "@parameters('environmentUrl-MoveFlows (wd_environmentUrlMoveFlows)')"
                },
                "authentication": {
                  "type": "Raw",
                  "value": "@json(decodeBase64(triggerOutputs().headers['X-MS-APIM-Tokens']))['$ConnectionKey']"
                }
              },
              "runtimeConfiguration": {
                "paginationPolicy": {
                  "minimumItemCount": 2120
                }
              }
            },
            "Filter_array_Non_Solution_Aware": {
              "runAfter": {
                "List_Flows_as_Admin_(V2)": [
                  "Succeeded"
                ]
              },
              "metadata": {
                "operationMetadataId": "92938ad6-1bcb-47b1-b59f-7ea89533c41c"
              },
              "type": "Query",
              "inputs": {
                "from": "@outputs('List_Flows_as_Admin_(V2)')?['body/value']",
                "where": "@and(\n  not(contains(string(item()), 'workflowEntityId'))\n,\n  not(equals(item()?['creator/userId'],triggerBody()['text_1']))\n)\n"
              }
            },
            "Select_Just_ResourceID": {
              "runAfter": {
                "Filter_array_Non_Solution_Aware": [
                  "Succeeded"
                ]
              },
              "trackedProperties": {
                "length": "length('Filter_array')"
              },
              "metadata": {
                "operationMetadataId": "8ee3028d-dfb5-4825-b18f-9ecb29845c2d"
              },
              "type": "Select",
              "inputs": {
                "from": "@body('Filter_array_Non_Solution_Aware')",
                "select": "@item()?['name']"
              },
              "description": "@{item()?['name']}"
            },
            "Apply_to_each_Flow": {
              "foreach": "@take(body('Filter_array_Non_Solution_Aware'),triggerBody()['number'])",
              "actions": {
                "Modify_Flow_Owners_as_Admin_Change_Owner": {
                  "runAfter": {},
                  "metadata": {
                    "operationMetadataId": "cc519adb-d76c-4400-9ec0-8d02ca72477d"
                  },
                  "type": "OpenApiConnection",
                  "inputs": {
                    "host": {
                      "connectionName": "shared_flowmanagement_2",
                      "operationId": "AdminModifyFlowOwners",
                      "apiId": "/providers/Microsoft.PowerApps/apis/shared_flowmanagement"
                    },
                    "parameters": {
                      "environmentName": "@parameters('environmentUrl-MoveFlows (wd_environmentUrlMoveFlows)')",
                      "flowName": "@items('Apply_to_each_Flow')?['name']",
                      "permissions/put": [
                        {
                          "properties/principal/id": "@triggerBody()['text']",
                          "properties/principal/type": "User"
                        }
                      ]
                    },
                    "authentication": {
                      "type": "Raw",
                      "value": "@json(decodeBase64(triggerOutputs().headers['X-MS-APIM-Tokens']))['$ConnectionKey']"
                    }
                  }
                }
              },
              "runAfter": {
                "Select_Just_ResourceID": [
                  "Succeeded"
                ]
              },
              "metadata": {
                "operationMetadataId": "ac0fdb06-3a7f-4461-9b93-3862c22eb4ef"
              },
              "type": "Foreach",
              "description": "take(body('Filter_array_Non_Solution_Aware'),triggerBody()['number'])"
            },
            "Invoke_an_HTTP_request_Move_to_Solution_Batch": {
              "runAfter": {
                "Apply_to_each_Flow": [
                  "Succeeded"
                ]
              },
              "metadata": {
                "operationMetadataId": "81c7e296-9088-4d1c-842e-e10250f6c4ae"
              },
              "type": "OpenApiConnection",
              "inputs": {
                "host": {
                  "connectionName": "shared_webcontents_1",
                  "operationId": "InvokeHttp",
                  "apiId": "/providers/Microsoft.PowerApps/apis/shared_webcontents"
                },
                "parameters": {
                  "request/method": "POST",
                  "request/url": "https://api.flow.microsoft.com/providers/Microsoft.Flow/environments/@{parameters('environmentUrl-MoveFlows (wd_environmentUrlMoveFlows)')}/solutions/@{parameters('solution-MoveFlows (wd_solutionMoveFlows)')}/migrateFlows?api-version=2018-10-01",
                  "request/body": "{\"flowsToMigrate\":@{take(body('Select_Just_ResourceID'),2)}}"
                },
                "authentication": {
                  "type": "Raw",
                  "value": "@json(decodeBase64(triggerOutputs().headers['X-MS-APIM-Tokens']))['$ConnectionKey']"
                }
              }
            },
            "Apply_to_each_Flow_remove": {
              "foreach": "@take(body('Filter_array_Non_Solution_Aware'), triggerBody()['number'])",
              "actions": {
                "List_rows_from_selected_environment_user": {
                  "runAfter": {},
                  "metadata": {
                    "operationMetadataId": "2183e53a-86d8-47cc-9986-9ba18a94335f"
                  },
                  "type": "OpenApiConnection",
                  "inputs": {
                    "host": {
                      "connectionName": "shared_commondataserviceforapps_1",
                      "operationId": "ListRecordsWithOrganization",
                      "apiId": "/providers/Microsoft.PowerApps/apis/shared_commondataserviceforapps"
                    },
                    "parameters": {
                      "organization": "@parameters('environmentUrl-MoveFlows (wd_environmentUrlMoveFlows)')",
                      "entityName": "systemusers",
                      "$filter": "azureactivedirectoryobjectid eq '@{items('Apply_to_each_Flow_remove')?['properties']?['creator']?['userId']}'"
                    },
                    "authentication": {
                      "type": "Raw",
                      "value": "@json(decodeBase64(triggerOutputs().headers['X-MS-APIM-Tokens']))['$ConnectionKey']"
                    }
                  },
                  "description": "items('Apply_to_each_Flow_remove')?['properties']?['creator']?['userId']"
                },
                "Update_a_row_in_selected_environment": {
                  "runAfter": {
                    "List_rows_from_selected_environment_flow": [
                      "Succeeded"
                    ]
                  },
                  "metadata": {
                    "operationMetadataId": "2709fd73-a0e2-44f2-9b31-35432f176b41"
                  },
                  "type": "OpenApiConnection",
                  "inputs": {
                    "host": {
                      "connectionName": "shared_commondataserviceforapps_1",
                      "operationId": "UpdateOnlyRecordWithOrganization",
                      "apiId": "/providers/Microsoft.PowerApps/apis/shared_commondataserviceforapps"
                    },
                    "parameters": {
                      "organization": "@parameters('environmentUrl-MoveFlows (wd_environmentUrlMoveFlows)')",
                      "entityName": "workflows",
                      "recordId": "@outputs('List_rows_from_selected_environment_flow')?['body/value'][0]?['workflowid']",
                      "item/ownerid@odata.bind": "systemusers(@{outputs('List_rows_from_selected_environment_user')?['body/value'][0]?['@odata.id']})"
                    },
                    "authentication": {
                      "type": "Raw",
                      "value": "@json(decodeBase64(triggerOutputs().headers['X-MS-APIM-Tokens']))['$ConnectionKey']"
                    }
                  },
                  "description": "outputs('List_rows_from_selected_environment_flow')?['body/value'][0]?['workflowid']"
                },
                "Modify_Flow_Owners_as_Admin_Remove_Service_Account": {
                  "runAfter": {
                    "Update_a_row_in_selected_environment": [
                      "Succeeded"
                    ]
                  },
                  "metadata": {
                    "operationMetadataId": "cc519adb-d76c-4400-9ec0-8d02ca72477d"
                  },
                  "type": "OpenApiConnection",
                  "inputs": {
                    "host": {
                      "connectionName": "shared_flowmanagement_2",
                      "operationId": "AdminModifyFlowOwners",
                      "apiId": "/providers/Microsoft.PowerApps/apis/shared_flowmanagement"
                    },
                    "parameters": {
                      "environmentName": "@parameters('environmentUrl-MoveFlows (wd_environmentUrlMoveFlows)')",
                      "flowName": "@items('Apply_to_each_Flow_remove')",
                      "permissions/delete": [
                        {
                          "properties/principal/id": "@triggerBody()['text']",
                          "properties/principal/type": "User"
                        }
                      ]
                    },
                    "authentication": {
                      "type": "Raw",
                      "value": "@json(decodeBase64(triggerOutputs().headers['X-MS-APIM-Tokens']))['$ConnectionKey']"
                    }
                  }
                },
                "List_rows_from_selected_environment_flow": {
                  "runAfter": {
                    "List_rows_from_selected_environment_user": [
                      "Succeeded"
                    ]
                  },
                  "metadata": {
                    "operationMetadataId": "2183e53a-86d8-47cc-9986-9ba18a94335f"
                  },
                  "type": "OpenApiConnection",
                  "inputs": {
                    "host": {
                      "connectionName": "shared_commondataserviceforapps_1",
                      "operationId": "ListRecordsWithOrganization",
                      "apiId": "/providers/Microsoft.PowerApps/apis/shared_commondataserviceforapps"
                    },
                    "parameters": {
                      "organization": "@parameters('environmentUrl-MoveFlows (wd_environmentUrlMoveFlows)')",
                      "entityName": "systemusers",
                      "$filter": "resourceid eq '@{items('Apply_to_each_Flow_remove')?['name']}'"
                    },
                    "authentication": {
                      "type": "Raw",
                      "value": "@json(decodeBase64(triggerOutputs().headers['X-MS-APIM-Tokens']))['$ConnectionKey']"
                    }
                  },
                  "description": "items('Apply_to_each_Flow_remove')?['name']"
                }
              },
              "runAfter": {
                "Invoke_an_HTTP_request_Move_to_Solution_Batch": [
                  "Succeeded"
                ]
              },
              "metadata": {
                "operationMetadataId": "ac0fdb06-3a7f-4461-9b93-3862c22eb4ef"
              },
              "type": "Foreach",
              "description": "take(body('Filter_array_Non_Solution_Aware'), triggerBody()['number'])"
            }
          },
          "runAfter": {},
          "metadata": {
            "operationMetadataId": "781844f2-cb32-49fc-9663-6bbb6f71ad7f"
          },
          "type": "Scope"
        },
        "Exception": {
          "actions": {
            "Exception_Message": {
              "runAfter": {},
              "metadata": {
                "operationMetadataId": "f6c01a96-de9a-4dfa-848c-008f46df3f69"
              },
              "type": "Compose",
              "inputs": "@xpath(xml(json(concat('{\"data\": {','\"Main\":',result('Main'),',','\"Apply_to_each_Flow\":',result('Apply_to_each_Flow'),',','\"Apply_to_each_Flow_remove\":',result('Apply_to_each_Flow_remove'),',','}}'))),'string(//message[not(contains(.,''The execution of template action'')) and not(contains(.,''skipped:''))  and not(contains(.,''An action failed. No dependent actions succeeded.''))])')"
            }
          },
          "runAfter": {
            "Main": [
              "TimedOut",
              "Failed"
            ]
          },
          "metadata": {
            "operationMetadataId": "d5760c4d-9bb7-4cf8-be5a-a590983f9cfc"
          },
          "type": "Scope"
        }
      }
    },
    "templateName": ""
  },
  "schemaVersion": "1.0.0.0"
}