{
  "properties": {
    "connectionReferences": {
      "shared_outlook_1": {
        "runtimeSource": "embedded",
        "connection": {
          "connectionReferenceLogicalName": "wd_OutlookGame"
        },
        "api": {
          "name": "shared_outlook"
        }
      },
      "shared_onedrive_1": {
        "runtimeSource": "embedded",
        "connection": {
          "connectionReferenceLogicalName": "wd_OneDriveGame"
        },
        "api": {
          "name": "shared_onedrive"
        }
      },
      "shared_excelonline_1": {
        "runtimeSource": "embedded",
        "connection": {
          "connectionReferenceLogicalName": "wd_ExcelGame"
        },
        "api": {
          "name": "shared_excelonline"
        }
      },
      "shared_conversionservice_1": {
        "runtimeSource": "embedded",
        "connection": {
          "connectionReferenceLogicalName": "wd_ConversionGame"
        },
        "api": {
          "name": "shared_conversionservice"
        }
      }
    },
    "definition": {
      "$schema": "https://schema.management.azure.com/providers/Microsoft.Logic/schemas/2016-06-01/workflowdefinition.json#",
      "contentVersion": "1.0.0.0",
      "parameters": {
        "$connections": {
          "defaultValue": {},
          "type": "Object"
        },
        "$authentication": {
          "defaultValue": {},
          "type": "SecureObject"
        }
      },
      "triggers": {
        "When_a_new_email_arrives_(V2)": {
          "splitOn": "@triggerOutputs()?['body/value']",
          "metadata": {
            "operationMetadataId": "c6351629-7ab5-40ae-91fc-dd84086f7cf1"
          },
          "type": "OpenApiConnectionNotification",
          "inputs": {
            "host": {
              "connectionName": "shared_outlook_1",
              "operationId": "OnNewEmailV2",
              "apiId": "/providers/Microsoft.PowerApps/apis/shared_outlook"
            },
            "parameters": {
              "folderPath": "Inbox",
              "includeAttachments": false,
              "subjectFilter": "canyonEscape",
              "importance": "Any",
              "fetchOnlyWithAttachment": false
            },
            "authentication": "@parameters('$authentication')"
          }
        }
      },
      "actions": {
        "sOption": {
          "runAfter": {},
          "metadata": {
            "operationMetadataId": "6a712f0b-c84b-468c-aa42-dc6d52965519"
          },
          "type": "InitializeVariable",
          "inputs": {
            "variables": [
              {
                "name": "sOption",
                "type": "string"
              }
            ]
          }
        },
        "aOptions": {
          "runAfter": {
            "sOption": [
              "Succeeded"
            ]
          },
          "metadata": {
            "operationMetadataId": "0f269f8c-9ab4-4c8e-8083-5d177812a834"
          },
          "type": "InitializeVariable",
          "inputs": {
            "variables": [
              {
                "name": "aOptions",
                "type": "array",
                "value": "@json('[\r\n\t{\r\n\t\t\"val\":\"north\",\r\n\t\t\"return\":\"North\"\r\n\t},\r\n\t{\r\n\t\t\"val\":\"east\",\r\n\t\t\"return\":\"East\"\r\n\t},\r\n\t{\r\n\t\t\"val\":\"south\",\r\n\t\t\"return\":\"South\"\r\n\t},\r\n\t{\r\n\t\t\"val\":\"west\",\r\n\t\t\"return\":\"West\"\r\n\t},\r\n\t{\r\n\t\t\"val\":\"combine\",\r\n\t\t\"return\":\"Use\"\r\n\t},\r\n\t{\r\n\t\t\"val\":\"drop \",\r\n\t\t\"return\":\"Drop\"\r\n\t},\r\n\t{\r\n\t\t\"val\":\"speak\",\r\n\t\t\"return\":\"Person\"\r\n\t},\r\n\t{\r\n\t\t\"val\":\"ask \",\r\n\t\t\"return\":\"Person\"\r\n\t},\r\n\t{\t\r\n\t\t\"val\":\"pick up\",\r\n\t\t\"return\":\"PickUp\"\r\n    },\r\n\t{\t\r\n\t\t\"val\":\"pickup\",\r\n\t\t\"return\":\"PickUp\"\r\n    },\r\n\t{\t\r\n\t\t\"val\":\"answer \",\r\n\t\t\"return\":\"Answer\"\r\n    },\r\n\t{\r\n\t\t\"val\":\"say \",\r\n\t\t\"return\":\"Person\"\r\n\t},\r\n\t{\r\n\t\t\"val\":\"use \",\r\n\t\t\"return\":\"Use\"\r\n\t}\r\n]')"
              }
            ]
          }
        },
        "Extract_Query": {
          "runAfter": {
            "NewLine": [
              "Succeeded"
            ]
          },
          "metadata": {
            "operationMetadataId": "db1a48b6-7a6c-4aeb-b6de-1c5d5180ce3a"
          },
          "type": "Compose",
          "inputs": "@split(split(triggerOutputs()?['body/Subject'],'?')[1],'&')",
          "description": "0=id,1=left hand, 2=right hand, 3 = status, 4 emailId"
        },
        "start": {
          "actions": {
            "Send_an_email_(V2)_start": {
              "runAfter": {},
              "metadata": {
                "operationMetadataId": "ef146514-cf0e-4346-a540-d2c4f2ce7e97"
              },
              "type": "OpenApiConnection",
              "inputs": {
                "host": {
                  "connectionName": "shared_outlook_1",
                  "operationId": "SendEmailV2",
                  "apiId": "/providers/Microsoft.PowerApps/apis/shared_outlook"
                },
                "parameters": {
                  "emailMessage/To": "@triggerOutputs()?['body/From']",
                  "emailMessage/Subject": "canyonEscape?1&empty&empty&travelling&@{triggerOutputs()?['body/Id']}",
                  "emailMessage/Body": "<p><span style=\"font-family: 'lucida console'\">\n┏━━━┓━━━━━━━━━━━━━━━━━━━━━━━━━━━<br>\n┃┏━┓┃━━━━━━━━━━━━━━━━━━━━━━━━━━━<br>\n┃┃━┗┛┏━━┓━┏━┓━┏┓━┏┓┏━━┓┏━┓━━━━━━<br>\n┃┃━┏┓┗━┓┃━┃┏┓┓┃┃━┃┃┃┏┓┃┃┏┓┓━━━━━<br>\n┃┗━┛┃┃┗┛┗┓┃┃┃┃┃┗━┛┃┃┗┛┃┃┃┃┃━━━━━<br>\n┗━━━┛┗━━━┛┗┛┗┛┗━┓┏┛┗━━┛┗┛┗┛━━━━━<br>\n━━━━━━━━━━━━━━┏━┛┃━━━━━━━━━━━━━━<br>\n━━━━━━━━━━━━━━┗━━┛━━━━━━━━━━━━━━<br>\n</span></p>\n<p><span style=\"font-family: 'lucida console'\">\n━━━┏━━━┓━━━━━━━━━━━━━━━━━━━━━━━━<br>\n━━━┃┏━━┛━━━━━━━━━━━━━━━━━━━━━━━━<br>\n━━━┃┗━━┓┏━━┓┏━━┓┏━━┓━┏━━┓┏━━┓━━━<br>\n━━━┃┏━━┛┃━━┫┃┏━┛┗━┓┃━┃┏┓┃┃┏┓┃━━━<br>\n━━━┃┗━━┓┣━━┃┃┗━┓┃┗┛┗┓┃┗┛┃┃┃━┫━━━<br>\n━━━┗━━━┛┗━━┛┗━━┛┗━━━┛┃┏━┛┗━━┛━━━<br>\n━━━━━━━━━━━━━━━━━━━━━┃┃━━━━━━━━━<br>\n━━━━━━━━━━━━━━━━━━━━━┗┛━━━━━━━━━</span></p>\n<br>\n<a href=\"https://dev.to/wyattdave\">By David Wyatt</a>\n<br>\n<p>Welcome to Canyon Escape, you are an intriped explorer in the model of Indian Jones, while exploring the deepest jungle in Peru you stumble into a canyon. With no way back you trek through, hoping to find an escape, and maybe a lost treasue or 2,</p>\n<br>\n<h3>Instructions</h3>\n<b>Commands</b>\n<p>head north/east/south/west</p>\n<p>speak to elder/tribesman</p>\n<p>pick up knife/rope</p>\n<p>use knife/rope</p>\n<p>drop knife/rope</p>\n<p>answer 4/shark</p>\n<br>\n<b>Commands</b>\n<p> You have your right and left hand to hold things, if you pickup and both hands are full you will automatically drop what is in your left hand</p>\n<br>\n<b>FYI</b> \n<p>Don't edit the subject or add additional text that is not needed</p>\n<br>\n<p>To start reply with compass direction</p>",
                  "emailMessage/Importance": "Normal"
                },
                "authentication": "@parameters('$authentication')"
              }
            },
            "Terminate_Start": {
              "runAfter": {
                "Send_an_email_(V2)_start": [
                  "Succeeded"
                ]
              },
              "metadata": {
                "operationMetadataId": "a858eed5-fd2e-492f-b4c4-6b9defefe01e"
              },
              "type": "Terminate",
              "inputs": {
                "runStatus": "Succeeded"
              }
            }
          },
          "runAfter": {
            "Extract_Query": [
              "Failed"
            ]
          },
          "metadata": {
            "operationMetadataId": "df5f45f5-f600-42b0-aa1d-f130e5ccffff"
          },
          "type": "Scope"
        },
        "Main": {
          "actions": {
            "Do_until": {
              "actions": {
                "Set_variable": {
                  "runAfter": {},
                  "metadata": {
                    "operationMetadataId": "b9697607-b78e-460e-baac-ad5abfa059c6"
                  },
                  "type": "SetVariable",
                  "inputs": {
                    "name": "sOption",
                    "value": "@{if(contains(toLower(split(triggerOutputs()?['body/Body'],'From:')[0]),variables('aOptions')[iterationIndexes('Do_until')]?['val']),variables('aOptions')[iterationIndexes('Do_until')]?['return'],'')}"
                  }
                }
              },
              "runAfter": {},
              "expression": "@not(equals(variables('sOption'), ''))",
              "limit": {
                "count": 14,
                "timeout": "PT5M"
              },
              "metadata": {
                "operationMetadataId": "409a5bea-583a-4447-8537-81f47eb8d236"
              },
              "type": "Until"
            },
            "Condition_pickup": {
              "actions": {
                "Send_an_email_(V2)_pick_up": {
                  "runAfter": {
                    "Get_file_content_using_path_item": [
                      "Succeeded"
                    ]
                  },
                  "metadata": {
                    "operationMetadataId": "ef146514-cf0e-4346-a540-d2c4f2ce7e97"
                  },
                  "type": "OpenApiConnection",
                  "inputs": {
                    "host": {
                      "connectionName": "shared_outlook_1",
                      "operationId": "SendEmailV2",
                      "apiId": "/providers/Microsoft.PowerApps/apis/shared_outlook"
                    },
                    "parameters": {
                      "emailMessage/To": "@triggerOutputs()?['body/From']",
                      "emailMessage/Subject": "@if(not(equals(outputs('Get_a_row_current_Sq')?['body/Item'],'')),\n    if(equals(outputs('Extract_Query')[1],'empty'),\n        concat(\n            'canyonEscape?'\n\t\t,\n\t\t\toutputs('Extract_Query')[0]\n        ,\n            '&'\n        ,\n            outputs('Get_a_row_current_Sq')?['body/Item']\n        ,\n            '&'\n        ,\n            outputs('Extract_Query')[2]\n        ,\n            '&'\n        ,\n            outputs('Extract_Query')[3]\n        ,\n            '&'\n        ,\n        triggerOutputs()?['body/Id']\n        )\t\n    ,\n        concat(\n            'canyonEscape?'\t\t\t\n        ,\n\t\t\toutputs('Extract_Query')[0]\n\t\t,\n            '&'\n        ,\n             outputs('Extract_Query')[1]\n        ,\n            '&'\n        ,\n            outputs('Get_a_row_current_Sq')?['body/Item']\n        ,\n            '&'\n        ,\n            outputs('Extract_Query')[3]\n        ,\n            '&'\n        ,\n            triggerOutputs()?['body/Id']\n        )\n\t)\n,\n    replace(triggerOutputs()?['body/Subject'],'RE:','')\n)",
                      "emailMessage/Body": "<p>@{if(not(equals(outputs('Get_a_row_current_Sq')?['body/Item'],'')),\n    if(equals(outputs('Extract_Query')[1],'empty'),\n        concat(\n            'You pick up the '\n\t\t,\n\t\t\toutputs('Get_a_row_current_Sq')?['body/Item']\n\t\t,\n\t\t\t' in your right hand'\n        )\t\n    ,\n        concat(\n            'You pick up the '\n\t\t,\n\t\t\toutputs('Get_a_row_current_Sq')?['body/Item']\n\t\t,\n\t\t\t' in your left hand, dropping anything you were already holding in that hand'\n        )\t\n\t)\n,\n    'Unable to pick up anything'\n\n)}</p>\n<br>\n-----------------------------\n<p>@{outputs('Get_a_row_current_Sq')?['body/Text']}\n</p>",
                      "emailMessage/Attachments": [
                        {
                          "Name": "@outputs('Get_a_row_current_Sq')?['body/Attachment']",
                          "ContentBytes": "@body('Get_file_content_using_path_item')"
                        }
                      ],
                      "emailMessage/Importance": "Normal"
                    },
                    "authentication": "@parameters('$authentication')"
                  }
                },
                "Terminate": {
                  "runAfter": {
                    "Send_an_email_(V2)_pick_up": [
                      "Succeeded"
                    ]
                  },
                  "metadata": {
                    "operationMetadataId": "8a70e976-f47a-4261-ab84-d01429954cee"
                  },
                  "type": "Terminate",
                  "inputs": {
                    "runStatus": "Succeeded"
                  }
                },
                "Get_file_content_using_path_item": {
                  "runAfter": {},
                  "metadata": {
                    "operationMetadataId": "95ea1ced-708e-4af0-824b-5571b3096e40"
                  },
                  "type": "OpenApiConnection",
                  "inputs": {
                    "host": {
                      "connectionName": "shared_onedrive_1",
                      "operationId": "GetFileContentByPath",
                      "apiId": "/providers/Microsoft.PowerApps/apis/shared_onedrive"
                    },
                    "parameters": {
                      "path": "/@{outputs('Get_a_row_current_Sq')?['body/Attachment']}",
                      "inferContentType": true
                    },
                    "authentication": "@parameters('$authentication')"
                  }
                }
              },
              "runAfter": {
                "Condition_not_valid": [
                  "Succeeded"
                ]
              },
              "expression": {
                "equals": [
                  "@variables('sOption')",
                  "PickUp"
                ]
              },
              "metadata": {
                "operationMetadataId": "eaa63150-7483-4ae3-87c9-db5d690557ce"
              },
              "type": "If"
            },
            "Condition_use": {
              "actions": {
                "Send_an_email_(V2)_use": {
                  "runAfter": {
                    "Get_a_row_item": [
                      "Succeeded"
                    ]
                  },
                  "metadata": {
                    "operationMetadataId": "ef146514-cf0e-4346-a540-d2c4f2ce7e97"
                  },
                  "type": "OpenApiConnection",
                  "inputs": {
                    "host": {
                      "connectionName": "shared_outlook_1",
                      "operationId": "SendEmailV2",
                      "apiId": "/providers/Microsoft.PowerApps/apis/shared_outlook"
                    },
                    "parameters": {
                      "emailMessage/To": "@triggerOutputs()?['body/From']",
                      "emailMessage/Subject": "@if(not(equals(outputs('Get_a_row_current_Sq')?['body/Use'],'')),\n\tif(equals(outputs('Get_a_row_item')?['body/Action'],'travelling'),\n\t\tif(equals(outputs('Extract_Query')[1],outputs('Get_a_row_current_Sq')?['body/Use']),\n\t\t\tconcat(\n\t\t\t\t'canyonEscape?'\n\t\t\t,\n\t\t\t\toutputs('Extract_Query')[0]\n\t\t\t,  \n\t\t\t\t'&'\n\t\t\t,\n\t\t\t\t'empty'\n\t\t\t,\n\t\t\t\t'&'\n\t\t\t,\n\t\t\t\toutputs('Extract_Query')[2]\n\t\t\t,\n\t\t\t\t'&'\n\t\t\t,\n\t\t\t\toutputs('Get_a_row_item')?['body/Action']\n        ,\n            '&'\n        ,\n            triggerOutputs()?['body/Id']\n\t\t\t)\t\n\t\t,\n\t\t\tconcat(\n\t\t\t\t'canyonEscape?'\t\t\t\n\t\t\t,\n\t\t\t\toutputs('Extract_Query')[0]\n\t\t\t,\n\t\t\t\t'&'\n\t\t\t,\n\t\t\t\toutputs('Extract_Query')[1]\n\t\t\t,\n\t\t\t\t'&'\n\t\t\t,\n\t\t\t\t'empty'\n\t\t\t,\n\t\t\t\t'&'\n\t\t\t,\n\t\t\t\toutputs('Get_a_row_item')?['body/Action']\n                    ,\n            '&'\n        ,\n            triggerOutputs()?['body/Id']\n\t\t\t)\n\t\t)\n\t,\n\t\tconcat(\n\t\t\t'canyonEscape?'\t\t\t\n\t\t,\n\t\t\toutputs('Extract_Query')[0]\n\t\t,\n\t\t\t'&'\n\t\t,\n\t\t\toutputs('Extract_Query')[1]\n\t\t,\n\t\t\t'&'\n\t\t,\n\t\t\toutputs('Extract_Query')[2]\n\t\t,\n\t\t\t'&'\n\t\t,\n\t\t\toutputs('Get_a_row_item')?['body/Action']\n        ,\n\t\t\t'&'\n\t\t,\n\t\t\ttriggerOutputs()?['body/Id']\n\t\t)\n\t)\n,\n    replace(triggerOutputs()?['body/Subject'],'RE:','')\n)",
                      "emailMessage/Body": "<p>@{if(not(equals(outputs('Get_a_row_current_Sq')?['body/Use'],'')),\r\n\tif(equals(outputs('Extract_Query')[1],outputs('Get_a_row_current_Sq')?['body/Use']),\r\n\t\tconcat(\r\n\t\t\t'You used the '\r\n\t\t\t,\r\n\t\t\t\toutputs('Get_a_row_current_Sq')?['body/Use']\r\n\t\t\t,\r\n\t\t\t\t' from your right hand, '\r\n\t\t\t,\r\n\t\t\toutputs('Get_a_row_item')?['body/Give']  \r\n\t\t)    \r\n\t,\r\n\t\tconcat(  \r\n\t\t\t'You used the '\r\n\t\t,\r\n\t\t\toutputs('Get_a_row_current_Sq')?['body/Use']\r\n\t\t,\r\n\t\t\t' from your left hand, '\r\n\t\t,\r\n\t\t\toutputs('Get_a_row_item')?['body/Give']\r\n\t\t)\r\n\t)\r\n,\r\n\t'Unable to use that here'\r\n)}<br>\n-----------------------------</p>\n<p>@{outputs('Get_a_row_current_Sq')?['body/Text']}</p>",
                      "emailMessage/Importance": "Normal"
                    },
                    "authentication": "@parameters('$authentication')"
                  }
                },
                "Terminate_use": {
                  "runAfter": {
                    "Send_an_email_(V2)_use": [
                      "Succeeded"
                    ]
                  },
                  "metadata": {
                    "operationMetadataId": "8a70e976-f47a-4261-ab84-d01429954cee"
                  },
                  "type": "Terminate",
                  "inputs": {
                    "runStatus": "Succeeded"
                  }
                },
                "Get_a_row_item": {
                  "runAfter": {},
                  "metadata": {
                    "622AB777AFFC158A!104": "/Map.xlsx",
                    "operationMetadataId": "76f76299-3f0a-4bbb-8853-3f9253155496"
                  },
                  "type": "OpenApiConnection",
                  "inputs": {
                    "host": {
                      "connectionName": "shared_excelonline_1",
                      "operationId": "GetItem",
                      "apiId": "/providers/Microsoft.PowerApps/apis/shared_excelonline"
                    },
                    "parameters": {
                      "file": "622AB777AFFC158A!104",
                      "table": "{89F5C752-2F57-4ECA-AC50-B7894545DCF8}",
                      "idColumn": "Item",
                      "id": "@outputs('Get_a_row_current_Sq')?['body/Use']"
                    },
                    "authentication": "@parameters('$authentication')"
                  }
                }
              },
              "runAfter": {
                "Condition_pickup": [
                  "Succeeded"
                ]
              },
              "expression": {
                "and": [
                  {
                    "equals": [
                      "@variables('sOption')",
                      "Use"
                    ]
                  },
                  {
                    "contains": [
                      "@triggerOutputs()?['body/Body']",
                      "@outputs('Get_a_row_current_Sq')?['body/Use']"
                    ]
                  },
                  {
                    "not": {
                      "equals": [
                        "@outputs('Get_a_row_current_Sq')?['body/Use']",
                        ""
                      ]
                    }
                  }
                ]
              },
              "metadata": {
                "operationMetadataId": "eaa63150-7483-4ae3-87c9-db5d690557ce"
              },
              "type": "If"
            },
            "Condition_blocked_path": {
              "actions": {
                "Terminate_not_move": {
                  "runAfter": {
                    "Send_an_email_(V2)_not_move_path": [
                      "Succeeded"
                    ]
                  },
                  "metadata": {
                    "operationMetadataId": "d329b732-e58c-49aa-b54a-8f8729c64b10"
                  },
                  "type": "Terminate",
                  "inputs": {
                    "runStatus": "Succeeded"
                  }
                },
                "Send_an_email_(V2)_not_move_path": {
                  "runAfter": {},
                  "metadata": {
                    "operationMetadataId": "ef146514-cf0e-4346-a540-d2c4f2ce7e97"
                  },
                  "type": "OpenApiConnection",
                  "inputs": {
                    "host": {
                      "connectionName": "shared_outlook_1",
                      "operationId": "SendEmailV2",
                      "apiId": "/providers/Microsoft.PowerApps/apis/shared_outlook"
                    },
                    "parameters": {
                      "emailMessage/To": "@triggerOutputs()?['body/From']",
                      "emailMessage/Subject": "@if(contains(outputs('Get_a_row_current_Sq')?['body']?[variables('sOption')],'Game Over'),\n    'canyonEscape'\n,\n    concat(\n        'canyonEscape?'\n    ,    \n        outputs('Extract_Query')[0]\n    ,\n        '&'\n    ,\n        outputs('Extract_Query')[1]\n    ,\n        '&'\n    ,\n        outputs('Extract_Query')[2]\n    ,\n        '&'\n    ,\n        outputs('Extract_Query')[3]\n    ,\n        '&'\n    ,\n        triggerOutputs()?['body/Id']\n    )\n)",
                      "emailMessage/Body": "<p>@{outputs('Get_a_row_current_Sq')?['body']?[variables('sOption')]}</p>\n<br>\n-----------------------------\n<p>@{outputs('Get_a_row_current_Sq')?['body/Text']}\n</p>",
                      "emailMessage/Importance": "Normal"
                    },
                    "authentication": "@parameters('$authentication')"
                  }
                }
              },
              "runAfter": {
                "Condition_drop": [
                  "Succeeded"
                ]
              },
              "expression": {
                "equals": [
                  "@isInt(outputs('Get_a_row_current_Sq')?['body']?[variables('sOption')])",
                  "@false"
                ]
              },
              "metadata": {
                "operationMetadataId": "fd974813-2cb9-4b72-a114-19189cc2ec6e"
              },
              "type": "If"
            },
            "Get_a_row_next_Sq": {
              "runAfter": {
                "Condition_blocked_path": [
                  "Succeeded"
                ]
              },
              "metadata": {
                "622AB777AFFC158A!104": "/Map.xlsx",
                "operationMetadataId": "76f76299-3f0a-4bbb-8853-3f9253155496"
              },
              "type": "OpenApiConnection",
              "inputs": {
                "host": {
                  "connectionName": "shared_excelonline_1",
                  "operationId": "GetItem",
                  "apiId": "/providers/Microsoft.PowerApps/apis/shared_excelonline"
                },
                "parameters": {
                  "file": "622AB777AFFC158A!104",
                  "table": "{EA4440A3-B5A6-4099-806A-5F1A60B4319E}",
                  "idColumn": "ID",
                  "id": "@int(outputs('Get_a_row_current_Sq')?['body']?[variables('sOption')])"
                },
                "authentication": "@parameters('$authentication')"
              }
            },
            "Condition_have_needed_item": {
              "actions": {
                "Send_an_email_(V2)_move": {
                  "runAfter": {},
                  "metadata": {
                    "operationMetadataId": "ef146514-cf0e-4346-a540-d2c4f2ce7e97"
                  },
                  "type": "OpenApiConnection",
                  "inputs": {
                    "host": {
                      "connectionName": "shared_outlook_1",
                      "operationId": "SendEmailV2",
                      "apiId": "/providers/Microsoft.PowerApps/apis/shared_outlook"
                    },
                    "parameters": {
                      "emailMessage/To": "@triggerOutputs()?['body/From']",
                      "emailMessage/Subject": "canyonEscape?@{outputs('Get_a_row_next_Sq')?['body/ID']}&@{outputs('Extract_Query')[1]}&@{outputs('Extract_Query')[2]}&@{outputs('Get_a_row_next_Sq')?['body/Need']}&@{triggerOutputs()?['body/Id']}",
                      "emailMessage/Body": "@outputs('Get_a_row_next_Sq')?['body/Text']",
                      "emailMessage/Importance": "Normal"
                    },
                    "authentication": "@parameters('$authentication')"
                  }
                }
              },
              "runAfter": {
                "Get_a_row_next_Sq": [
                  "Succeeded"
                ]
              },
              "else": {
                "actions": {
                  "Send_an_email_(V2)_not_move": {
                    "runAfter": {},
                    "metadata": {
                      "operationMetadataId": "ef146514-cf0e-4346-a540-d2c4f2ce7e97"
                    },
                    "type": "OpenApiConnection",
                    "inputs": {
                      "host": {
                        "connectionName": "shared_outlook_1",
                        "operationId": "SendEmailV2",
                        "apiId": "/providers/Microsoft.PowerApps/apis/shared_outlook"
                      },
                      "parameters": {
                        "emailMessage/To": "@triggerOutputs()?['body/From']",
                        "emailMessage/Subject": "canyonEscape?@{outputs('Extract_Query')[0]}&@{outputs('Extract_Query')[1]}&@{outputs('Extract_Query')[2]}&@{outputs('Extract_Query')[3]}&@{triggerOutputs()?['body/Id']}",
                        "emailMessage/Body": "<p>@{if(equals(outputs('Extract_Query')[3],'survive'),\r\n    'You are fighting for your life so cant escape that way'\r\n,\r\n    'Looks like you are missing an item or need to drop something to go this way'\r\n)}</p>\n<br>\n-----------------------------\n<p>@{outputs('Get_a_row_current_Sq')?['body/Text']}\n</p>",
                        "emailMessage/Importance": "Normal"
                      },
                      "authentication": "@parameters('$authentication')"
                    }
                  }
                }
              },
              "expression": {
                "or": [
                  {
                    "equals": [
                      "@outputs('Extract_Query')[3]",
                      "@outputs('Get_a_row_next_Sq')?['body/Need']"
                    ]
                  },
                  {
                    "equals": [
                      "@outputs('Get_a_row_next_Sq')?['body/Need']",
                      "challenge"
                    ]
                  },
                  {
                    "equals": [
                      "@outputs('Get_a_row_next_Sq')?['body/Need']",
                      "survive"
                    ]
                  },
                  {
                    "and": [
                      {
                        "equals": [
                          "@outputs('Get_a_row_current_Sq')?['body/Need']",
                          "challenge"
                        ]
                      },
                      {
                        "not": {
                          "equals": [
                            "@outputs('Get_a_row_next_Sq')?['body/Need']",
                            "unlocked"
                          ]
                        }
                      }
                    ]
                  },
                  {
                    "and": [
                      {
                        "equals": [
                          "@outputs('Get_a_row_next_Sq')?['body/Need']",
                          "travelling"
                        ]
                      },
                      {
                        "equals": [
                          "@outputs('Extract_Query')[3]",
                          "lighting"
                        ]
                      }
                    ]
                  }
                ]
              },
              "metadata": {
                "operationMetadataId": "039c289a-acf7-44c6-940a-666afa104e75"
              },
              "type": "If"
            },
            "Condition_missing_item": {
              "actions": {
                "Send_an_email_(V2)_not_move_item": {
                  "runAfter": {},
                  "metadata": {
                    "operationMetadataId": "ef146514-cf0e-4346-a540-d2c4f2ce7e97"
                  },
                  "type": "OpenApiConnection",
                  "inputs": {
                    "host": {
                      "connectionName": "shared_outlook_1",
                      "operationId": "SendEmailV2",
                      "apiId": "/providers/Microsoft.PowerApps/apis/shared_outlook"
                    },
                    "parameters": {
                      "emailMessage/To": "@triggerOutputs()?['body/From']",
                      "emailMessage/Subject": "canyonEscape?@{outputs('Extract_Query')[0]}&@{outputs('Extract_Query')[1]}&@{outputs('Extract_Query')[2]}&@{outputs('Extract_Query')[3]}&@{triggerOutputs()?['body/Id']}",
                      "emailMessage/Body": "<p>Looks like you dont have that item or it cant be used here</p>\n<br>\n-----------------------------\n<p>@{outputs('Get_a_row_current_Sq')?['body/Text']}\n</p>",
                      "emailMessage/Importance": "Normal"
                    },
                    "authentication": "@parameters('$authentication')"
                  }
                },
                "Terminate_no_move_item": {
                  "runAfter": {
                    "Send_an_email_(V2)_not_move_item": [
                      "Succeeded"
                    ]
                  },
                  "metadata": {
                    "operationMetadataId": "c425ddd4-69ab-497e-9245-ac3c41eaad27"
                  },
                  "type": "Terminate",
                  "inputs": {
                    "runStatus": "Succeeded"
                  }
                }
              },
              "runAfter": {
                "Condition_use": [
                  "Succeeded"
                ]
              },
              "expression": {
                "and": [
                  {
                    "equals": [
                      "@variables('sOption')",
                      "Use"
                    ]
                  },
                  {
                    "or": [
                      {
                        "not": {
                          "contains": [
                            "@triggerOutputs()?['body/Body']",
                            "@outputs('Get_a_row_current_Sq')?['body/Use']"
                          ]
                        }
                      },
                      {
                        "equals": [
                          "@outputs('Get_a_row_current_Sq')?['body/Use']",
                          ""
                        ]
                      }
                    ]
                  }
                ]
              },
              "metadata": {
                "operationMetadataId": "2db5ac5d-a4b1-4848-8111-b9676fd6b9ee"
              },
              "type": "If"
            },
            "Condition_speak": {
              "actions": {
                "Terminate_speak": {
                  "runAfter": {
                    "Send_an_email_(V2)_speak": [
                      "Succeeded"
                    ]
                  },
                  "metadata": {
                    "operationMetadataId": "d329b732-e58c-49aa-b54a-8f8729c64b10"
                  },
                  "type": "Terminate",
                  "inputs": {
                    "runStatus": "Succeeded"
                  }
                },
                "Send_an_email_(V2)_speak": {
                  "runAfter": {},
                  "metadata": {
                    "operationMetadataId": "ef146514-cf0e-4346-a540-d2c4f2ce7e97"
                  },
                  "type": "OpenApiConnection",
                  "inputs": {
                    "host": {
                      "connectionName": "shared_outlook_1",
                      "operationId": "SendEmailV2",
                      "apiId": "/providers/Microsoft.PowerApps/apis/shared_outlook"
                    },
                    "parameters": {
                      "emailMessage/To": "@triggerOutputs()?['body/From']",
                      "emailMessage/Subject": "canyonEscape?@{outputs('Extract_Query')[0]}&@{outputs('Extract_Query')[1]}&@{outputs('Extract_Query')[2]}&@{outputs('Extract_Query')[3]}&@{triggerOutputs()?['body/Id']}",
                      "emailMessage/Body": "<p>@{outputs('Get_a_row_current_Sq')?['body/Person']}</p>\n-----------------------------\n<p>@{outputs('Get_a_row_current_Sq')?['body/Text']}\n</p>",
                      "emailMessage/Importance": "Normal"
                    },
                    "authentication": "@parameters('$authentication')"
                  }
                }
              },
              "runAfter": {
                "Condition_missing_item": [
                  "Succeeded"
                ]
              },
              "expression": {
                "and": [
                  {
                    "equals": [
                      "@variables('sOption')",
                      "Person"
                    ]
                  },
                  {
                    "not": {
                      "equals": [
                        "@outputs('Get_a_row_current_Sq')?['body/Person']",
                        ""
                      ]
                    }
                  }
                ]
              },
              "metadata": {
                "operationMetadataId": "fd974813-2cb9-4b72-a114-19189cc2ec6e"
              },
              "type": "If"
            },
            "Condition_no_speak": {
              "actions": {
                "Terminate_no_speak": {
                  "runAfter": {
                    "Send_an_email_(V2)_no_one_to_speak_to": [
                      "Succeeded"
                    ]
                  },
                  "metadata": {
                    "operationMetadataId": "d329b732-e58c-49aa-b54a-8f8729c64b10"
                  },
                  "type": "Terminate",
                  "inputs": {
                    "runStatus": "Succeeded"
                  }
                },
                "Send_an_email_(V2)_no_one_to_speak_to": {
                  "runAfter": {},
                  "metadata": {
                    "operationMetadataId": "ef146514-cf0e-4346-a540-d2c4f2ce7e97"
                  },
                  "type": "OpenApiConnection",
                  "inputs": {
                    "host": {
                      "connectionName": "shared_outlook_1",
                      "operationId": "SendEmailV2",
                      "apiId": "/providers/Microsoft.PowerApps/apis/shared_outlook"
                    },
                    "parameters": {
                      "emailMessage/To": "@triggerOutputs()?['body/From']",
                      "emailMessage/Subject": "canyonEscape?@{outputs('Extract_Query')[0]}&@{outputs('Extract_Query')[1]}&@{outputs('Extract_Query')[2]}&@{outputs('Extract_Query')[3]}&@{triggerOutputs()?['body/Id']}",
                      "emailMessage/Body": "<p>There is no one to speak to</p>\n<br>\n-----------------------------\n<p>@{outputs('Get_a_row_current_Sq')?['body/Text']}\n</p>",
                      "emailMessage/Importance": "Normal"
                    },
                    "authentication": "@parameters('$authentication')"
                  }
                }
              },
              "runAfter": {
                "Condition_speak": [
                  "Succeeded"
                ]
              },
              "expression": {
                "and": [
                  {
                    "equals": [
                      "@variables('sOption')",
                      "Person"
                    ]
                  },
                  {
                    "equals": [
                      "@outputs('Get_a_row_current_Sq')?['body/Person']",
                      ""
                    ]
                  }
                ]
              },
              "metadata": {
                "operationMetadataId": "fd974813-2cb9-4b72-a114-19189cc2ec6e"
              },
              "type": "If"
            },
            "Condition_Challenge_Correct": {
              "actions": {
                "Send_an_email_(V2)_challenge_correct": {
                  "runAfter": {},
                  "metadata": {
                    "operationMetadataId": "ef146514-cf0e-4346-a540-d2c4f2ce7e97"
                  },
                  "type": "OpenApiConnection",
                  "inputs": {
                    "host": {
                      "connectionName": "shared_outlook_1",
                      "operationId": "SendEmailV2",
                      "apiId": "/providers/Microsoft.PowerApps/apis/shared_outlook"
                    },
                    "parameters": {
                      "emailMessage/To": "@triggerOutputs()?['body/From']",
                      "emailMessage/Subject": "canyonEscape?@{outputs('Extract_Query')[0]}&@{outputs('Extract_Query')[1]}&@{outputs('Extract_Query')[2]}&travelling&@{triggerOutputs()?['body/Id']}",
                      "emailMessage/Body": "<p>@{outputs('Get_a_row_current_Sq')?['body/Puzzle']}</p>\n-----------------------------\n<p>@{outputs('Get_a_row_current_Sq')?['body/Text']}\n</p>",
                      "emailMessage/Importance": "Normal"
                    },
                    "authentication": "@parameters('$authentication')",
                    "retryPolicy": {
                      "type": "fixed",
                      "count": 5,
                      "interval": "PT30S"
                    }
                  }
                },
                "Terminate_correct": {
                  "runAfter": {
                    "Send_an_email_(V2)_challenge_correct": [
                      "Succeeded"
                    ]
                  },
                  "metadata": {
                    "operationMetadataId": "1ba2b132-63a1-4333-9f85-2939f90daaed"
                  },
                  "type": "Terminate",
                  "inputs": {
                    "runStatus": "Succeeded"
                  }
                }
              },
              "runAfter": {
                "Condition_no_speak": [
                  "Succeeded"
                ]
              },
              "expression": {
                "and": [
                  {
                    "equals": [
                      "@variables('sOption')",
                      "Answer"
                    ]
                  },
                  {
                    "equals": [
                      "@outputs('Extract_Query')[3]",
                      "challenge"
                    ]
                  },
                  {
                    "contains": [
                      "@toLower(body('Html_to_text'))",
                      "@concat(' ',outputs('Get_a_row_current_Sq')?['body/Answer'])"
                    ]
                  }
                ]
              },
              "metadata": {
                "operationMetadataId": "38f55cf8-2ed8-453b-8beb-e534eac53776"
              },
              "type": "If"
            },
            "Condition_Challenge_Incorrect": {
              "actions": {
                "Send_an_email_(V2)_challenge_incorrect": {
                  "runAfter": {},
                  "metadata": {
                    "operationMetadataId": "ef146514-cf0e-4346-a540-d2c4f2ce7e97"
                  },
                  "type": "OpenApiConnection",
                  "inputs": {
                    "host": {
                      "connectionName": "shared_outlook_1",
                      "operationId": "SendEmailV2",
                      "apiId": "/providers/Microsoft.PowerApps/apis/shared_outlook"
                    },
                    "parameters": {
                      "emailMessage/To": "@triggerOutputs()?['body/From']",
                      "emailMessage/Subject": "canyonEscape?@{outputs('Extract_Query')[0]}&@{outputs('Extract_Query')[1]}&@{outputs('Extract_Query')[2]}&travelling&@{triggerOutputs()?['body/Id']}",
                      "emailMessage/Body": "<p>@{outputs('Get_a_row_current_Sq')?['body/Incorrect']}</p>\n-----------------------------\n<p>@{outputs('Get_a_row_current_Sq')?['body/Text']}\n</p>",
                      "emailMessage/Importance": "Normal"
                    },
                    "authentication": "@parameters('$authentication')"
                  }
                },
                "Terminate_incorrect": {
                  "runAfter": {
                    "Send_an_email_(V2)_challenge_incorrect": [
                      "Succeeded"
                    ]
                  },
                  "metadata": {
                    "operationMetadataId": "45d127b1-4ef8-49bf-8b4d-238644563e9d"
                  },
                  "type": "Terminate",
                  "inputs": {
                    "runStatus": "Succeeded"
                  }
                }
              },
              "runAfter": {
                "Condition_Challenge_Correct": [
                  "Succeeded"
                ]
              },
              "expression": {
                "and": [
                  {
                    "equals": [
                      "@variables('sOption')",
                      "Answer"
                    ]
                  },
                  {
                    "equals": [
                      "@outputs('Extract_Query')[3]",
                      "challenge"
                    ]
                  },
                  {
                    "not": {
                      "contains": [
                        "@toLower(body('Html_to_text'))",
                        "@concat(' ', outputs('Get_a_row_current_Sq')?['body/Answer'])"
                      ]
                    }
                  }
                ]
              },
              "metadata": {
                "operationMetadataId": "b9509cd6-f9eb-416d-9b3b-d4a0f4e27685"
              },
              "type": "If"
            },
            "Condition_not_valid": {
              "actions": {
                "Send_an_email_(V2)_error": {
                  "runAfter": {},
                  "metadata": {
                    "operationMetadataId": "ef146514-cf0e-4346-a540-d2c4f2ce7e97"
                  },
                  "type": "OpenApiConnection",
                  "inputs": {
                    "host": {
                      "connectionName": "shared_outlook_1",
                      "operationId": "SendEmailV2",
                      "apiId": "/providers/Microsoft.PowerApps/apis/shared_outlook"
                    },
                    "parameters": {
                      "emailMessage/To": "@triggerOutputs()?['body/From']",
                      "emailMessage/Subject": "canyonEscape?@{outputs('Extract_Query')[0]}&@{outputs('Extract_Query')[1]}&@{outputs('Extract_Query')[2]}&@{outputs('Extract_Query')[3]}&@{triggerOutputs()?['body/Id']}",
                      "emailMessage/Body": "<p>Sorry I dont understand your request (my fault) or you are using wrong request at wrong time (your fault).<br>Remember:\n</p>\n<br>\n<h3>Instructions</h3>\n<b>Commands</b>\n<p>head north/east/south/west</p>\n<p>speak to elder/tribesman</p>\n<p>pick up knife/rope</p>\n<p>use knife/rope</p>\n<p>drop knife/rope</p>\n<p>answer 4/shark</p>\n<br>\n<b>Commands</b>\n<p> You have your right and left hand to hold things, if you pickup and both hands are full you will automatically drop what is in your left hand</p>\n<br>\n<b>FYI</b> \n<p>Don't edit the subject or add additional text that is not needed</p>\n<br>\n-----------------------------\n<p>@{outputs('Get_a_row_current_Sq')?['body/Text']}\n</p>\n<br>\n@{body('Html_to_text')}",
                      "emailMessage/Importance": "Normal"
                    },
                    "authentication": "@parameters('$authentication')"
                  }
                },
                "Terminate_not_valid": {
                  "runAfter": {
                    "Send_an_email_(V2)_error": [
                      "Succeeded"
                    ]
                  },
                  "metadata": {
                    "operationMetadataId": "0a2489c0-e920-4c44-839d-0eacfb44d3a1"
                  },
                  "type": "Terminate",
                  "inputs": {
                    "runStatus": "Succeeded"
                  }
                }
              },
              "runAfter": {
                "Html_to_text": [
                  "Succeeded"
                ]
              },
              "expression": {
                "or": [
                  {
                    "equals": [
                      "@variables('sOption')",
                      ""
                    ]
                  },
                  {
                    "and": [
                      {
                        "equals": [
                          "@outputs('Extract_Query')[3]",
                          "travelling"
                        ]
                      },
                      {
                        "equals": [
                          "@variables('sOption')",
                          "Answer"
                        ]
                      }
                    ]
                  },
                  {
                    "and": [
                      {
                        "equals": [
                          "@outputs('Extract_Query')[3]",
                          "paddling"
                        ]
                      },
                      {
                        "equals": [
                          "@variables('sOption')",
                          "Answer"
                        ]
                      }
                    ]
                  }
                ]
              },
              "metadata": {
                "operationMetadataId": "37b8b659-2bd3-43d5-b2f8-3ccfe2365d53"
              },
              "type": "If"
            },
            "Get_a_row_current_Sq": {
              "runAfter": {
                "Do_until": [
                  "Succeeded"
                ]
              },
              "metadata": {
                "622AB777AFFC158A!104": "/Map.xlsx",
                "operationMetadataId": "76f76299-3f0a-4bbb-8853-3f9253155496"
              },
              "type": "OpenApiConnection",
              "inputs": {
                "host": {
                  "connectionName": "shared_excelonline_1",
                  "operationId": "GetItem",
                  "apiId": "/providers/Microsoft.PowerApps/apis/shared_excelonline"
                },
                "parameters": {
                  "file": "622AB777AFFC158A!104",
                  "table": "{EA4440A3-B5A6-4099-806A-5F1A60B4319E}",
                  "idColumn": "ID",
                  "id": "@outputs('Extract_Query')[0]"
                },
                "authentication": "@parameters('$authentication')"
              }
            },
            "Condition_drop": {
              "actions": {
                "Send_an_email_(V2)_drop": {
                  "runAfter": {},
                  "metadata": {
                    "operationMetadataId": "ef146514-cf0e-4346-a540-d2c4f2ce7e97"
                  },
                  "type": "OpenApiConnection",
                  "inputs": {
                    "host": {
                      "connectionName": "shared_outlook_1",
                      "operationId": "SendEmailV2",
                      "apiId": "/providers/Microsoft.PowerApps/apis/shared_outlook"
                    },
                    "parameters": {
                      "emailMessage/To": "@triggerOutputs()?['body/From']",
                      "emailMessage/Subject": "@if(equals(outputs('Extract_Query')[1],outputs('get_drop_item')),\n\tconcat(\n\t\t'canyonEscape?'\n\t,\n\t\toutputs('Extract_Query')[0]\n\t,  \n\t\t'&'\n\t,\n\t\t'empty'\n\t,\n\t\t'&'\n\t,\n\t\toutputs('Extract_Query')[2]\n\t,\n\t\t'&travelling&'\n\t,\n        triggerOutputs()?['body/Id']\n\t)\t\n,\n\tconcat(\n\t\t'canyonEscape?'\t\t\t\n\t,\n\t\toutputs('Extract_Query')[0]\n\t,\n\t\t'&'\n\t,\n\t\toutputs('Extract_Query')[1]\n\t,\n\t\t'&'\n\t,\n\t\t'empty&travelling&'\n\t,\n\t\ttriggerOutputs()?['body/Id']\n\t)\n)\n",
                      "emailMessage/Body": "<p>@{if(equals(outputs('Extract_Query')[1],outputs('get_drop_item')),\n\tconcat(\n\t\t'You dropped the '\n\t,\n\t\toutputs('get_drop_item')\n\t,\n\t\t' from your right hand'\n\t)\t\n,\n\tconcat(\n\t\t'You deopped the '\n\t,\n\t\toutputs('get_drop_item')\n\t,\n\t\t' from your left hand'\n\t)\t\n)}</p>\n<br>\n-----------------------------\n<p>@{outputs('Get_a_row_current_Sq')?['body/Text']}\n</p>",
                      "emailMessage/Importance": "Normal"
                    },
                    "authentication": "@parameters('$authentication')"
                  }
                },
                "Terminate_drop": {
                  "runAfter": {
                    "Send_an_email_(V2)_drop": [
                      "Succeeded"
                    ]
                  },
                  "metadata": {
                    "operationMetadataId": "8a70e976-f47a-4261-ab84-d01429954cee"
                  },
                  "type": "Terminate",
                  "inputs": {
                    "runStatus": "Succeeded"
                  }
                }
              },
              "runAfter": {
                "get_drop_item": [
                  "Succeeded"
                ]
              },
              "expression": {
                "and": [
                  {
                    "equals": [
                      "@variables('sOption')",
                      "Drop"
                    ]
                  },
                  {
                    "contains": [
                      "@body('Html_to_text')",
                      "@outputs('get_drop_item')"
                    ]
                  }
                ]
              },
              "metadata": {
                "operationMetadataId": "eaa63150-7483-4ae3-87c9-db5d690557ce"
              },
              "type": "If"
            },
            "get_drop_item": {
              "runAfter": {
                "Condition_die": [
                  "Succeeded"
                ]
              },
              "metadata": {
                "operationMetadataId": "5918566b-33c7-4437-95a1-46f85aa3378e"
              },
              "type": "Compose",
              "inputs": "@trim(\r\n\tif(equals(variables('sOption'),'Drop'),\r\n\t\tsplit(\r\n\t\t\tsplit(\r\n\t\t\t\tsplit(\r\n\t\t\t\t\treplace(toLower(body('Html_to_text')),'-',' ')\r\n\t\t\t\t,\r\n\t\t\t\t\t'drop '\r\n\t\t\t\t)[1]\r\n\t\t\t,\r\n\t\t\t\t' '\r\n\t\t\t)[0]\r\n\t\t,\r\n\t\t\toutputs('NewLine')\r\n\t\t)[0]\r\n\t,\r\n\t\t''\r\n\t)\r\n)"
            },
            "Condition_survive": {
              "actions": {
                "Send_an_email_(V2)_survive_correct": {
                  "runAfter": {},
                  "metadata": {
                    "operationMetadataId": "ef146514-cf0e-4346-a540-d2c4f2ce7e97"
                  },
                  "type": "OpenApiConnection",
                  "inputs": {
                    "host": {
                      "connectionName": "shared_outlook_1",
                      "operationId": "SendEmailV2",
                      "apiId": "/providers/Microsoft.PowerApps/apis/shared_outlook"
                    },
                    "parameters": {
                      "emailMessage/To": "@triggerOutputs()?['body/From']",
                      "emailMessage/Subject": "canyonEscape?@{outputs('Extract_Query')[0]}&@{outputs('Extract_Query')[1]}&@{outputs('Extract_Query')[2]}&travelling&@{triggerOutputs()?['body/Id']}",
                      "emailMessage/Body": "<p>That is the correct answer, well done you live to fight another day</p>\n-----------------------------\n<p>@{outputs('Get_a_row_current_Sq')?['body/Text']}\n</p>",
                      "emailMessage/Importance": "Normal"
                    },
                    "authentication": "@parameters('$authentication')"
                  }
                },
                "Terminate_correct_2": {
                  "runAfter": {
                    "Send_an_email_(V2)_survive_correct": [
                      "Succeeded"
                    ]
                  },
                  "metadata": {
                    "operationMetadataId": "1ba2b132-63a1-4333-9f85-2939f90daaed"
                  },
                  "type": "Terminate",
                  "inputs": {
                    "runStatus": "Succeeded"
                  }
                }
              },
              "runAfter": {
                "Condition_Challenge_Incorrect": [
                  "Succeeded"
                ]
              },
              "expression": {
                "and": [
                  {
                    "equals": [
                      "@variables('sOption')",
                      "Answer"
                    ]
                  },
                  {
                    "equals": [
                      "@outputs('Extract_Query')[3]",
                      "survive"
                    ]
                  },
                  {
                    "contains": [
                      "@toLower(body('Html_to_text'))",
                      "@concat(' ', outputs('Get_a_row_current_Sq')?['body/Answer'])"
                    ]
                  }
                ]
              },
              "metadata": {
                "operationMetadataId": "38f55cf8-2ed8-453b-8beb-e534eac53776"
              },
              "type": "If"
            },
            "Condition_die": {
              "actions": {
                "Send_an_email_(V2)_die": {
                  "runAfter": {},
                  "metadata": {
                    "operationMetadataId": "ef146514-cf0e-4346-a540-d2c4f2ce7e97"
                  },
                  "type": "OpenApiConnection",
                  "inputs": {
                    "host": {
                      "connectionName": "shared_outlook_1",
                      "operationId": "SendEmailV2",
                      "apiId": "/providers/Microsoft.PowerApps/apis/shared_outlook"
                    },
                    "parameters": {
                      "emailMessage/To": "@triggerOutputs()?['body/From']",
                      "emailMessage/Subject": "canyonEscape",
                      "emailMessage/Body": "<p>Unfortunatly this time you were not successful, you gave it your best shot, you should be proud of yourself</p>",
                      "emailMessage/Importance": "Normal"
                    },
                    "authentication": "@parameters('$authentication')"
                  }
                },
                "Terminate_die": {
                  "runAfter": {
                    "Send_an_email_(V2)_die": [
                      "Succeeded"
                    ]
                  },
                  "metadata": {
                    "operationMetadataId": "1ba2b132-63a1-4333-9f85-2939f90daaed"
                  },
                  "type": "Terminate",
                  "inputs": {
                    "runStatus": "Succeeded"
                  }
                }
              },
              "runAfter": {
                "Condition_survive": [
                  "Succeeded"
                ]
              },
              "expression": {
                "and": [
                  {
                    "equals": [
                      "@variables('sOption')",
                      "Answer"
                    ]
                  },
                  {
                    "equals": [
                      "@outputs('Extract_Query')[3]",
                      "survive"
                    ]
                  },
                  {
                    "not": {
                      "contains": [
                        "@toLower(body('Html_to_text'))",
                        "@concat(' ', outputs('Get_a_row_current_Sq')?['body/Answer'])"
                      ]
                    }
                  }
                ]
              },
              "metadata": {
                "operationMetadataId": "38f55cf8-2ed8-453b-8beb-e534eac53776"
              },
              "type": "If"
            },
            "Html_to_text": {
              "runAfter": {
                "Get_a_row_current_Sq": [
                  "Succeeded"
                ]
              },
              "metadata": {
                "operationMetadataId": "73d8f42f-5420-4d7e-9a0d-762333fb914d"
              },
              "type": "OpenApiConnection",
              "inputs": {
                "host": {
                  "connectionName": "shared_conversionservice_1",
                  "operationId": "HtmlToText",
                  "apiId": "/providers/Microsoft.PowerApps/apis/shared_conversionservice"
                },
                "parameters": {
                  "Content": "<p>@{triggerOutputs()?['body/Body']}</p>"
                },
                "authentication": "@parameters('$authentication')"
              }
            }
          },
          "runAfter": {
            "Condition_Cheat": [
              "Succeeded"
            ]
          },
          "metadata": {
            "operationMetadataId": "5f4d0797-5b05-43fd-81fc-06793da427c5"
          },
          "type": "Scope"
        },
        "Condition_Cheat": {
          "actions": {
            "Delete_email": {
              "runAfter": {},
              "metadata": {
                "operationMetadataId": "d5e40a1a-28b4-414a-92d4-98caf1e37488"
              },
              "type": "OpenApiConnection",
              "inputs": {
                "host": {
                  "connectionName": "shared_outlook_1",
                  "operationId": "DeleteEmail",
                  "apiId": "/providers/Microsoft.PowerApps/apis/shared_outlook"
                },
                "parameters": {
                  "messageId": "@outputs('Extract_Query')[4]"
                },
                "authentication": "@parameters('$authentication')"
              }
            },
            "Exit_game": {
              "actions": {
                "Terminate_Cheat": {
                  "runAfter": {
                    "Send_an_email_(V2)_move_already_moved": [
                      "Succeeded"
                    ]
                  },
                  "metadata": {
                    "operationMetadataId": "b98c2189-851b-477e-989e-a38843e72ed1"
                  },
                  "type": "Terminate",
                  "inputs": {
                    "runStatus": "Cancelled"
                  }
                },
                "Send_an_email_(V2)_move_already_moved": {
                  "runAfter": {},
                  "metadata": {
                    "operationMetadataId": "e363a826-d82c-4cd1-be66-4dddf49fd6a3"
                  },
                  "type": "OpenApiConnection",
                  "inputs": {
                    "host": {
                      "connectionName": "shared_outlook_1",
                      "operationId": "SendEmailV2",
                      "apiId": "/providers/Microsoft.PowerApps/apis/shared_outlook"
                    },
                    "parameters": {
                      "emailMessage/To": "@triggerOutputs()?['body/From']",
                      "emailMessage/Subject": "canyonEscape",
                      "emailMessage/Body": "<p>Nice try but I thought of that, you cant make a move twice!</p>",
                      "emailMessage/Importance": "Normal"
                    },
                    "authentication": "@parameters('$authentication')"
                  }
                }
              },
              "runAfter": {
                "Delete_email": [
                  "Failed"
                ]
              },
              "metadata": {
                "operationMetadataId": "63bcf45e-fb25-48c3-ada0-18758e2257d6"
              },
              "type": "Scope"
            }
          },
          "runAfter": {
            "Extract_Query": [
              "Succeeded"
            ]
          },
          "expression": {
            "not": {
              "contains": [
                "@triggerOutputs()?['body/Body']",
                "CHEATCODE"
              ]
            }
          },
          "metadata": {
            "operationMetadataId": "acf0937c-3086-45dc-9e1f-a823c610f815"
          },
          "type": "If"
        },
        "NewLine": {
          "runAfter": {
            "aOptions": [
              "Succeeded"
            ]
          },
          "metadata": {
            "operationMetadataId": "873ce6f5-b219-4ebd-93b0-f7e26924ed67"
          },
          "type": "Compose",
          "inputs": "\n"
        }
      }
    },
    "templateName": ""
  },
  "schemaVersion": "1.0.0.0"
}