<ImportExportXml version="9.2.24083.202" SolutionPackageVersion="9.2" languagecode="1033" generatedBy="CrmLive" xmlns:xsi="http://www.w3.org/2001/XMLSchema-instance" OrganizationVersion="9.2.24083.202" OrganizationSchemaType="Standard" OrganizationType="Default" TenantId="6b6c3ede-aa0d-4268-a46f-96b7621b13a8" CRMServerServiceabilityVersion="9.2.24083.00202">
  <SolutionManifest>
    <UniqueName>FlowBuilder</UniqueName>
    <LocalizedNames>
      <LocalizedName description="Flow Builder" languagecode="1033" />
    </LocalizedNames>
    <Descriptions />
    <Version>1.0.0.2</Version>
    <Managed>0</Managed>
    <Publisher>
      <UniqueName>WyattDave</UniqueName>
      <LocalizedNames>
        <LocalizedName description="WyattDave" languagecode="1033" />
      </LocalizedNames>
      <Descriptions />
      <EMailAddress>info@powerdevbox.com</EMailAddress>
      <SupportingWebsiteUrl>powerdevbox.com</SupportingWebsiteUrl>
      <CustomizationPrefix>wd</CustomizationPrefix>
      <CustomizationOptionValuePrefix>12765</CustomizationOptionValuePrefix>
      <Addresses>
        <Address>
          <AddressNumber>1</AddressNumber>
          <AddressTypeCode>1</AddressTypeCode>
          <City xsi:nil="true"></City>
          <County xsi:nil="true"></County>
          <Country xsi:nil="true"></Country>
          <Fax xsi:nil="true"></Fax>
          <FreightTermsCode xsi:nil="true"></FreightTermsCode>
          <ImportSequenceNumber xsi:nil="true"></ImportSequenceNumber>
          <Latitude xsi:nil="true"></Latitude>
          <Line1 xsi:nil="true"></Line1>
          <Line2 xsi:nil="true"></Line2>
          <Line3 xsi:nil="true"></Line3>
          <Longitude xsi:nil="true"></Longitude>
          <Name xsi:nil="true"></Name>
          <PostalCode xsi:nil="true"></PostalCode>
          <PostOfficeBox xsi:nil="true"></PostOfficeBox>
          <PrimaryContactName xsi:nil="true"></PrimaryContactName>
          <ShippingMethodCode>1</ShippingMethodCode>
          <StateOrProvince xsi:nil="true"></StateOrProvince>
          <Telephone1 xsi:nil="true"></Telephone1>
          <Telephone2 xsi:nil="true"></Telephone2>
          <Telephone3 xsi:nil="true"></Telephone3>
          <TimeZoneRuleVersionNumber xsi:nil="true"></TimeZoneRuleVersionNumber>
          <UPSZone xsi:nil="true"></UPSZone>
          <UTCOffset xsi:nil="true"></UTCOffset>
          <UTCConversionTimeZoneCode xsi:nil="true"></UTCConversionTimeZoneCode>
        </Address>
        <Address>
          <AddressNumber>2</AddressNumber>
          <AddressTypeCode>1</AddressTypeCode>
          <City xsi:nil="true"></City>
          <County xsi:nil="true"></County>
          <Country xsi:nil="true"></Country>
          <Fax xsi:nil="true"></Fax>
          <FreightTermsCode xsi:nil="true"></FreightTermsCode>
          <ImportSequenceNumber xsi:nil="true"></ImportSequenceNumber>
          <Latitude xsi:nil="true"></Latitude>
          <Line1 xsi:nil="true"></Line1>
          <Line2 xsi:nil="true"></Line2>
          <Line3 xsi:nil="true"></Line3>
          <Longitude xsi:nil="true"></Longitude>
          <Name xsi:nil="true"></Name>
          <PostalCode xsi:nil="true"></PostalCode>
          <PostOfficeBox xsi:nil="true"></PostOfficeBox>
          <PrimaryContactName xsi:nil="true"></PrimaryContactName>
          <ShippingMethodCode>1</ShippingMethodCode>
          <StateOrProvince xsi:nil="true"></StateOrProvince>
          <Telephone1 xsi:nil="true"></Telephone1>
          <Telephone2 xsi:nil="true"></Telephone2>
          <Telephone3 xsi:nil="true"></Telephone3>
          <TimeZoneRuleVersionNumber xsi:nil="true"></TimeZoneRuleVersionNumber>
          <UPSZone xsi:nil="true"></UPSZone>
          <UTCOffset xsi:nil="true"></UTCOffset>
          <UTCConversionTimeZoneCode xsi:nil="true"></UTCConversionTimeZoneCode>
        </Address>
      </Addresses>
    </Publisher>
    <RootComponents>
      <RootComponent type="1" schemaName="wd_flowtemplates" behavior="0" />
      <RootComponent type="29" id="{d22c0468-4a77-ef11-a670-7c1e520c644a}" behavior="0" />
      <RootComponent type="29" id="{e6cfacdb-9177-ef11-a670-6045bd09cc55}" behavior="0" />
      <RootComponent type="61" schemaName="wd_PowerAutomate_scalable" behavior="0" />
      <RootComponent type="62" schemaName="wd_CreateTemplate" behavior="0" />
      <RootComponent type="80" schemaName="wd_CreateTemplate" behavior="0" />
      <RootComponent type="300" schemaName="wd_flowbuilder_0a72a" behavior="0" />
    </RootComponents>
    <MissingDependencies>
      <MissingDependency>
        <Required type="1" schemaName="connectionreference" displayName="Connection Reference" solution="PowerPlatformConnectionReferences (1.3.5.0)">
          <package>PowerPlatformConnectionReferencesAnchor (1.12.0.0)</package>
        </Required>
        <Dependent type="29" displayName="Flow Builder - Get Connections" id="{d22c0468-4a77-ef11-a670-7c1e520c644a}" />
      </MissingDependency>
      <MissingDependency>
        <Required type="connectionreference" displayName="wd_system" solution="Active" id.connectionreferencelogicalname="wd_system" />
        <Dependent type="29" displayName="Flow Builder- Save Flow" id="{e6cfacdb-9177-ef11-a670-6045bd09cc55}" />
      </MissingDependency>
      <MissingDependency>
        <Required type="SettingDefinition" displayName="AppChannel" solution="msdyn_AppFrameworkInfraExtensions (1.0.0.12)" id.uniquename="AppChannel" />
        <Dependent type="AppSetting" displayName="parentappmoduleid.uniquename=wd_CreateTemplate,settingdefinitionid.uniquename=AppChannel" id.parentappmoduleid.uniquename="wd_CreateTemplate" id.settingdefinitionid.uniquename="AppChannel" />
      </MissingDependency>
    </MissingDependencies>
  </SolutionManifest>
</ImportExportXml>