{
  "properties": {
    "connectionReferences": {
      "shared_commondataserviceforapps_1": {
        "runtimeSource": "embedded",
        "connection": {
          "connectionReferenceLogicalName": "wd_DataverseExceptions"
        },
        "api": {
          "name": "shared_commondataserviceforapps"
        }
      },
      "shared_office365_1": {
        "runtimeSource": "invoker",
        "connection": {
          "connectionReferenceLogicalName": "wd_OutlookExceptions"
        },
        "api": {
          "name": "shared_office365"
        }
      },
      "shared_sharepointonline_1": {
        "runtimeSource": "invoker",
        "connection": {
          "connectionReferenceLogicalName": "wd_SharePointExceptions"
        },
        "api": {
          "name": "shared_sharepointonline"
        }
      }
    },
    "definition": {
      "$schema": "https://schema.management.azure.com/providers/Microsoft.Logic/schemas/2016-06-01/workflowdefinition.json#",
      "contentVersion": "1.0.0.0",
      "parameters": {
        "$connections": {
          "defaultValue": {},
          "type": "Object"
        },
        "$authentication": {
          "defaultValue": {},
          "type": "SecureObject"
        }
      },
      "triggers": {
        "manual": {
          "metadata": {
            "operationMetadataId": "964f9210-349d-4326-b745-e39f5be59410"
          },
          "type": "Request",
          "kind": "Button",
          "inputs": {
            "schema": {
              "type": "object",
              "properties": {
                "text": {
                  "title": "EnvironmentUrl",
                  "type": "string",
                  "x-ms-dynamically-added": true,
                  "description": "Please enter your input",
                  "x-ms-content-hint": "TEXT"
                },
                "text_1": {
                  "title": "EnvironmentId",
                  "type": "string",
                  "x-ms-dynamically-added": true,
                  "description": "Please enter your input",
                  "x-ms-content-hint": "TEXT"
                },
                "number": {
                  "title": "Minutes",
                  "type": "number",
                  "x-ms-dynamically-added": true,
                  "description": "Please enter a number",
                  "x-ms-content-hint": "NUMBER"
                }
              },
              "required": [
                "text",
                "text_1",
                "number"
              ]
            }
          }
        }
      },
      "actions": {
        "List_rows_from_selected_environment": {
          "runAfter": {
            "Perform_an_unbound_action": [
              "Succeeded"
            ]
          },
          "metadata": {
            "operationMetadataId": "95ccb96c-6a3b-4a63-af25-5b0962eae542"
          },
          "type": "OpenApiConnection",
          "inputs": {
            "host": {
              "connectionName": "shared_commondataserviceforapps_1",
              "operationId": "ListRecordsWithOrganization",
              "apiId": "/providers/Microsoft.PowerApps/apis/shared_commondataserviceforapps"
            },
            "parameters": {
              "organization": "@triggerBody()['text']",
              "entityName": "flowruns",
              "$select": "workflowid,status,errormessage,flowrunid,errorcode,endtime",
              "$filter": "status eq 'Failed' and createdon gt @{addMinutes(utcNow(),mul(triggerBody()['number'],-1))}@{replace(outputs('Perform_an_unbound_action')?['body/query'],'\"','')}",
              "$orderby": "createdon desc"
            },
            "authentication": {
              "type": "Raw",
              "value": "@json(decodeBase64(triggerOutputs().headers['X-MS-APIM-Tokens']))['$ConnectionKey']"
            }
          }
        },
        "Apply_to_each": {
          "foreach": "@outputs('List_rows_from_selected_environment')?['body/value']",
          "actions": {
            "Condition": {
              "actions": {
                "Condition_Send_Email": {
                  "actions": {
                    "Send_an_email_(V2)": {
                      "runAfter": {},
                      "metadata": {
                        "operationMetadataId": "36f4384b-ac3c-4fbc-9599-b73a5af5f957"
                      },
                      "type": "OpenApiConnection",
                      "inputs": {
                        "host": {
                          "connectionName": "shared_office365_1",
                          "operationId": "SendEmailV2",
                          "apiId": "/providers/Microsoft.PowerApps/apis/shared_office365"
                        },
                        "parameters": {
                          "emailMessage/To": "@outputs('List_rows_from_selected_environment_solution_components')?['body/value'][0]?['solutionid/publisherid/emailaddress']",
                          "emailMessage/Subject": "Flow Run Fail: @{outputs('Get_a_row_by_ID_from_selected_environment')?['body/name']}",
                          "emailMessage/Body": "<p>Run Log:<br>\n@{concat(\r\n'https://make.powerautomate.com/manage/environments/',\r\n triggerBody()['text_1'],\r\n  '/flows/',\r\n   outputs('Get_a_row_by_ID_from_selected_environment')?['body/workflowid'], \r\n   '/runs/',\r\n    items('Apply_to_each')?['name']\r\n    )}<br>\n<br>\nReason:<br>\n@{items('Apply_to_each')?['errormessage']}</p>",
                          "emailMessage/Importance": "Normal"
                        },
                        "authentication": {
                          "type": "Raw",
                          "value": "@json(decodeBase64(triggerOutputs().headers['X-MS-APIM-Tokens']))['$ConnectionKey']"
                        }
                      }
                    }
                  },
                  "runAfter": {
                    "Get_a_row_by_ID_from_selected_environment": [
                      "Succeeded"
                    ]
                  },
                  "expression": {
                    "and": [
                      {
                        "not": {
                          "equals": [
                            "@outputs('List_rows_from_selected_environment_solution_components')?['body/value'][0]?['solutionid/publisherid/emailaddress']",
                            ""
                          ]
                        }
                      },
                      {
                        "not": {
                          "equals": [
                            "@outputs('List_rows_from_selected_environment_solution_components')?['body/value'][0]?['solutionid/publisherid/emailaddress']",
                            "@null"
                          ]
                        }
                      }
                    ]
                  },
                  "metadata": {
                    "operationMetadataId": "5eed3ccd-6642-440d-9701-8d69b4ce9b10"
                  },
                  "type": "If"
                },
                "Condition_Update_SharePoint": {
                  "actions": {
                    "Create_item": {
                      "runAfter": {},
                      "metadata": {
                        "operationMetadataId": "245f08d5-fdaf-414a-a9a5-72cd44f64fd8"
                      },
                      "type": "OpenApiConnection",
                      "inputs": {
                        "host": {
                          "connectionName": "shared_sharepointonline_1",
                          "operationId": "PostItem",
                          "apiId": "/providers/Microsoft.PowerApps/apis/shared_sharepointonline"
                        },
                        "parameters": {
                          "dataset": "@outputs('List_rows_from_selected_environment_solution_components')?['body/value'][0]?['solutionid/publisherid/address1_line1']",
                          "table": "@outputs('List_rows_from_selected_environment_solution_components')?['body/value'][0]?['solutionid/publisherid/address1_line2']",
                          "item": {
                            "Title": "@{items('Apply_to_each')?['flowrunid']}",
                            "Flow": "@{outputs('Get_a_row_by_ID_from_selected_environment')?['body/name']}",
                            "Solution": "@{outputs('List_rows_from_selected_environment_solution_components')?['body/value'][0]?['solutionid/friendlyname']}",
                            "Publisher": "@{outputs('List_rows_from_selected_environment_solution_components')?['body/value'][0]?['solutionid/publisherid/friendlyname']}",
                            "RunUrl": "@{concat('https://make.powerautomate.com/manage/environments/', triggerBody()['text_1'], '/flows/', outputs('Get_a_row_by_ID_from_selected_environment')?['body/workflowid'], '/runs/', items('Apply_to_each')?['name'])}",
                            "Error": "@{items('Apply_to_each')?['errormessage']}"
                          }
                        },
                        "authentication": {
                          "type": "Raw",
                          "value": "@json(decodeBase64(triggerOutputs().headers['X-MS-APIM-Tokens']))['$ConnectionKey']"
                        }
                      }
                    }
                  },
                  "runAfter": {
                    "Condition_Send_Email": [
                      "Succeeded"
                    ]
                  },
                  "expression": {
                    "and": [
                      {
                        "not": {
                          "equals": [
                            "@outputs('List_rows_from_selected_environment_solution_components')?['body/value'][0]?['solutionid/publisherid/address1_line1']",
                            ""
                          ]
                        }
                      },
                      {
                        "not": {
                          "equals": [
                            "@outputs('List_rows_from_selected_environment_solution_components')?['body/value'][0]?['solutionid/publisherid/address1_line1']",
                            "@null"
                          ]
                        }
                      }
                    ]
                  },
                  "metadata": {
                    "operationMetadataId": "8df37a25-cee1-4b82-a9a1-4c5905ef577e"
                  },
                  "type": "If"
                },
                "Add_a_new_row": {
                  "runAfter": {
                    "Condition_Update_API": [
                      "Succeeded"
                    ]
                  },
                  "metadata": {
                    "operationMetadataId": "80fcc32c-465b-4535-9d73-e018d4f6e9b3"
                  },
                  "type": "OpenApiConnection",
                  "inputs": {
                    "host": {
                      "connectionName": "shared_commondataserviceforapps_1",
                      "operationId": "CreateRecord",
                      "apiId": "/providers/Microsoft.PowerApps/apis/shared_commondataserviceforapps"
                    },
                    "parameters": {
                      "entityName": "wd_exceptionses",
                      "item/wd_flow": "@outputs('Get_a_row_by_ID_from_selected_environment')?['body/name']",
                      "item/wd_error": "@items('Apply_to_each')?['errormessage']",
                      "item/wd_flowid": "@items('Apply_to_each')?['workflowid']",
                      "item/wd_publisher": "@outputs('List_rows_from_selected_environment_solution_components')?['body/value'][0]?['solutionid/publisherid/friendlyname']",
                      "item/wd_runid": "@items('Apply_to_each')?['flowrunid']",
                      "item/wd_runlink": "@concat(\n'https://make.powerautomate.com/manage/environments/',\n triggerBody()['text_1'],\n  '/flows/',\n   outputs('Get_a_row_by_ID_from_selected_environment')?['body/workflowid'], \n   '/runs/',\n    items('Apply_to_each')?['name']\n    )",
                      "item/wd_solution": "@outputs('List_rows_from_selected_environment_solution_components')?['body/value'][0]?['solutionid/friendlyname']"
                    },
                    "authentication": {
                      "type": "Raw",
                      "value": "@json(decodeBase64(triggerOutputs().headers['X-MS-APIM-Tokens']))['$ConnectionKey']"
                    }
                  }
                },
                "Append_to_string_variable_sFlow": {
                  "runAfter": {
                    "Add_a_new_row": [
                      "Succeeded"
                    ]
                  },
                  "metadata": {
                    "operationMetadataId": "5bfc10df-ea03-4793-9e22-011f0b287f7c"
                  },
                  "type": "AppendToStringVariable",
                  "inputs": {
                    "name": "sFlows",
                    "value": "@{items('Apply_to_each')?['workflowid']},"
                  }
                },
                "List_rows_from_selected_environment_solution_components": {
                  "runAfter": {},
                  "metadata": {
                    "operationMetadataId": "49196468-6391-4dfa-ac5b-65156bb8ae0a"
                  },
                  "type": "OpenApiConnection",
                  "inputs": {
                    "host": {
                      "connectionName": "shared_commondataserviceforapps_1",
                      "operationId": "ListRecordsWithOrganization",
                      "apiId": "/providers/Microsoft.PowerApps/apis/shared_commondataserviceforapps"
                    },
                    "parameters": {
                      "organization": "current",
                      "entityName": "solutioncomponents",
                      "$select": "solutionid,objectid",
                      "$filter": "objectid eq '@{items('Apply_to_each')?['workflowid']}'  and solutionid/friendlyname ne 'Common Data Services Default Solution' and  solutionid/friendlyname ne 'Default Solution'",
                      "$top": 1,
                      "$expand": "solutionid($expand=publisherid($select=friendlyname,publisherid,address1_line1,address1_line2,emailaddress))"
                    },
                    "authentication": {
                      "type": "Raw",
                      "value": "@json(decodeBase64(triggerOutputs().headers['X-MS-APIM-Tokens']))['$ConnectionKey']"
                    }
                  },
                  "description": " and solutionid/publisherid/friendlyname ne 'CDS Default Publisher'"
                },
                "Get_a_row_by_ID_from_selected_environment": {
                  "runAfter": {
                    "List_rows_from_selected_environment_solution_components": [
                      "Succeeded"
                    ]
                  },
                  "metadata": {
                    "operationMetadataId": "b6f29ee5-ad5e-4630-b667-17b08817d171"
                  },
                  "type": "OpenApiConnection",
                  "inputs": {
                    "host": {
                      "connectionName": "shared_commondataserviceforapps_1",
                      "operationId": "GetItemWithOrganization",
                      "apiId": "/providers/Microsoft.PowerApps/apis/shared_commondataserviceforapps"
                    },
                    "parameters": {
                      "organization": "@triggerBody()['text']",
                      "entityName": "workflows",
                      "recordId": "@items('Apply_to_each')?['workflowid']"
                    },
                    "authentication": {
                      "type": "Raw",
                      "value": "@json(decodeBase64(triggerOutputs().headers['X-MS-APIM-Tokens']))['$ConnectionKey']"
                    }
                  }
                },
                "Condition_Update_API": {
                  "actions": {
                    "HTTP": {
                      "runAfter": {},
                      "metadata": {
                        "operationMetadataId": "f405b75d-01e8-4c08-bdd1-28bad9e50afb"
                      },
                      "type": "Http",
                      "inputs": {
                        "method": "POST",
                        "uri": "@{outputs('List_rows_from_selected_environment_solution_components')?['body/value'][0]?['solutionid/publisherid/supportingwebsiteurl']}",
                        "body": {
                          "FlowRunId": "@{items('Apply_to_each')?['flowrunid']}",
                          "Flow": "@{outputs('Get_a_row_by_ID_from_selected_environment')?['body/name']}",
                          "Solution": "@{outputs('List_rows_from_selected_environment_solution_components')?['body/value'][0]?['solutionid/friendlyname']}",
                          "Publisher": "@{outputs('List_rows_from_selected_environment_solution_components')?['body/value'][0]?['solutionid/publisherid/friendlyname']}",
                          "RunUrl": "@{concat('https://make.powerautomate.com/manage/environments/', triggerBody()['text_1'], '/flows/', outputs('Get_a_row_by_ID_from_selected_environment')?['body/workflowid'], '/runs/', items('Apply_to_each')?['name'])}",
                          "Error": "@{items('Apply_to_each')?['errormessage']}"
                        }
                      }
                    }
                  },
                  "runAfter": {
                    "Condition_Update_SharePoint": [
                      "Succeeded"
                    ]
                  },
                  "expression": {
                    "and": [
                      {
                        "not": {
                          "equals": [
                            "@outputs('List_rows_from_selected_environment_solution_components')?['body/value'][0]?['solutionid/publisherid/supportingwebsiteurl']",
                            ""
                          ]
                        }
                      },
                      {
                        "not": {
                          "equals": [
                            "@outputs('List_rows_from_selected_environment_solution_components')?['body/value'][0]?['solutionid/publisherid/supportingwebsiteurl']",
                            "@null"
                          ]
                        }
                      }
                    ]
                  },
                  "metadata": {
                    "operationMetadataId": "8df37a25-cee1-4b82-a9a1-4c5905ef577e"
                  },
                  "type": "If"
                }
              },
              "runAfter": {},
              "expression": {
                "not": {
                  "contains": [
                    "@variables('sFlows')",
                    "@items('Apply_to_each')?['workflowid']"
                  ]
                }
              },
              "metadata": {
                "operationMetadataId": "c1aadff7-9e5b-4581-9cad-1962d09beb0f"
              },
              "type": "If"
            }
          },
          "runAfter": {
            "List_rows_from_selected_environment": [
              "Succeeded"
            ]
          },
          "metadata": {
            "operationMetadataId": "69bbbfa4-1a19-41d9-8d85-23fc923f11a1"
          },
          "type": "Foreach"
        },
        "List_rows": {
          "runAfter": {
            "sFlows": [
              "Succeeded"
            ]
          },
          "metadata": {
            "operationMetadataId": "62620794-5576-4df9-ad8d-b8a646416089"
          },
          "type": "OpenApiConnection",
          "inputs": {
            "host": {
              "connectionName": "shared_commondataserviceforapps_1",
              "operationId": "ListRecords",
              "apiId": "/providers/Microsoft.PowerApps/apis/shared_commondataserviceforapps"
            },
            "parameters": {
              "entityName": "wd_exceptionses",
              "$select": "wd_flowid",
              "$filter": "createdon gt '@{startOfDay(utcNow())}'"
            },
            "authentication": {
              "type": "Raw",
              "value": "@json(decodeBase64(triggerOutputs().headers['X-MS-APIM-Tokens']))['$ConnectionKey']"
            }
          }
        },
        "Select_Flow_Name": {
          "runAfter": {
            "List_rows": [
              "Succeeded"
            ]
          },
          "metadata": {
            "operationMetadataId": "7a878c0a-f31d-4aca-8eaa-41df9ed57a9e"
          },
          "type": "Select",
          "inputs": {
            "from": "@outputs('List_rows')?['body/value']",
            "select": "@item()?['wd_flowid']"
          }
        },
        "Perform_an_unbound_action": {
          "runAfter": {
            "Select_Flow_Name": [
              "Succeeded"
            ]
          },
          "metadata": {
            "operationMetadataId": "894205de-8d69-446e-b217-fc7a946c6595"
          },
          "type": "OpenApiConnection",
          "inputs": {
            "host": {
              "connectionName": "shared_commondataserviceforapps_1",
              "operationId": "PerformUnboundAction",
              "apiId": "/providers/Microsoft.PowerApps/apis/shared_commondataserviceforapps"
            },
            "parameters": {
              "actionName": "new_ODataQuery",
              "item/flowIds": "@substring(\r\n    string(union(body('Select_Flow_Name'),body('Select_Flow_Name')))\r\n,\r\n    1\r\n,\r\n   sub(length( string(union(body('Select_Flow_Name'),body('Select_Flow_Name')))),2)\r\n)"
            },
            "authentication": {
              "type": "Raw",
              "value": "@json(decodeBase64(triggerOutputs().headers['X-MS-APIM-Tokens']))['$ConnectionKey']"
            }
          },
          "description": "substring(     string(union(body('Select_Flow_Name'),body('Select_Flow_Name'))) ,     1 ,    sub(length( string(union(body('Select_Flow_Name'),body('Select_Flow_Name')))),2))"
        },
        "sFlows": {
          "runAfter": {
            "Respond_to_a_Power_App_or_flow": [
              "Succeeded"
            ]
          },
          "metadata": {
            "operationMetadataId": "32c95e0d-3b8a-482a-bb95-0e04178fd128"
          },
          "type": "InitializeVariable",
          "inputs": {
            "variables": [
              {
                "name": "sFlows",
                "type": "string"
              }
            ]
          }
        },
        "Respond_to_a_Power_App_or_flow": {
          "runAfter": {},
          "metadata": {
            "operationMetadataId": "b01739a1-7cff-4c17-9c61-26bf626ed0e8"
          },
          "type": "Response",
          "kind": "PowerApp",
          "inputs": {
            "statusCode": 200,
            "body": {},
            "schema": {
              "type": "object",
              "properties": {}
            }
          }
        }
      }
    },
    "templateName": ""
  },
  "schemaVersion": "1.0.0.0"
}