{
  "properties": {
    "connectionReferences": {
      "shared_powerplatformadminv2": {
        "runtimeSource": "embedded",
        "connection": {
          "connectionReferenceLogicalName": "wd_sharedpowerplatformadminv2_d361d"
        },
        "api": {
          "name": "shared_powerplatformadminv2"
        }
      }
    },
    "definition": {
      "$schema": "https://schema.management.azure.com/providers/Microsoft.Logic/schemas/2016-06-01/workflowdefinition.json#",
      "contentVersion": "1.0.0.0",
      "parameters": {
        "$connections": {
          "defaultValue": {},
          "type": "Object"
        },
        "$authentication": {
          "defaultValue": {},
          "type": "SecureObject"
        }
      },
      "triggers": {
        "Recurrence": {
          "recurrence": {
            "frequency": "Minute",
            "interval": 15,
            "startTime": "2025-06-08T09:00:00Z"
          },
          "metadata": {
            "operationMetadataId": "e1723b85-a24b-45a9-b7c7-6ba30da463ef"
          },
          "type": "Recurrence"
        }
      },
      "actions": {
        "Retrieves_a_list_of_environments": {
          "runAfter": {},
          "metadata": {
            "operationMetadataId": "e6a1be48-f7c5-4dcb-8011-6eaec3aa1972"
          },
          "type": "OpenApiConnection",
          "inputs": {
            "host": {
              "connectionName": "shared_powerplatformadminv2",
              "operationId": "ListEnvironmentsForUser",
              "apiId": "/providers/Microsoft.PowerApps/apis/shared_powerplatformadminv2"
            },
            "parameters": {
              "api-version": "2022-03-01-preview"
            },
            "authentication": "@parameters('$authentication')"
          }
        },
        "Apply_to_each": {
          "foreach": "@outputs('Retrieves_a_list_of_environments')?['body/value']",
          "actions": {
            "Run_a_Child_Flow": {
              "runAfter": {},
              "metadata": {
                "operationMetadataId": "717b603d-a851-44b8-8c23-69c22ca256e3"
              },
              "type": "Workflow",
              "inputs": {
                "host": {
                  "workflowReferenceName": "6e2ba8d8-d942-f011-b4cb-6045bd05b173"
                },
                "body": {
                  "text": "@items('Apply_to_each')?['url']",
                  "text_1": "@items('Apply_to_each')?['id']",
                  "number": 15
                }
              }
            }
          },
          "runAfter": {
            "Retrieves_a_list_of_environments": [
              "Succeeded"
            ]
          },
          "metadata": {
            "operationMetadataId": "ce9837e4-30ba-4667-a628-44474f4e9ddc"
          },
          "type": "Foreach"
        }
      }
    },
    "templateName": null
  },
  "schemaVersion": "1.0.0.0"
}