{
  "properties": {
    "connectionReferences": {
      "shared_commondataserviceforapps_1": {
        "runtimeSource": "embedded",
        "connection": {
          "connectionReferenceLogicalName": "wd_Dataverse-FlowBuilder"
        },
        "api": {
          "name": "shared_commondataserviceforapps"
        }
      }
    },
    "definition": {
      "$schema": "https://schema.management.azure.com/providers/Microsoft.Logic/schemas/2016-06-01/workflowdefinition.json#",
      "contentVersion": "1.0.0.0",
      "parameters": {
        "$connections": {
          "defaultValue": {},
          "type": "Object"
        },
        "$authentication": {
          "defaultValue": {},
          "type": "SecureObject"
        }
      },
      "triggers": {
        "manual": {
          "metadata": {
            "operationMetadataId": "1b4168d6-a8e7-420c-9c52-4ce052f1ec45"
          },
          "type": "Request",
          "kind": "PowerAppV2",
          "inputs": {
            "schema": {
              "type": "object",
              "properties": {
                "text": {
                  "title": "CreatedBy",
                  "type": "string",
                  "x-ms-dynamically-added": true,
                  "description": "Please enter your input",
                  "x-ms-content-hint": "TEXT"
                },
                "text_1": {
                  "title": "Connection",
                  "type": "string",
                  "x-ms-dynamically-added": true,
                  "description": "Please enter your input",
                  "x-ms-content-hint": "TEXT"
                }
              },
              "required": [
                "text",
                "text_1"
              ]
            }
          }
        }
      },
      "actions": {
        "Response": {
          "runAfter": {
            "Main": [
              "Succeeded"
            ]
          },
          "metadata": {
            "operationMetadataId": "aa0e01ae-c35c-4a89-acfb-c459da86508a"
          },
          "type": "Response",
          "kind": "Http",
          "inputs": {
            "statusCode": 200,
            "body": "@body('Select')",
            "schema": {
              "type": "array",
              "items": {
                "type": "object",
                "properties": {
                  "Json": {
                    "type": "string"
                  },
                  "Type": {
                    "type": "string"
                  },
                  "Name": {
                    "type": "string"
                  }
                },
                "required": [
                  "Json",
                  "Type",
                  "Name"
                ]
              }
            }
          }
        },
        "Main": {
          "actions": {
            "List_rows_users": {
              "runAfter": {},
              "metadata": {
                "operationMetadataId": "7184e785-dcb8-4696-90cd-ccd5674a4224"
              },
              "type": "OpenApiConnection",
              "inputs": {
                "host": {
                  "connectionName": "shared_commondataserviceforapps_1",
                  "operationId": "ListRecords",
                  "apiId": "/providers/Microsoft.PowerApps/apis/shared_commondataserviceforapps"
                },
                "parameters": {
                  "entityName": "systemusers",
                  "$filter": "internalemailaddress eq '@{triggerBody()['text']}' or domainname eq '@{triggerBody()['text']}'",
                  "$top": 1
                },
                "authentication": "@parameters('$authentication')"
              }
            },
            "List_rows": {
              "runAfter": {
                "List_rows_users": [
                  "Succeeded"
                ]
              },
              "metadata": {
                "operationMetadataId": "7184e785-dcb8-4696-90cd-ccd5674a4224"
              },
              "type": "OpenApiConnection",
              "inputs": {
                "host": {
                  "connectionName": "shared_commondataserviceforapps_1",
                  "operationId": "ListRecords",
                  "apiId": "/providers/Microsoft.PowerApps/apis/shared_commondataserviceforapps"
                },
                "parameters": {
                  "entityName": "connectionreferences",
                  "$select": "connectorid, _createdby_value,connectionreferencedisplayname,connectionreferencelogicalname,connectionid,connectionreferenceid",
                  "$filter": "_createdby_value eq '@{outputs('List_rows_users')?['body/value'][0]?['systemuserid']}'",
                  "$expand": "createdby($select=internalemailaddress;$filter=internalemailaddress eq 'david_wyatt@tjxeurope.com')"
                },
                "authentication": "@parameters('$authentication')"
              }
            },
            "Select": {
              "runAfter": {
                "List_rows": [
                  "Succeeded"
                ]
              },
              "metadata": {
                "operationMetadataId": "a412b47f-3715-4226-8ba0-ed183e4199e9"
              },
              "type": "Select",
              "inputs": {
                "from": "@outputs('List_rows')?['body/value']",
                "select": {
                  "Json": "    \"@{replace(item()?['connectorid'],'/providers/Microsoft.PowerApps/apis/','')}\": {\n      \"connectionName\": \"@{item()?['connectionreferenceid']}\",\n      \"connectionReferenceLogicalName\": \"@{item()?['connectionreferencelogicalname']}\",\n      \"source\": \"Invoker\",\n      \"id\": \"@{item()?['connectorid']}\",\n      \"displayName\": \"@{item()?['connectionreferencedisplayname']}\",\n      \"tier\": \"NotSpecified\"\n    }",
                  "Type": "@replace(item()?['connectorid'],'/providers/Microsoft.PowerApps/apis/','')",
                  "Name": "@item()?['connectionreferencedisplayname']"
                }
              }
            }
          },
          "runAfter": {},
          "metadata": {
            "operationMetadataId": "eb3c5099-aa00-466f-a87a-e1f931a40209"
          },
          "type": "Scope"
        },
        "Response_Exception": {
          "runAfter": {
            "Main": [
              "Failed"
            ]
          },
          "metadata": {
            "operationMetadataId": "aa0e01ae-c35c-4a89-acfb-c459da86508a"
          },
          "type": "Response",
          "kind": "Http",
          "inputs": {
            "statusCode": 500,
            "schema": {
              "type": "array",
              "items": {
                "type": "object",
                "properties": {
                  "Json": {
                    "type": "string"
                  },
                  "Type": {
                    "type": "string"
                  },
                  "Name": {
                    "type": "string"
                  }
                },
                "required": [
                  "Json",
                  "Type",
                  "Name"
                ]
              }
            }
          }
        }
      }
    },
    "templateName": ""
  },
  "schemaVersion": "1.0.0.0"
}