{
  "properties": {
    "connectionReferences": {
      "shared_webcontents_1": {
        "runtimeSource": "invoker",
        "connection": {
          "connectionReferenceLogicalName": "new_sharedwebcontents_a8651"
        },
        "api": {
          "name": "shared_webcontents"
        }
      },
      "shared_powerappsforadmins_1": {
        "runtimeSource": "invoker",
        "connection": {
          "connectionReferenceLogicalName": "wd_AppAdminSPN"
        },
        "api": {
          "name": "shared_powerappsforadmins"
        }
      },
      "shared_office365": {
        "runtimeSource": "invoker",
        "connection": {
          "connectionReferenceLogicalName": "wd_OutlookSPN"
        },
        "api": {
          "name": "shared_office365"
        }
      }
    },
    "definition": {
      "$schema": "https://schema.management.azure.com/providers/Microsoft.Logic/schemas/2016-06-01/workflowdefinition.json#",
      "contentVersion": "1.0.0.0",
      "parameters": {
        "$connections": {
          "defaultValue": {},
          "type": "Object"
        },
        "$authentication": {
          "defaultValue": {},
          "type": "SecureObject"
        }
      },
      "triggers": {
        "manual": {
          "metadata": {
            "operationMetadataId": "8fff96fe-ebc4-4714-af84-c8e911d59dbb"
          },
          "type": "Request",
          "kind": "Button",
          "inputs": {
            "schema": {
              "type": "object",
              "properties": {
                "text": {
                  "title": "spn",
                  "type": "string",
                  "x-ms-dynamically-added": true,
                  "description": "Please enter your input",
                  "x-ms-content-hint": "TEXT"
                },
                "text_1": {
                  "title": "connectionType",
                  "type": "string",
                  "x-ms-dynamically-added": true,
                  "description": "Please enter your input",
                  "x-ms-content-hint": "TEXT"
                },
                "text_2": {
                  "title": "environment",
                  "type": "string",
                  "x-ms-dynamically-added": true,
                  "description": "Please enter your input",
                  "x-ms-content-hint": "TEXT"
                },
                "text_3": {
                  "title": "secret",
                  "type": "string",
                  "x-ms-dynamically-added": true,
                  "description": "Please enter your input",
                  "x-ms-content-hint": "TEXT"
                }
              },
              "required": [
                "text",
                "text_1",
                "text_2",
                "text_3"
              ]
            }
          },
          "runtimeConfiguration": {
            "secureData": {
              "properties": [
                "inputs",
                "outputs"
              ]
            }
          }
        }
      },
      "actions": {
        "Main": {
          "actions": {
            "Filter_array_to_spn": {
              "runAfter": {
                "Get_Connections_as_Admin": [
                  "Succeeded"
                ]
              },
              "metadata": {
                "operationMetadataId": "0417bd5f-05b6-483f-8239-49a62506465f"
              },
              "type": "Query",
              "inputs": {
                "from": "@outputs('Get_Connections_as_Admin')?['body/value']",
                "where": "@and(contains(item()?['properties']?['apiId'], triggerBody()['text_1']),contains(item()?['properties']?['displayName'], triggerBody()['text']))"
              }
            },
            "Apply_to_each": {
              "foreach": "@body('Filter_array_to_spn')",
              "actions": {
                "Invoke_an_HTTP_request_Update_Secret": {
                  "runAfter": {},
                  "metadata": {
                    "operationMetadataId": "75acd8fb-b30d-4dff-aa41-edcb8c1b5a60"
                  },
                  "type": "OpenApiConnection",
                  "inputs": {
                    "host": {
                      "connectionName": "shared_webcontents_1",
                      "operationId": "InvokeHttp",
                      "apiId": "/providers/Microsoft.PowerApps/apis/shared_webcontents"
                    },
                    "parameters": {
                      "request/method": "PUT",
                      "request/url": "https://api.powerapps.com/providers/Microsoft.PowerApps/apis/@{triggerBody()['text_1']}/connections/@{items('Apply_to_each')?['name']}?api-version=2016-11-01&createConnectionReference=true&solutionId=~preferred&$filter=environment eq'@{triggerBody()['text_2']}'",
                      "request/body": "{\n    \"properties\": {\n        \"connectionParameters\": {\n            \"token:clientId\": \"@{items('Apply_to_each')?['properties']?['connectionParameters']?['token:clientId']}\",\n            \"token:clientSecret\": \"@{triggerBody()['text_3']}\",\n            \"token:TenantId\": \"@{items('Apply_to_each')?['properties']?['connectionParameters']?['token:TenantId']}\",\n            \"token:grantType\": \"client_credentials\"\n        },\n        \"displayName\": \"@{items('Apply_to_each')?['properties']?['displayName']}\",\n        \"environment\": {\n            \"name\": \"@{triggerBody()['text_2']}\"\n        }\n    }\n}"
                    },
                    "authentication": {
                      "type": "Raw",
                      "value": "@json(decodeBase64(triggerOutputs().headers['X-MS-APIM-Tokens']))['$ConnectionKey']"
                    }
                  }
                }
              },
              "runAfter": {
                "Filter_array_to_spn": [
                  "Succeeded"
                ]
              },
              "metadata": {
                "operationMetadataId": "5f16bedc-f6eb-4547-b071-5c7276eb7135"
              },
              "type": "Foreach"
            },
            "Get_Connections_as_Admin": {
              "runAfter": {},
              "metadata": {
                "operationMetadataId": "1c136fd2-be63-4122-9826-d1ad6ba804fa"
              },
              "type": "OpenApiConnection",
              "inputs": {
                "host": {
                  "connectionName": "shared_powerappsforadmins_1",
                  "operationId": "Get-AdminConnections",
                  "apiId": "/providers/Microsoft.PowerApps/apis/shared_powerappsforadmins"
                },
                "parameters": {
                  "environment": "@triggerBody()['text_2']",
                  "api-version": "2016-11-01",
                  "$top": 250
                },
                "authentication": {
                  "type": "Raw",
                  "value": "@json(decodeBase64(triggerOutputs().headers['X-MS-APIM-Tokens']))['$ConnectionKey']"
                }
              }
            }
          },
          "runAfter": {},
          "metadata": {
            "operationMetadataId": "71bed759-63ee-485e-a81e-f16e8f0e4d11"
          },
          "type": "Scope"
        },
        "Exception": {
          "actions": {
            "Send_an_email_(V2)_Exception": {
              "runAfter": {},
              "metadata": {
                "operationMetadataId": "5a25d886-d41b-4c7a-94c0-68111fc13463"
              },
              "type": "OpenApiConnection",
              "inputs": {
                "host": {
                  "connectionName": "shared_office365",
                  "operationId": "SendEmailV2",
                  "apiId": "/providers/Microsoft.PowerApps/apis/shared_office365"
                },
                "parameters": {
                  "emailMessage/To": "@decodeBase64(triggerOutputs()['headers']['x-ms-user-email-encoded'])",
                  "emailMessage/Subject": "SPN Update Failed",
                  "emailMessage/Body": "<p>@{concat('https://make.powerautomate.com/manage/environments/', workflow()?['tags']?['environmentName'], '/flows/', workflow()?['name'], '/runs/', workflow()?['run']['name'])}<br>\n<br>\nError:<br>\n@{xpath(xml(json(concat('{\"data\": {','\"Main\":',result('Main'),',','\"Apply_to_each\":',result('Apply_to_each'),',','}}'))),'string(//message[not(contains(.,''The execution of template action'')) and not(contains(.,''skipped:''))  and not(contains(.,''An action failed. No dependent actions succeeded.''))])')}</p>",
                  "emailMessage/Importance": "Normal"
                },
                "authentication": {
                  "type": "Raw",
                  "value": "@json(decodeBase64(triggerOutputs().headers['X-MS-APIM-Tokens']))['$ConnectionKey']"
                }
              }
            },
            "Terminate": {
              "runAfter": {
                "Send_an_email_(V2)_Exception": [
                  "Succeeded"
                ]
              },
              "metadata": {
                "operationMetadataId": "df262ea1-5a8b-438c-88d5-168c438446c7"
              },
              "type": "Terminate",
              "inputs": {
                "runStatus": "Failed",
                "runError": {
                  "code": "400",
                  "message": "@{xpath(xml(json(concat('{\"data\": {','\"Main\":',result('Main'),',','\"Apply_to_each\":',result('Apply_to_each'),',','}}'))),'string(//message[not(contains(.,''The execution of template action'')) and not(contains(.,''skipped:''))  and not(contains(.,''An action failed. No dependent actions succeeded.''))])')}"
                }
              }
            }
          },
          "runAfter": {
            "Main": [
              "Failed",
              "TimedOut"
            ]
          },
          "metadata": {
            "operationMetadataId": "4d8ec518-8937-4fda-b879-5df48527eebd"
          },
          "type": "Scope"
        }
      }
    },
    "templateName": ""
  },
  "schemaVersion": "1.0.0.0"
}