{
  "properties": {
    "connectionReferences": {
      "shared_sharepointonline-1": {
        "runtimeSource": "invoker",
        "connection": {
          "connectionReferenceLogicalName": "wd_sharedsharepointonline_79aaf"
        },
        "api": {
          "name": "shared_sharepointonline"
        }
      }
    },
    "definition": {
      "$schema": "https://schema.management.azure.com/providers/Microsoft.Logic/schemas/2016-06-01/workflowdefinition.json#",
      "contentVersion": "1.0.0.0",
      "parameters": {
        "$connections": {
          "defaultValue": {},
          "type": "Object"
        },
        "$authentication": {
          "defaultValue": {},
          "type": "SecureObject"
        }
      },
      "triggers": {
        "manual": {
          "metadata": {
            "operationMetadataId": "a23cd913-46de-4aad-97e8-ccdfb64c2d49"
          },
          "type": "Request",
          "kind": "Button",
          "inputs": {
            "schema": {
              "type": "object",
              "properties": {
                "text": {
                  "title": "Input",
                  "type": "string",
                  "x-ms-dynamically-added": true,
                  "description": "Please enter your input",
                  "x-ms-content-hint": "TEXT"
                }
              },
              "required": [
                "text"
              ]
            }
          }
        }
      },
      "actions": {
        "Get_items": {
          "runAfter": {},
          "metadata": {
            "operationMetadataId": "ce672048-43f4-41ad-8cff-1d70b3013c88"
          },
          "type": "OpenApiConnection",
          "inputs": {
            "host": {
              "connectionName": "shared_sharepointonline-1",
              "operationId": "GetItems",
              "apiId": "/providers/Microsoft.PowerApps/apis/shared_sharepointonline"
            },
            "parameters": {
              "dataset": "https://tjxinc.sharepoint.com/sites/GRP-ECSORPA",
              "table": "62505ff4-36ea-4b2b-b9db-118fc9ffc3c3",
              "$filter": "Title eq '@{triggerBody()?['text']}'"
            },
            "authentication": {
              "type": "Raw",
              "value": "@json(decodeBase64(triggerOutputs().headers['X-MS-APIM-Tokens']))['$ConnectionKey']"
            }
          }
        },
        "Ouputs": {
          "runAfter": {
            "Get_items": [
              "Succeeded"
            ]
          },
          "metadata": {
            "operationMetadataId": "39498c7b-5f37-407d-9f71-834f6ac7333e"
          },
          "type": "Compose",
          "inputs": "@json(outputs('Get_items')?['body/value'][0]?['json'])",
          "description": "json(outputs('Get_items')?['body/value'][0]?['json'])"
        }
      }
    },
    "templateName": ""
  },
  "schemaVersion": "1.0.0.0"
}