{
  "fxexpression": {
    "@uniquename": "wd_ExceptionQuery",
    "category": "0",
    "context": "{\"Tables\":[],\"CustomApis\":[],\"ConnectionReferences\":[],\"TabularConnectionReferences\":[],\"ActionConnectorConnectionReferences\":[]}",
    "iscustomizable": "1",
    "name": "Exception Query",
    "parameters": "{\"InputParameter\":[{\"entityLogicalName\":\"\",\"isOptional\":0,\"name\":\"flowIds\",\"type\":10}],\"OutputParameter\":[{\"entityLogicalName\":\"\",\"name\":\"query\",\"type\":10}]}",
    "statecode": "0",
    "statuscode": "1"
  }
}