{
  "properties": {
    "connectionReferences": {
      "shared_commondataserviceforapps_1": {
        "runtimeSource": "embedded",
        "connection": {
          "connectionReferenceLogicalName": "wd_DataversePowerWordle"
        },
        "api": {
          "name": "shared_commondataserviceforapps"
        }
      },
      "shared_sharepointonline_1": {
        "runtimeSource": "embedded",
        "connection": {
          "connectionReferenceLogicalName": "wd_SharePointPowerWordle"
        },
        "api": {
          "name": "shared_sharepointonline"
        }
      }
    },
    "definition": {
      "$schema": "https://schema.management.azure.com/providers/Microsoft.Logic/schemas/2016-06-01/workflowdefinition.json#",
      "contentVersion": "1.0.0.0",
      "parameters": {
        "$connections": {
          "defaultValue": {},
          "type": "Object"
        },
        "$authentication": {
          "defaultValue": {},
          "type": "SecureObject"
        },
        "WordID-PowerWordle (wd_WordIDPowerWordle)": {
          "defaultValue": "ebfb635f-25df-ee11-904c-000d3a5d06a6",
          "type": "String",
          "metadata": {
            "schemaName": "wd_WordIDPowerWordle"
          }
        },
        "Site-PowerWordle (wd_SitePowerWordle)": {
          "defaultValue": "https://37wcqv.sharepoint.com/sites/testsite",
          "type": "String",
          "metadata": {
            "schemaName": "wd_SitePowerWordle"
          }
        },
        "Combined-PowerWordle (wd_CombinedPowerWordle)": {
          "defaultValue": {
            "value": [
              {
                "date": "15/3/2024",
                "word": "Power"
              },
              {
                "date": "16/3/2024",
                "word": "Check"
              }
            ]
          },
          "type": "Object",
          "metadata": {
            "schemaName": "wd_CombinedPowerWordle"
          }
        },
        "wordFile-PowerWordle (wd_wordFilePowerWordle)": {
          "defaultValue": "/Shared Documents/power platform words.txt",
          "type": "String",
          "metadata": {
            "schemaName": "wd_wordFilePowerWordle"
          }
        }
      },
      "triggers": {
        "Recurrence": {
          "recurrence": {
            "frequency": "Day",
            "interval": 1,
            "timeZone": "Fiji Standard Time",
            "startTime": "2024-03-10T00:00Z",
            "schedule": {
              "hours": [
                "0"
              ],
              "minutes": [
                0
              ]
            }
          },
          "metadata": {
            "operationMetadataId": "63b82192-0e57-44d9-8006-cd300e462040"
          },
          "type": "Recurrence"
        }
      },
      "actions": {
        "New_Word": {
          "runAfter": {
            "Get_file_content_using_path_words": [
              "Succeeded"
            ]
          },
          "metadata": {
            "operationMetadataId": "225c7504-3afc-4378-9133-968ff46d9261"
          },
          "type": "Compose",
          "inputs": {
            "date": "@formatDateTime(convertTimeZone(utcNow(),'UTC','Fiji Standard Time'),'d/M/yyyy')",
            "word": "@split(body('Get_file_content_using_path_words'),',')[rand(0,99)]"
          },
          "description": "split(body('Get_file_content_words'),',')[rand(0,99)]"
        },
        "Update_a_row_date": {
          "runAfter": {
            "New_Word": [
              "Succeeded"
            ]
          },
          "metadata": {
            "operationMetadataId": "953cf4db-842e-4c7c-8311-bceb619d9875"
          },
          "type": "OpenApiConnection",
          "inputs": {
            "host": {
              "connectionName": "shared_commondataserviceforapps_1",
              "operationId": "UpdateRecord",
              "apiId": "/providers/Microsoft.PowerApps/apis/shared_commondataserviceforapps"
            },
            "parameters": {
              "entityName": "environmentvariablevalues",
              "recordId": "@parameters('WordID-PowerWordle (wd_WordIDPowerWordle)')",
              "item/value": "{\"value\":[\n@{parameters('Combined-PowerWordle (wd_CombinedPowerWordle)')?['value'][1]},\n  @{outputs('New_Word')}\n]}"
            },
            "authentication": "@parameters('$authentication')"
          },
          "description": "parameters('Combined-PowerWordle (wd_CombinedPowerWordle)')?['value'][1]"
        },
        "Get_file_content_using_path_words": {
          "runAfter": {},
          "metadata": {
            "operationMetadataId": "eb75fd96-44a0-4ed6-824b-f668dfa5d3fa"
          },
          "type": "OpenApiConnection",
          "inputs": {
            "host": {
              "connectionName": "shared_sharepointonline_1",
              "operationId": "GetFileContentByPath",
              "apiId": "/providers/Microsoft.PowerApps/apis/shared_sharepointonline"
            },
            "parameters": {
              "dataset": "@parameters('Site-PowerWordle (wd_SitePowerWordle)')",
              "path": "@parameters('wordFile-PowerWordle (wd_wordFilePowerWordle)')",
              "inferContentType": true
            },
            "authentication": "@parameters('$authentication')"
          }
        }
      }
    },
    "templateName": ""
  },
  "schemaVersion": "1.0.0.0"
}