{
  "properties": {
    "connectionReferences": {
      "shared_sharepointonline_1": {
        "runtimeSource": "embedded",
        "connection": {
          "connectionReferenceLogicalName": "wd_SharePointPowerWordle"
        },
        "api": {
          "name": "shared_sharepointonline"
        }
      }
    },
    "definition": {
      "$schema": "https://schema.management.azure.com/providers/Microsoft.Logic/schemas/2016-06-01/workflowdefinition.json#",
      "contentVersion": "1.0.0.0",
      "parameters": {
        "$connections": {
          "defaultValue": {},
          "type": "Object"
        },
        "$authentication": {
          "defaultValue": {},
          "type": "SecureObject"
        },
        "Site-PowerWordle (wd_SitePowerWordle)": {
          "defaultValue": "https://37wcqv.sharepoint.com/sites/testsite",
          "type": "String",
          "metadata": {
            "schemaName": "wd_SitePowerWordle"
          }
        },
        "wordFile-PowerWordle (wd_wordFilePowerWordle)": {
          "defaultValue": "/Shared Documents/power platform words.txt",
          "type": "String",
          "metadata": {
            "schemaName": "wd_wordFilePowerWordle"
          }
        }
      },
      "triggers": {
        "manual": {
          "metadata": {
            "operationMetadataId": "10f3d73b-612e-4bd2-8922-d6c1cbd0974d"
          },
          "type": "Request",
          "kind": "Http",
          "inputs": {
            "method": "GET",
            "triggerAuthenticationType": "All"
          },
          "conditions": [
            {
              "expression": "@equals(triggerOutputs()['queries']?['mode'],'words')"
            }
          ]
        }
      },
      "actions": {
        "Response_words": {
          "runAfter": {
            "Get_file_content_using_path_words": [
              "Succeeded"
            ]
          },
          "metadata": {
            "operationMetadataId": "86688280-8cac-4364-a652-2046a3c42538"
          },
          "type": "Response",
          "kind": "Http",
          "inputs": {
            "statusCode": 200,
            "headers": {
              "Content-Type": "text/html"
            },
            "body": "@body('Get_file_content_using_path_words')"
          }
        },
        "Get_file_content_using_path_words": {
          "runAfter": {},
          "metadata": {
            "operationMetadataId": "eb75fd96-44a0-4ed6-824b-f668dfa5d3fa"
          },
          "type": "OpenApiConnection",
          "inputs": {
            "host": {
              "connectionName": "shared_sharepointonline_1",
              "operationId": "GetFileContentByPath",
              "apiId": "/providers/Microsoft.PowerApps/apis/shared_sharepointonline"
            },
            "parameters": {
              "dataset": "@parameters('Site-PowerWordle (wd_SitePowerWordle)')",
              "path": "@parameters('wordFile-PowerWordle (wd_wordFilePowerWordle)')",
              "inferContentType": true
            },
            "authentication": "@parameters('$authentication')"
          }
        }
      }
    },
    "templateName": ""
  },
  "schemaVersion": "1.0.0.0"
}