{
  "properties": {
    "connectionReferences": {},
    "definition": {
      "$schema": "https://schema.management.azure.com/providers/Microsoft.Logic/schemas/2016-06-01/workflowdefinition.json#",
      "contentVersion": "1.0.0.0",
      "parameters": {
        "$authentication": {
          "defaultValue": {},
          "type": "SecureObject"
        },
        "Combined-PowerWordle (wd_CombinedPowerWordle)": {
          "defaultValue": {
            "value": [
              {
                "date": "15/3/2024",
                "word": "Power"
              },
              {
                "date": "16/3/2024",
                "word": "Check"
              }
            ]
          },
          "type": "Object",
          "metadata": {
            "schemaName": "wd_CombinedPowerWordle"
          }
        }
      },
      "triggers": {
        "manual": {
          "metadata": {
            "operationMetadataId": "a7a97a14-9b15-4797-815c-24ebbbab9b2e"
          },
          "type": "Request",
          "kind": "Http",
          "inputs": {
            "schema": {
              "type": "object",
              "properties": {
                "date": {
                  "type": "string"
                },
                "row": {
                  "type": "integer"
                },
                "guess": {
                  "type": "string"
                },
                "board": {
                  "type": "string"
                }
              }
            },
            "method": "POST",
            "triggerAuthenticationType": "All"
          }
        }
      },
      "actions": {
        "Response": {
          "runAfter": {
            "Apply_to_each": [
              "Succeeded"
            ]
          },
          "metadata": {
            "operationMetadataId": "f78ace10-4940-4edc-b3f6-b5a3a8513cff"
          },
          "type": "Response",
          "kind": "Http",
          "inputs": {
            "statusCode": 200,
            "body": {
              "partBoard": "@variables('sHTML')",
              "fullBoard": "@concat(variables('sHTML'),json(outputs('Empty_squares'))[body('Parse_JSON')?['row']])",
              "status": "@if(equals(variables('iMatch'),5),'<p>Congratulations you did it</p>',if(equals(body('Parse_JSON')?['row'],5),concat('<H1>',body('Get_Word')[0]?['word'],'</h1><p>try again tomorrow</p>'),''))"
            },
            "schema": {
              "type": "object",
              "properties": {
                "partBoard": {
                  "type": "string"
                },
                "fullBoard": {
                  "type": "string"
                }
              }
            }
          }
        },
        "Apply_to_each": {
          "foreach": "@chunk(body('Get_Word')[0]?['word'],1)",
          "actions": {
            "Increment_iCounter": {
              "runAfter": {
                "Condition_miss": [
                  "Succeeded"
                ]
              },
              "metadata": {
                "operationMetadataId": "15969c75-fb8b-477e-8092-80f7a2fd0514"
              },
              "type": "IncrementVariable",
              "inputs": {
                "name": "iCounter",
                "value": 1
              }
            },
            "Condition_already_found": {
              "actions": {
                "Append_to_sHTML_location": {
                  "runAfter": {},
                  "metadata": {
                    "operationMetadataId": "68d30daf-5dbe-4834-a8e6-ab1977fddc5f"
                  },
                  "type": "AppendToStringVariable",
                  "inputs": {
                    "name": "sHTML",
                    "value": "<div class=\"square location\" id=\"square-@{body('Parse_JSON')?['row']}-@{variables('iCounter')}\" >@{chunk(body('Parse_JSON')?['guess'],1)[variables('iCounter')]}</div>"
                  }
                },
                "Set_bFound_2": {
                  "runAfter": {
                    "Append_to_sHTML_location": [
                      "Succeeded"
                    ]
                  },
                  "metadata": {
                    "operationMetadataId": "73652354-7858-4449-a72b-5800648f3760"
                  },
                  "type": "SetVariable",
                  "inputs": {
                    "name": "bFound",
                    "value": "@true"
                  }
                }
              },
              "runAfter": {
                "Compose_2": [
                  "Succeeded"
                ]
              },
              "expression": {
                "and": [
                  {
                    "equals": [
                      "@If(Not(Equals(indexOf(toUpper(body('Get_Word')[0]?['word']),toUpper(chunk(body('Parse_JSON')?['guess'],1)[variables('iCounter')])),-1)),\r\nequals(\r\n\tchunk(\r\n\t\ttoUpper(body('Get_Word')[0]?['word'])\r\n\t,\r\n\t\t1\r\n\t)[indexOf(\r\n\t\ttoUpper(body('Get_Word')[0]?['word'])\r\n\t,\r\n\t\tchunk(\r\n\t\t\ttoUpper(body('Parse_JSON')?['guess'])\r\n\t\t,\r\n\t\t\t1\r\n\t\t)[variables('iCounter')]\r\n\t)]\r\n,\r\n\tchunk(\r\n\t\ttoUpper(body('Parse_JSON')?['guess'])\r\n\t,\r\n\t\t1\r\n\t)[indexOf(\r\n\t\ttoUpper(body('Get_Word')[0]?['word'])\r\n\t,\r\n\t\tchunk(\r\n\t\t\ttoUpper(body('Parse_JSON')?['guess'])\r\n\t\t,\r\n\t\t\t1\r\n\t\t)[variables('iCounter')]\r\n\t)]\r\n)\r\n,\r\ntrue\r\n)",
                      "@false"
                    ]
                  },
                  {
                    "equals": [
                      "@If(Not(Equals(indexOf(toUpper(body('Get_Word')[0]?['word']),toUpper(chunk(body('Parse_JSON')?['guess'],1)[variables('iCounter')])),-1)),\r\nequals(\r\n\tchunk(\r\n\t\ttoUpper(body('Get_Word')[0]?['word'])\r\n\t,\r\n\t\t1\r\n\t)[lastIndexOf(\r\n\t\ttoUpper(body('Get_Word')[0]?['word'])\r\n\t,\r\n\t\tchunk(\r\n\t\t\ttoUpper(body('Parse_JSON')?['guess'])\r\n\t\t,\r\n\t\t\t1\r\n\t\t)[variables('iCounter')]\r\n\t)]\r\n,\r\n\tchunk(\r\n\t\ttoUpper(body('Parse_JSON')?['guess'])\r\n\t,\r\n\t\t1\r\n\t)[lastIndexOf(\r\n\t\ttoUpper(body('Get_Word')[0]?['word'])\r\n\t,\r\n\t\tchunk(\r\n\t\t\ttoUpper(body('Parse_JSON')?['guess'])\r\n\t\t,\r\n\t\t\t1\r\n\t\t)[variables('iCounter')]\r\n\t)]\r\n)\r\n,\r\ntrue\r\n)",
                      "@false"
                    ]
                  },
                  {
                    "equals": [
                      "@variables('bFound')",
                      "@false"
                    ]
                  }
                ]
              },
              "metadata": {
                "operationMetadataId": "6da8a170-54d5-44bb-868e-aead3313de91"
              },
              "type": "If"
            },
            "Reset_bFound": {
              "runAfter": {},
              "metadata": {
                "operationMetadataId": "8231c13a-9e02-4f4b-9197-eea4fa55c50f"
              },
              "type": "SetVariable",
              "inputs": {
                "name": "bFound",
                "value": "@false"
              }
            },
            "Match": {
              "actions": {
                "Append_to_sHTML_match": {
                  "runAfter": {},
                  "metadata": {
                    "operationMetadataId": "68d30daf-5dbe-4834-a8e6-ab1977fddc5f"
                  },
                  "type": "AppendToStringVariable",
                  "inputs": {
                    "name": "sHTML",
                    "value": "<div class=\"square match\" id=\"square-@{body('Parse_JSON')?['row']}-@{variables('iCounter')}\" >@{chunk(body('Parse_JSON')?['guess'],1)[variables('iCounter')]}</div>"
                  }
                },
                "Increment_iMatch": {
                  "runAfter": {
                    "Append_to_sHTML_match": [
                      "Succeeded"
                    ]
                  },
                  "metadata": {
                    "operationMetadataId": "cdaab17b-4fa1-49e1-b7cd-aa9417d22d88"
                  },
                  "type": "IncrementVariable",
                  "inputs": {
                    "name": "iMatch",
                    "value": 1
                  }
                },
                "Set_bFound": {
                  "runAfter": {
                    "Increment_iMatch": [
                      "Succeeded"
                    ]
                  },
                  "metadata": {
                    "operationMetadataId": "73652354-7858-4449-a72b-5800648f3760"
                  },
                  "type": "SetVariable",
                  "inputs": {
                    "name": "bFound",
                    "value": "@true"
                  }
                }
              },
              "runAfter": {
                "Reset_bFound": [
                  "Succeeded"
                ]
              },
              "expression": {
                "equals": [
                  "@toUpper(items('Apply_to_each'))",
                  "@toUpper(chunk(body('Parse_JSON')?['guess'],1)[variables('iCounter')])"
                ]
              },
              "metadata": {
                "operationMetadataId": "0bf4f8de-878e-4cf4-b296-5fac93a88231"
              },
              "type": "If"
            },
            "Condition_miss": {
              "actions": {
                "Append_to_sHTML_wrong": {
                  "runAfter": {},
                  "metadata": {
                    "operationMetadataId": "68d30daf-5dbe-4834-a8e6-ab1977fddc5f"
                  },
                  "type": "AppendToStringVariable",
                  "inputs": {
                    "name": "sHTML",
                    "value": "<div class=\"square\" id=\"square-@{body('Parse_JSON')?['row']}-@{variables('iCounter')}\" >@{chunk(body('Parse_JSON')?['guess'], 1)[variables('iCounter')]}</div>"
                  }
                }
              },
              "runAfter": {
                "Condition_already_found": [
                  "Succeeded"
                ]
              },
              "expression": {
                "equals": [
                  "@variables('bFound')",
                  "@false"
                ]
              },
              "metadata": {
                "operationMetadataId": "6da8a170-54d5-44bb-868e-aead3313de91"
              },
              "type": "If"
            },
            "Compose": {
              "runAfter": {
                "Match": [
                  "Succeeded"
                ]
              },
              "metadata": {
                "operationMetadataId": "affb09f8-c2a5-450c-aa2e-1780a09ea5bf"
              },
              "type": "Compose",
              "inputs": "@If(Not(Equals(indexOf(toUpper(body('Get_Word')[0]?['word']),toUpper(chunk(body('Parse_JSON')?['guess'],1)[variables('iCounter')])),-1)),\nequals(\n\tchunk(\n\t\ttoUpper(body('Get_Word')[0]?['word'])\n\t,\n\t\t1\n\t)[indexOf(\n\t\ttoUpper(body('Get_Word')[0]?['word'])\n\t,\n\t\tchunk(\n\t\t\ttoUpper(body('Parse_JSON')?['guess'])\n\t\t,\n\t\t\t1\n\t\t)[variables('iCounter')]\n\t)]\n,\n\tchunk(\n\t\ttoUpper(body('Parse_JSON')?['guess'])\n\t,\n\t\t1\n\t)[indexOf(\n\t\ttoUpper(body('Get_Word')[0]?['word'])\n\t,\n\t\tchunk(\n\t\t\ttoUpper(body('Parse_JSON')?['guess'])\n\t\t,\n\t\t\t1\n\t\t)[variables('iCounter')]\n\t)]\n)\n,\ntrue\n)"
            },
            "Compose_2": {
              "runAfter": {
                "Compose": [
                  "Succeeded"
                ]
              },
              "metadata": {
                "operationMetadataId": "17e4f66f-7bc8-4f40-b713-e5593b2e697f"
              },
              "type": "Compose",
              "inputs": "@If(Not(Equals(indexOf(toUpper(body('Get_Word')[0]?['word']),toUpper(chunk(body('Parse_JSON')?['guess'],1)[variables('iCounter')])),-1)),\nequals(\n\tchunk(\n\t\ttoUpper(body('Get_Word')[0]?['word'])\n\t,\n\t\t1\n\t)[lastIndexOf(\n\t\ttoUpper(body('Get_Word')[0]?['word'])\n\t,\n\t\tchunk(\n\t\t\ttoUpper(body('Parse_JSON')?['guess'])\n\t\t,\n\t\t\t1\n\t\t)[variables('iCounter')]\n\t)]\n,\n\tchunk(\n\t\ttoUpper(body('Parse_JSON')?['guess'])\n\t,\n\t\t1\n\t)[lastIndexOf(\n\t\ttoUpper(body('Get_Word')[0]?['word'])\n\t,\n\t\tchunk(\n\t\t\ttoUpper(body('Parse_JSON')?['guess'])\n\t\t,\n\t\t\t1\n\t\t)[variables('iCounter')]\n\t)]\n)\n,\ntrue\n)"
            }
          },
          "runAfter": {
            "sHTML": [
              "Succeeded"
            ]
          },
          "metadata": {
            "operationMetadataId": "081086b6-43b7-4829-9239-5882262ba2a6"
          },
          "type": "Foreach"
        },
        "iCounter": {
          "runAfter": {
            "bFound": [
              "Succeeded"
            ]
          },
          "metadata": {
            "operationMetadataId": "c6cb9f61-5d16-4169-9531-3c33a2c68f6a"
          },
          "type": "InitializeVariable",
          "inputs": {
            "variables": [
              {
                "name": "iCounter",
                "type": "integer",
                "value": 0
              }
            ]
          }
        },
        "Parse_JSON": {
          "runAfter": {},
          "metadata": {
            "operationMetadataId": "b83accc0-1d94-46cb-aea4-f8796be42989"
          },
          "type": "ParseJson",
          "inputs": {
            "content": "@triggerBody()",
            "schema": {
              "type": "object",
              "properties": {
                "date": {
                  "type": "string"
                },
                "row": {
                  "type": "integer"
                },
                "guess": {
                  "type": "string"
                },
                "board": {
                  "type": "string"
                }
              }
            }
          }
        },
        "sHTML": {
          "runAfter": {
            "iMatch": [
              "Succeeded"
            ]
          },
          "metadata": {
            "operationMetadataId": "10565b72-01a7-4092-9e60-4123844bbf14"
          },
          "type": "InitializeVariable",
          "inputs": {
            "variables": [
              {
                "name": "sHTML",
                "type": "string",
                "value": "@body('Parse_JSON')?['board']"
              }
            ]
          }
        },
        "iMatch": {
          "runAfter": {
            "iCounter": [
              "Succeeded"
            ]
          },
          "metadata": {
            "operationMetadataId": "a4588d7d-48f0-4993-b8c0-31f0da632f4d"
          },
          "type": "InitializeVariable",
          "inputs": {
            "variables": [
              {
                "name": "iMatch",
                "type": "integer",
                "value": 0
              }
            ]
          }
        },
        "Empty_squares": {
          "runAfter": {
            "Get_Word": [
              "Succeeded"
            ]
          },
          "metadata": {
            "operationMetadataId": "ffa8f5e7-428f-4b98-8c45-5125ab5d35c9"
          },
          "type": "Compose",
          "inputs": "['<div class=\"square\" id=\"square-2-1\" ></div> <div class=\"square\" id=\"square-2-2\" ></div> <div class=\"square\" id=\"square-2-3\" ></div> <div class=\"square\" id=\"square-2-4\" ></div> <div class=\"square\" id=\"square-2-5\" ></div> <div class=\"square\" id=\"square-3-1\" ></div> <div class=\"square\" id=\"square-3-2\" ></div> <div class=\"square\" id=\"square-3-3\" ></div> <div class=\"square\" id=\"square-3-4\" ></div> <div class=\"square\" id=\"square-3-5\" ></div> <div class=\"square\" id=\"square-4-1\" ></div> <div class=\"square\" id=\"square-4-2\" ></div> <div class=\"square\" id=\"square-4-3\" ></div> <div class=\"square\" id=\"square-4-4\" ></div> <div class=\"square\" id=\"square-4-5\" ></div> <div class=\"square\" id=\"square-5-1\" ></div> <div class=\"square\" id=\"square-5-2\" ></div> <div class=\"square\" id=\"square-5-3\" ></div> <div class=\"square\" id=\"square-5-4\" ></div> <div class=\"square\" id=\"square-5-5\" ></div> <div class=\"square\" id=\"square-6-1\" ></div> <div class=\"square\" id=\"square-6-2\" ></div> <div class=\"square\" id=\"square-6-3\" ></div> <div class=\"square\" id=\"square-6-4\" ></div> <div class=\"square\" id=\"square-6-5\" ></div>','<div class=\"square\" id=\"square-3-1\" ></div> <div class=\"square\" id=\"square-3-2\" ></div> <div class=\"square\" id=\"square-3-3\" ></div> <div class=\"square\" id=\"square-3-4\" ></div> <div class=\"square\" id=\"square-3-5\" ></div> <div class=\"square\" id=\"square-4-1\" ></div> <div class=\"square\" id=\"square-4-2\" ></div> <div class=\"square\" id=\"square-4-3\" ></div> <div class=\"square\" id=\"square-4-4\" ></div> <div class=\"square\" id=\"square-4-5\" ></div> <div class=\"square\" id=\"square-5-1\" ></div> <div class=\"square\" id=\"square-5-2\" ></div> <div class=\"square\" id=\"square-5-3\" ></div> <div class=\"square\" id=\"square-5-4\" ></div> <div class=\"square\" id=\"square-5-5\" ></div> <div class=\"square\" id=\"square-6-1\" ></div> <div class=\"square\" id=\"square-6-2\" ></div> <div class=\"square\" id=\"square-6-3\" ></div> <div class=\"square\" id=\"square-6-4\" ></div> <div class=\"square\" id=\"square-6-5\" ></div>','<div class=\"square\" id=\"square-4-1\" ></div> <div class=\"square\" id=\"square-4-2\" ></div> <div class=\"square\" id=\"square-4-3\" ></div> <div class=\"square\" id=\"square-4-4\" ></div> <div class=\"square\" id=\"square-4-5\" ></div> <div class=\"square\" id=\"square-5-1\" ></div> <div class=\"square\" id=\"square-5-2\" ></div> <div class=\"square\" id=\"square-5-3\" ></div> <div class=\"square\" id=\"square-5-4\" ></div> <div class=\"square\" id=\"square-5-5\" ></div> <div class=\"square\" id=\"square-6-1\" ></div> <div class=\"square\" id=\"square-6-2\" ></div> <div class=\"square\" id=\"square-6-3\" ></div> <div class=\"square\" id=\"square-6-4\" ></div> <div class=\"square\" id=\"square-6-5\" ></div>','<div class=\"square\" id=\"square-5-1\" ></div> <div class=\"square\" id=\"square-5-2\" ></div> <div class=\"square\" id=\"square-5-3\" ></div> <div class=\"square\" id=\"square-5-4\" ></div> <div class=\"square\" id=\"square-5-5\" ></div> <div class=\"square\" id=\"square-6-1\" ></div> <div class=\"square\" id=\"square-6-2\" ></div> <div class=\"square\" id=\"square-6-3\" ></div> <div class=\"square\" id=\"square-6-4\" ></div> <div class=\"square\" id=\"square-6-5\" ></div>','<div class=\"square\" id=\"square-6-1\" ></div> <div class=\"square\" id=\"square-6-2\" ></div> <div class=\"square\" id=\"square-6-3\" ></div> <div class=\"square\" id=\"square-6-4\" ></div> <div class=\"square\" id=\"square-6-5\" ></div>','']"
        },
        "bFound": {
          "runAfter": {
            "Empty_squares": [
              "Succeeded"
            ]
          },
          "metadata": {
            "operationMetadataId": "69f12fb8-6808-4a21-b62d-471654368282"
          },
          "type": "InitializeVariable",
          "inputs": {
            "variables": [
              {
                "name": "bFound",
                "type": "boolean"
              }
            ]
          }
        },
        "Condition_valid_word": {
          "actions": {
            "Response_invalid": {
              "runAfter": {},
              "metadata": {
                "operationMetadataId": "f78ace10-4940-4edc-b3f6-b5a3a8513cff"
              },
              "type": "Response",
              "kind": "Http",
              "inputs": {
                "statusCode": 200,
                "body": {
                  "partBoard": "",
                  "fullBoard": "",
                  "status": "Not a valid word"
                },
                "schema": {
                  "type": "object",
                  "properties": {
                    "partBoard": {
                      "type": "string"
                    },
                    "fullBoard": {
                      "type": "string"
                    }
                  }
                }
              }
            },
            "Terminate": {
              "runAfter": {
                "Response_invalid": [
                  "Succeeded"
                ]
              },
              "metadata": {
                "operationMetadataId": "98bc5282-54f7-4d76-ab65-3501b39bdff5"
              },
              "type": "Terminate",
              "inputs": {
                "runStatus": "Succeeded"
              }
            }
          },
          "runAfter": {
            "HTTP_word_api": [
              "Succeeded",
              "Failed"
            ]
          },
          "expression": {
            "not": {
              "equals": [
                "@outputs('HTTP_word_api')['statusCode']",
                200
              ]
            }
          },
          "metadata": {
            "operationMetadataId": "0983d7cf-2753-4494-a486-92ad87769b61"
          },
          "type": "If"
        },
        "HTTP_word_api": {
          "runAfter": {
            "Parse_JSON": [
              "Succeeded"
            ]
          },
          "limit": {
            "timeout": "PT5S"
          },
          "metadata": {
            "operationMetadataId": "e9015595-9eab-403a-bcdc-e81b4c66007b"
          },
          "type": "Http",
          "inputs": {
            "method": "GET",
            "uri": "https://api.dictionaryapi.dev/api/v2/entries/en/@{body('Parse_JSON')?['guess']}",
            "retryPolicy": {
              "type": "none"
            }
          }
        },
        "Get_Word": {
          "runAfter": {
            "Condition_valid_word": [
              "Succeeded"
            ]
          },
          "metadata": {
            "operationMetadataId": "bf098843-dd1c-4549-8ee2-acfae731d313"
          },
          "type": "Query",
          "inputs": {
            "from": "@parameters('Combined-PowerWordle (wd_CombinedPowerWordle)')?['value']",
            "where": "@equals(item()['date'], body('Parse_JSON')?['date'])"
          },
          "description": "parameters('Combined-PowerWordle (wd_CombinedPowerWordle)')?['value']"
        }
      }
    },
    "templateName": ""
  },
  "schemaVersion": "1.0.0.0"
}