{"name":"3f583e5f-f407-490f-a7b3-4ce972c0e2d9","id":"/providers/Microsoft.Flow/flows/3f583e5f-f407-490f-a7b3-4ce972c0e2d9","type":"Microsoft.Flow/flows","properties":{"apiId":"/providers/Microsoft.PowerApps/apis/shared_logicflows","displayName":"Bulk Emailer with Office Script","definition":{"metadata":{"workflowEntityId":null,"processAdvisorMetadata":null,"flowclientsuspensionreason":"None","flowclientsuspensiontime":null,"creator":{"id":"34a0112b-f55d-4080-b114-ff430480ba9e","type":"User","tenantId":"2242945a-4ab9-4132-840e-cce1c66e31bb"},"provisioningMethod":"FromDefinition","failureAlertSubscription":true,"clientLastModifiedTime":"2022-03-14T12:19:55.1893952Z"},"$schema":"https://schema.management.azure.com/providers/Microsoft.Logic/schemas/2016-06-01/workflowdefinition.json#","contentVersion":"1.0.0.0","parameters":{"$connections":{"defaultValue":{},"type":"Object"},"$authentication":{"defaultValue":{},"type":"SecureObject"}},"triggers":{"manual":{"metadata":{"operationMetadataId":"2b253de0-7b10-4750-b441-ee1eeb099f67"},"type":"Request","kind":"Button","inputs":{"schema":{"type":"object","properties":{"text":{"title":"Mailbox","type":"string","x-ms-dynamically-added":true,"description":"Please enter your input","x-ms-content-hint":"TEXT"},"file":{"title":"Excel List","type":"object","x-ms-dynamically-added":true,"description":"Please select file or image","x-ms-content-hint":"FILE","properties":{"name":{"type":"string"},"contentBytes":{"type":"string","format":"byte"}}},"file_1":{"title":"Html Email","type":"object","x-ms-dynamically-added":true,"description":"Please select file or image","x-ms-content-hint":"FILE","properties":{"name":{"type":"string"},"contentBytes":{"type":"string","format":"byte"}}}},"required":["text"]},"headersSchema":{"x-ms-user-email-encoded":{"title":"User email","type":"string","format":"byte","x-ms-dynamically-added":false}}}}},"actions":{"sEmailbody":{"runAfter":{},"metadata":{"operationMetadataId":"5adfb053-147f-42a9-a745-63b09c320c52"},"type":"InitializeVariable","inputs":{"variables":[{"name":"sEmailbody","type":"string"}]}},"i":{"runAfter":{"sEmailbody":["Succeeded"]},"metadata":{"operationMetadataId":"1b33f31c-3a2d-470a-b50a-9986f1a7d293"},"type":"InitializeVariable","inputs":{"variables":[{"name":"i","type":"integer","value":0}]}},"Condition":{"actions":{"Apply_to_each":{"foreach":"@outputs('List_rows_Main')?['body/value']","actions":{"Filter_array":{"runAfter":{},"metadata":{"operationMetadataId":"1f9f95af-9a85-465f-83e2-bd0d76d36033"},"type":"Query","inputs":{"from":"@outputs('List_rows_pivot')?['body/value']","where":"@equals(item()?['ID'], items('Apply_to_each')?['mainID'])"}},"Apply_to_each_2":{"foreach":"@body('Filter_array')","actions":{"Compose":{"runAfter":{},"metadata":{"operationMetadataId":"7db6d6eb-093e-49f2-a171-a9ebc8e8991a"},"type":"Compose","inputs":"@replace(variables('sEmailbody'),items('Apply_to_each_2')?['Change'],items('Apply_to_each_2')?['with'])"},"Set_sEmailbody":{"runAfter":{"Compose":["Succeeded"]},"metadata":{"operationMetadataId":"6ddd23ba-492b-49c0-97a2-bbabd5234f99"},"type":"SetVariable","inputs":{"name":"sEmailbody","value":"@{outputs('Compose')}"}}},"runAfter":{"Reset_sEmailbody":["Succeeded"]},"metadata":{"operationMetadataId":"59552ce3-6324-4c9a-a8fe-e6c5b3c307f1"},"type":"Foreach"},"Send_an_email_from_a_shared_mailbox_(V2)":{"runAfter":{"Apply_to_each_2":["Succeeded"]},"metadata":{"operationMetadataId":"5216ca9f-4b93-42d2-a3cb-6dd76347d65f"},"type":"OpenApiConnection","inputs":{"host":{"apiId":"/providers/Microsoft.PowerApps/apis/shared_office365","connectionName":"shared_office365","operationId":"SharedMailboxSendEmailV2"},"parameters":{"emailMessage/MailboxAddress":"@triggerBody()['text']","emailMessage/To":"@items('Apply_to_each')?['Email']","emailMessage/Subject":"@items('Apply_to_each')?['Subject']","emailMessage/Body":"@variables('sEmailbody')"},"authentication":{"value":"@json(decodeBase64(triggerOutputs().headers['X-MS-APIM-Tokens']))['$ConnectionKey']","type":"Raw"}}},"Reset_sEmailbody":{"runAfter":{"Filter_array":["Succeeded"]},"metadata":{"operationMetadataId":"ec4218b9-fe7d-471d-b96f-b7947941544e"},"type":"SetVariable","inputs":{"name":"sEmailbody","value":"@base64ToString(triggerBody()?['file_1']?['contentBytes'])"}}},"runAfter":{},"metadata":{"operationMetadataId":"819321db-8f0c-4167-b2ac-bb5ca150f7c2"},"type":"Foreach"}},"runAfter":{"Setup":["Succeeded"]},"else":{"actions":{"Send_an_email_Cancel":{"runAfter":{},"metadata":{"operationMetadataId":"5c3347e7-0a3f-4d33-84ef-dad05f79692a"},"type":"OpenApiConnection","inputs":{"host":{"apiId":"/providers/Microsoft.PowerApps/apis/shared_office365","connectionName":"shared_office365","operationId":"SharedMailboxSendEmailV2"},"parameters":{"emailMessage/MailboxAddress":"@triggerBody()['text']","emailMessage/To":"@triggerOutputs()['headers']['x-ms-user-email-encoded']","emailMessage/Subject":"Bulk Email Cancelled","emailMessage/Body":"<p>Hi,<br>\n<br>\nBulk Email Cancelled<br>\n<br>\n<br>\n</p>","emailMessage/Attachments":[{"Name":"Email (@{variables('sTimeStamp')}).htm","ContentBytes":"@triggerBody()?['file_1']?['contentBytes']"},{"Name":"List (@{variables('sTimeStamp')}).xlsx","ContentBytes":"@triggerBody()?['file']?['contentBytes']"}],"emailMessage/Importance":"High"},"authentication":{"value":"@json(decodeBase64(triggerOutputs().headers['X-MS-APIM-Tokens']))['$ConnectionKey']","type":"Raw"}}}}},"expression":{"equals":["@outputs('Start_and_wait_for_an_approval')?['body/outcome']","Send Emails"]},"metadata":{"operationMetadataId":"d90b7093-0eb1-4e20-bfb2-75fb40e0f80c"},"type":"If"},"sTimeStamp":{"runAfter":{"i":["Succeeded"]},"metadata":{"operationMetadataId":"d761ade8-dfaf-4b7c-b284-79dedb833ab0"},"type":"InitializeVariable","inputs":{"variables":[{"name":"sTimeStamp","type":"string","value":"@{formatDateTime(utcNow(),'dd-MM-yy hhmmss')}"}]}},"Setup":{"actions":{"Pivot_Data":{"runAfter":{"Create_file_Excel":["Succeeded"]},"metadata":{"operationMetadataId":"14003c0f-13a2-4277-bcf2-555cbfa2a71b","tableId":null},"type":"OpenApiConnection","inputs":{"host":{"apiId":"/providers/Microsoft.PowerApps/apis/shared_excelonlinebusiness","connectionName":"shared_excelonlinebusiness","operationId":"RunScriptProd"},"parameters":{"source":"me","drive":"b!ZRVA09xUnUOCwKEiI7XMdx-ebslnsblIsT-9xi0405eV1-QxOv11S4vtZ6rj3Pwo","file":"@outputs('Create_file_Excel')?['body/Id']","scriptId":"ms-officescript%3A%2F%2Fonedrive_business_itemlink%2F01GFTE5MRFU7VLA4AGSNDL5ARB7F7R6AKA","ScriptParameters":{}},"authentication":"@parameters('$authentication')"}},"List_rows_Main":{"runAfter":{"Pivot_Data":["Succeeded"]},"metadata":{"01GFTE5MXKRCZDKF4BONELT564K5VOJZAA":"/test bulk automation.xlsx","tableId":"mainTable","operationMetadataId":"0ae025a4-c3ff-4255-989c-ad9647f41fe9"},"type":"OpenApiConnection","inputs":{"host":{"apiId":"/providers/Microsoft.PowerApps/apis/shared_excelonlinebusiness","connectionName":"shared_excelonlinebusiness","operationId":"GetItems"},"parameters":{"source":"me","drive":"b!ZRVA09xUnUOCwKEiI7XMdx-ebslnsblIsT-9xi0405eV1-QxOv11S4vtZ6rj3Pwo","file":"@outputs('Create_file_Excel')?['body/Id']","table":"mainTable"},"authentication":"@parameters('$authentication')"}},"List_rows_pivot":{"runAfter":{"List_rows_Main":["Succeeded"]},"metadata":{"01GFTE5MXKRCZDKF4BONELT564K5VOJZAA":"/test bulk automation.xlsx","tableId":"pivotTable","operationMetadataId":"ee554c61-0049-47fc-835f-850a184973ba"},"type":"OpenApiConnection","inputs":{"host":{"apiId":"/providers/Microsoft.PowerApps/apis/shared_excelonlinebusiness","connectionName":"shared_excelonlinebusiness","operationId":"GetItems"},"parameters":{"source":"me","drive":"b!ZRVA09xUnUOCwKEiI7XMdx-ebslnsblIsT-9xi0405eV1-QxOv11S4vtZ6rj3Pwo","file":"@outputs('Create_file_Excel')?['body/Id']","table":"pivotTable"},"authentication":"@parameters('$authentication')"}},"Do_until":{"actions":{"Filter_array_preview":{"runAfter":{},"metadata":{"operationMetadataId":"ed13b0bd-4381-4a6c-9c86-9bb137c2880c"},"type":"Query","inputs":{"from":"@outputs('List_rows_pivot')?['body/value']","where":"@equals(item()?['ID'], string(add(variables('i'), 1)))"}},"Apply_to_each_3":{"foreach":"@body('Filter_array_preview')","actions":{"Compose_Preview":{"runAfter":{},"metadata":{"operationMetadataId":"2755c000-9183-4159-969b-62ab4687a8df"},"type":"Compose","inputs":"@replace(variables('sEmailbody'), items('Apply_to_each_3')?['Change'], items('Apply_to_each_3')?['with'])"},"Set_sEmailbody_2":{"runAfter":{"Compose_Preview":["Succeeded"]},"metadata":{"operationMetadataId":"d79095ab-2218-466f-84c4-96a7ffa6b5a7"},"type":"SetVariable","inputs":{"name":"sEmailbody","value":"@{outputs('Compose_Preview')}"}}},"runAfter":{"Reset_sEmailbody_2":["Succeeded"]},"metadata":{"operationMetadataId":"1086b378-6f1d-4c5c-aa76-01e3fe10dd01"},"type":"Foreach"},"Increment_i":{"runAfter":{"Send_an_email_from_a_shared_mailbox_(V2)_2":["Succeeded"]},"metadata":{"operationMetadataId":"5ec252f9-bda7-46be-8b5f-fb05db7b8957"},"type":"IncrementVariable","inputs":{"name":"i","value":1}},"Send_an_email_from_a_shared_mailbox_(V2)_2":{"runAfter":{"Apply_to_each_3":["Succeeded"]},"metadata":{"operationMetadataId":"932cb719-40b4-46e9-a099-d367139c7781"},"type":"OpenApiConnection","inputs":{"host":{"apiId":"/providers/Microsoft.PowerApps/apis/shared_office365","connectionName":"shared_office365","operationId":"SharedMailboxSendEmailV2"},"parameters":{"emailMessage/MailboxAddress":"@triggerBody()['text']","emailMessage/To":"@triggerOutputs()['headers']['x-ms-user-email-encoded']","emailMessage/Subject":" (PREVIEW) @{outputs('List_rows_Main')?['body/value']?[variables('i')]?['Subject']}","emailMessage/Body":"@variables('sEmailbody')"},"authentication":{"value":"@json(decodeBase64(triggerOutputs().headers['X-MS-APIM-Tokens']))['$ConnectionKey']","type":"Raw"}}},"Reset_sEmailbody_2":{"runAfter":{"Filter_array_preview":["Succeeded"]},"metadata":{"operationMetadataId":"9becb2d2-81e1-4dae-8ba7-3edd41a86675"},"type":"SetVariable","inputs":{"name":"sEmailbody","value":"@base64ToString(triggerBody()?['file_1']?['contentBytes'])"}}},"runAfter":{"List_rows_pivot":["Succeeded"]},"expression":"@equals(int(variables('i')), 2)","limit":{"count":2,"timeout":"PT1H"},"metadata":{"operationMetadataId":"30b757e6-ce51-48ff-95c5-97271e1e68b6"},"type":"Until"},"Start_and_wait_for_an_approval":{"runAfter":{"Do_until":["Succeeded"]},"metadata":{"operationMetadataId":"aad0c2d3-0cf8-4b80-9f02-a42c02629f24"},"type":"OpenApiConnectionWebhook","inputs":{"host":{"apiId":"/providers/Microsoft.PowerApps/apis/shared_approvals","connectionName":"shared_approvals","operationId":"StartAndWaitForAnApproval"},"parameters":{"approvalType":"CustomResponse","WebhookApprovalCreationInput/responseOptions":["Send Emails","Cancel Send Emails"],"WebhookApprovalCreationInput/title":"Bulk Email Send","WebhookApprovalCreationInput/assignedTo":"@{triggerOutputs()['headers']['x-ms-user-email-encoded']};","WebhookApprovalCreationInput/details":"Please confirm previous 2 PREVIEW emails are acceptable to send all bulk emails\nTotal Emails to Send: @{outputs('Pivot_Data')?['body/result']}","WebhookApprovalCreationInput/enableNotifications":true,"WebhookApprovalCreationInput/enableReassignment":true},"authentication":{"value":"@json(decodeBase64(triggerOutputs().headers['X-MS-APIM-Tokens']))['$ConnectionKey']","type":"Raw"}}},"Create_file_Excel":{"runAfter":{},"metadata":{"operationMetadataId":"cae450a3-002c-4610-a7c4-a66a9bb16ebf"},"type":"OpenApiConnection","inputs":{"host":{"apiId":"/providers/Microsoft.PowerApps/apis/shared_onedriveforbusiness","connectionName":"shared_onedriveforbusiness","operationId":"CreateFile"},"parameters":{"folderPath":"/","name":"List (@{variables('sTimeStamp')}).xlsx","body":"@triggerBody()?['file']?['contentBytes']"},"authentication":{"value":"@json(decodeBase64(triggerOutputs().headers['X-MS-APIM-Tokens']))['$ConnectionKey']","type":"Raw"}},"runtimeConfiguration":{"contentTransfer":{"transferMode":"Chunked"}}}},"runAfter":{"sTimeStamp":["Succeeded"]},"metadata":{"operationMetadataId":"d528d4e2-9e2a-4ea8-b5e8-216af4a9950a"},"type":"Scope"},"Send_an_email_Exception":{"runAfter":{"Setup":["Failed","TimedOut"]},"metadata":{"operationMetadataId":"3f75ac7c-8036-4bca-a96a-8b424b842c88"},"type":"OpenApiConnection","inputs":{"host":{"apiId":"/providers/Microsoft.PowerApps/apis/shared_office365","connectionName":"shared_office365","operationId":"SharedMailboxSendEmailV2"},"parameters":{"emailMessage/MailboxAddress":"@triggerBody()['text']","emailMessage/To":"@triggerOutputs()['headers']['x-ms-user-email-encoded']","emailMessage/Subject":"Bulk Email Failed","emailMessage/Body":"<p>Hi ,<br>\n<br>\nAttempted Bulk Email Failed<br>\n<br>\nError - Setup<br>\n<br>\n</p>","emailMessage/Attachments":[{"Name":"Email (@{variables('sTimeStamp')}).htm","ContentBytes":"@triggerBody()?['file_1']?['contentBytes']"},{"Name":"List (@{variables('sTimeStamp')}).xlsx","ContentBytes":"@triggerBody()?['file']?['contentBytes']"}],"emailMessage/Importance":"High"},"authentication":{"value":"@json(decodeBase64(triggerOutputs().headers['X-MS-APIM-Tokens']))['$ConnectionKey']","type":"Raw"}}}}},"connectionReferences":{"shared_office365":{"connectionName":"shared-office365-2713ad7c-5b0d-4f8b-b96c-995044652fe0","source":"Invoker","id":"/providers/Microsoft.PowerApps/apis/shared_office365","tier":"NotSpecified"},"shared_excelonlinebusiness":{"connectionName":"shared-excelonlinebu-79a3efca-1b30-4842-ad3c-bcf696828c31","source":"Embedded","id":"/providers/Microsoft.PowerApps/apis/shared_excelonlinebusiness","tier":"NotSpecified"},"shared_approvals":{"connectionName":"shared-approvals-951d8d87-5403-43ac-92d3-2961f2295d5f","source":"Invoker","id":"/providers/Microsoft.PowerApps/apis/shared_approvals","tier":"NotSpecified"},"shared_onedriveforbusiness":{"connectionName":"a3f32d82bc954b0084c2a3b82edd9c93","source":"Invoker","id":"/providers/Microsoft.PowerApps/apis/shared_onedriveforbusiness","tier":"NotSpecified"}},"flowFailureAlertSubscribed":false}}