<ImportExportXml xmlns:xsi="http://www.w3.org/2001/XMLSchema-instance">
  <Entities></Entities>
  <Roles></Roles>
  <Workflows></Workflows>
  <FieldSecurityProfiles></FieldSecurityProfiles>
  <Templates />
  <EntityMaps />
  <EntityRelationships />
  <OrganizationSettings />
  <optionsets />
  <CustomControls />
  <EntityDataProviders />
  <Connectors>
    <Connector>
      <connectorid>f18b81c4-ba0d-47dd-b93f-5697a5019e83</connectorid>
      <description>Returns an array of regex matches to input string</description>
      <displayname>Regex</displayname>
      <iconbrandcolor>#ffffff</iconbrandcolor>
      <name>wd_5Fregex</name>
      <connectortype>1</connectortype>
      <scriptoperations>[]</scriptoperations>
      <openapidefinition>/Connector/wd_5Fregex_openapidefinition.json</openapidefinition>
      <connectionparameters>/Connector/wd_5Fregex_connectionparameters.json</connectionparameters>
      <policytemplateinstances>/Connector/wd_5Fregex_policytemplateinstances.json</policytemplateinstances>
      <customcodeblobcontent>/Connector/wd_5Fregex_customcodeblobcontent.csx</customcodeblobcontent>
      <iconblob>/Connector/wd_5Fregex_iconblob.Png</iconblob>
    </Connector>
  </Connectors>
  <Languages>
    <Language>1033</Language>
  </Languages>
</ImportExportXml>