{
  "properties": {
    "connectionReferences": {
      "shared_commondataserviceforapps": {
        "runtimeSource": "embedded",
        "connection": {
          "connectionReferenceLogicalName": "ia_sharedcommondataserviceforapps_1db1f"
        },
        "api": {
          "name": "shared_commondataserviceforapps"
        }
      },
      "shared_onedriveforbusiness": {
        "runtimeSource": "invoker",
        "connection": {
          "connectionReferenceLogicalName": "ia_OneDrivePipeLine"
        },
        "api": {
          "name": "shared_onedriveforbusiness"
        }
      },
      "shared_office365": {
        "runtimeSource": "invoker",
        "connection": {
          "connectionReferenceLogicalName": "ia_OutlookPipeLine"
        },
        "api": {
          "name": "shared_office365"
        }
      }
    },
    "definition": {
      "$schema": "https://schema.management.azure.com/providers/Microsoft.Logic/schemas/2016-06-01/workflowdefinition.json#",
      "contentVersion": "1.0.0.0",
      "parameters": {
        "$connections": {
          "defaultValue": {},
          "type": "Object"
        },
        "$authentication": {
          "defaultValue": {},
          "type": "SecureObject"
        }
      },
      "triggers": {
        "manual": {
          "metadata": {
            "operationMetadataId": "ffd5c804-302c-41e1-ac95-cd95f720b24e"
          },
          "type": "Request",
          "kind": "Button",
          "inputs": {
            "schema": {
              "type": "object",
              "properties": {},
              "required": []
            }
          }
        }
      },
      "actions": {
        "Main": {
          "actions": {
            "List_rows": {
              "runAfter": {},
              "metadata": {
                "operationMetadataId": "18f58e33-8c14-46fe-b029-74024733391c"
              },
              "type": "OpenApiConnection",
              "inputs": {
                "host": {
                  "connectionName": "shared_commondataserviceforapps",
                  "operationId": "ListRecords",
                  "apiId": "/providers/Microsoft.PowerApps/apis/shared_commondataserviceforapps"
                },
                "parameters": {
                  "entityName": "solutions",
                  "$filter": "ismanaged eq false and isvisible eq true",
                  "$top": 100
                },
                "authentication": {
                  "type": "Raw",
                  "value": "@json(decodeBase64(triggerOutputs().headers['X-MS-APIM-Tokens']))['$ConnectionKey']"
                }
              }
            },
            "Apply_to_each": {
              "foreach": "@outputs('List_rows')?['body/value']",
              "actions": {
                "Create_file": {
                  "runAfter": {
                    "Perform_an_unbound_action": [
                      "Succeeded"
                    ]
                  },
                  "metadata": {
                    "operationMetadataId": "17fcf23f-d2c9-454f-b17a-9cc402b0c99d"
                  },
                  "type": "OpenApiConnection",
                  "inputs": {
                    "host": {
                      "connectionName": "shared_onedriveforbusiness",
                      "operationId": "CreateFile",
                      "apiId": "/providers/Microsoft.PowerApps/apis/shared_onedriveforbusiness"
                    },
                    "parameters": {
                      "folderPath": "/Power Platform",
                      "name": "@{items('Apply_to_each')?['friendlyname']}.zip",
                      "body": "@base64ToBinary(outputs('Perform_an_unbound_action')?['body/ExportSolutionFile'])"
                    },
                    "authentication": {
                      "type": "Raw",
                      "value": "@json(decodeBase64(triggerOutputs().headers['X-MS-APIM-Tokens']))['$ConnectionKey']"
                    }
                  },
                  "runtimeConfiguration": {
                    "contentTransfer": {
                      "transferMode": "Chunked"
                    }
                  }
                },
                "Perform_an_unbound_action": {
                  "runAfter": {},
                  "metadata": {
                    "operationMetadataId": "e89c1855-8401-4d59-99a3-9902d74ecda7"
                  },
                  "type": "OpenApiConnection",
                  "inputs": {
                    "host": {
                      "connectionName": "shared_commondataserviceforapps",
                      "operationId": "PerformUnboundAction",
                      "apiId": "/providers/Microsoft.PowerApps/apis/shared_commondataserviceforapps"
                    },
                    "parameters": {
                      "actionName": "ExportSolution",
                      "item/SolutionName": "@items('Apply_to_each')?['uniquename']",
                      "item/Managed": false,
                      "item/ExportAutoNumberingSettings": false,
                      "item/ExportCalendarSettings": false,
                      "item/ExportCustomizationSettings": false,
                      "item/ExportEmailTrackingSettings": false,
                      "item/ExportGeneralSettings": false,
                      "item/ExportMarketingSettings": false,
                      "item/ExportOutlookSynchronizationSettings": false,
                      "item/ExportRelationshipRoles": false,
                      "item/ExportIsvConfig": false,
                      "item/ExportSales": false,
                      "item/ExportExternalApplications": false
                    },
                    "authentication": {
                      "type": "Raw",
                      "value": "@json(decodeBase64(triggerOutputs().headers['X-MS-APIM-Tokens']))['$ConnectionKey']"
                    }
                  }
                },
                "Default_Solution": {
                  "runAfter": {
                    "Perform_an_unbound_action": [
                      "Failed",
                      "TimedOut"
                    ]
                  },
                  "metadata": {
                    "operationMetadataId": "13cfbdb7-57b8-4a97-9384-7a5aa496a17b"
                  },
                  "type": "Compose",
                  "inputs": "@{items('Apply_to_each')?['_createdonbehalfby_value@Microsoft.Dynamics.CRM.lookuplogicalname']}\n@{items('Apply_to_each')?['friendlyname']}\n@{items('Apply_to_each')?['ismanaged']}\n\n"
                }
              },
              "runAfter": {
                "List_rows": [
                  "Succeeded"
                ]
              },
              "metadata": {
                "operationMetadataId": "65244f47-1cb4-4211-8294-830ceb754a43"
              },
              "type": "Foreach"
            }
          },
          "runAfter": {},
          "metadata": {
            "operationMetadataId": "f42f4bf7-d053-4f72-92b7-b6530c11a412"
          },
          "type": "Scope"
        },
        "Exception": {
          "actions": {
            "Terminate": {
              "runAfter": {
                "Send_an_email_(V2)": [
                  "Succeeded"
                ]
              },
              "metadata": {
                "operationMetadataId": "aa005bfa-8abe-42c5-bec2-4bbe5b1ffa1f"
              },
              "type": "Terminate",
              "inputs": {
                "runStatus": "Failed"
              }
            },
            "Create_HTML_table": {
              "runAfter": {},
              "metadata": {
                "operationMetadataId": "b5aa8e2a-7cfb-4087-b05c-5e709905ceb2"
              },
              "type": "Table",
              "inputs": {
                "from": "@result('Main')",
                "format": "HTML",
                "columns": [
                  {
                    "header": "Action",
                    "value": "@item()['name']"
                  },
                  {
                    "header": "ErrorCode",
                    "value": "@item()?['error']?['code']"
                  },
                  {
                    "header": "Reason",
                    "value": "@item()?['error']?['message']"
                  }
                ]
              }
            },
            "Send_an_email_(V2)": {
              "runAfter": {
                "Create_HTML_table": [
                  "Succeeded"
                ]
              },
              "metadata": {
                "operationMetadataId": "f34c514b-d1ab-41f6-9785-156fa8b3f5e6"
              },
              "type": "OpenApiConnection",
              "inputs": {
                "host": {
                  "connectionName": "shared_office365",
                  "operationId": "SendEmailV2",
                  "apiId": "/providers/Microsoft.PowerApps/apis/shared_office365"
                },
                "parameters": {
                  "emailMessage/To": "David_Wyatt@tjxeurope.com",
                  "emailMessage/Subject": "Bulk Download Faiiled",
                  "emailMessage/Body": "@{body('Create_HTML_table')}\n<p>@{concat('https://make.powerautomate.com/manage/environments/', workflow()?['tags']?['environmentName'], '/flows/', workflow()?['name'], '/runs/', workflow()?['run']['name'])}</p>",
                  "emailMessage/Importance": "Normal"
                },
                "authentication": {
                  "type": "Raw",
                  "value": "@json(decodeBase64(triggerOutputs().headers['X-MS-APIM-Tokens']))['$ConnectionKey']"
                }
              }
            }
          },
          "runAfter": {
            "Main": [
              "TimedOut",
              "Failed"
            ]
          },
          "metadata": {
            "operationMetadataId": "98a5eb11-80b9-497e-8dee-6b5159e7417f"
          },
          "type": "Scope"
        }
      }
    },
    "templateName": ""
  },
  "schemaVersion": "1.0.0.0"
}