{
  "properties": {
    "connectionReferences": {
      "shared_sharepointonline_2": {
        "runtimeSource": "embedded",
        "connection": {
          "connectionReferenceLogicalName": "ia_SharePointPipeLine"
        },
        "api": {
          "name": "shared_sharepointonline"
        }
      },
      "shared_commondataserviceforapps": {
        "runtimeSource": "embedded",
        "connection": {
          "connectionReferenceLogicalName": "ia_sharedcommondataserviceforapps_1db1f"
        },
        "api": {
          "name": "shared_commondataserviceforapps"
        }
      }
    },
    "definition": {
      "$schema": "https://schema.management.azure.com/providers/Microsoft.Logic/schemas/2016-06-01/workflowdefinition.json#",
      "contentVersion": "1.0.0.0",
      "parameters": {
        "$connections": {
          "defaultValue": {},
          "type": "Object"
        },
        "$authentication": {
          "defaultValue": {},
          "type": "SecureObject"
        },
        "Environment (ia_Environment)": {
          "defaultValue": "Innovation-NPROD-DEV",
          "type": "String",
          "metadata": {
            "schemaName": "ia_Environment"
          }
        }
      },
      "triggers": {
        "When_an_item_is_created_or_modified": {
          "recurrence": {
            "interval": 1,
            "frequency": "Minute"
          },
          "splitOn": "@triggerOutputs()?['body/value']",
          "metadata": {
            "operationMetadataId": "89b2f576-4214-41a3-9c5c-6b0ccd686b76"
          },
          "type": "OpenApiConnection",
          "inputs": {
            "host": {
              "connectionName": "shared_sharepointonline_2",
              "operationId": "GetOnUpdatedItems",
              "apiId": "/providers/Microsoft.PowerApps/apis/shared_sharepointonline"
            },
            "parameters": {
              "dataset": "https://tjxinc.sharepoint.com/sites/GRP-PowerPlatformMakers",
              "table": "4a907cc9-3b1a-4855-ac0d-b203d598853b"
            },
            "authentication": "@parameters('$authentication')"
          },
          "conditions": [
            {
              "expression": "@equals(triggerOutputs()?['body/Status/Value'], 'Queued')"
            },
            {
              "expression": "@equals(triggerOutputs()?['body/SolutionName/Value'], parameters('Environment (ia_Environment)'))"
            }
          ]
        }
      },
      "actions": {
        "Main": {
          "actions": {
            "Add_attachment": {
              "runAfter": {
                "Perform_an_unbound_action": [
                  "Succeeded"
                ]
              },
              "metadata": {
                "operationMetadataId": "387aa811-c695-4152-9235-f8a851f95b2d"
              },
              "type": "OpenApiConnection",
              "inputs": {
                "host": {
                  "connectionName": "shared_sharepointonline_2",
                  "operationId": "CreateAttachment",
                  "apiId": "/providers/Microsoft.PowerApps/apis/shared_sharepointonline"
                },
                "parameters": {
                  "dataset": "https://tjxinc.sharepoint.com/sites/GRP-PowerPlatformMakers",
                  "table": "4a907cc9-3b1a-4855-ac0d-b203d598853b",
                  "itemId": "@triggerOutputs()?['body/ID']",
                  "displayName": "@{triggerOutputs()?['body/Title']}_v@{triggerOutputs()?['body/VersionNo']}_@{formatDateTime(utcNow(),'MMddhhmmss')}.zip",
                  "body": "@base64ToBinary(outputs('Perform_an_unbound_action')?['body/ExportSolutionFile'])"
                },
                "authentication": "@parameters('$authentication')"
              }
            },
            "Update_item_to_Exported": {
              "runAfter": {
                "Add_attachment": [
                  "Succeeded"
                ]
              },
              "metadata": {
                "operationMetadataId": "992a6497-5ab4-4f3b-9e85-d5b178766568"
              },
              "type": "OpenApiConnection",
              "inputs": {
                "host": {
                  "connectionName": "shared_sharepointonline_2",
                  "operationId": "PatchItem",
                  "apiId": "/providers/Microsoft.PowerApps/apis/shared_sharepointonline"
                },
                "parameters": {
                  "dataset": "https://tjxinc.sharepoint.com/sites/GRP-PowerPlatformMakers",
                  "table": "4a907cc9-3b1a-4855-ac0d-b203d598853b",
                  "id": "@triggerOutputs()?['body/ID']",
                  "item/Title": "@triggerOutputs()?['body/Title']",
                  "item/Status/Value": "Exported",
                  "item/SolutionData": "@outputs('Perform_an_unbound_action')?['body/ExportSolutionFile']"
                },
                "authentication": "@parameters('$authentication')"
              }
            },
            "Update_item_to_Exporting": {
              "runAfter": {},
              "metadata": {
                "operationMetadataId": "06d58a68-ab0b-4c5a-bf9f-8ba236d50327"
              },
              "type": "OpenApiConnection",
              "inputs": {
                "host": {
                  "connectionName": "shared_sharepointonline_2",
                  "operationId": "PatchItem",
                  "apiId": "/providers/Microsoft.PowerApps/apis/shared_sharepointonline"
                },
                "parameters": {
                  "dataset": "https://tjxinc.sharepoint.com/sites/GRP-PowerPlatformMakers",
                  "table": "4a907cc9-3b1a-4855-ac0d-b203d598853b",
                  "id": "@triggerOutputs()?['body/ID']",
                  "item/Title": "@triggerOutputs()?['body/Title']",
                  "item/Status/Value": "Exporting"
                },
                "authentication": "@parameters('$authentication')"
              }
            },
            "Perform_an_unbound_action": {
              "runAfter": {
                "Update_item_to_Exporting": [
                  "Succeeded"
                ]
              },
              "metadata": {
                "operationMetadataId": "e89c1855-8401-4d59-99a3-9902d74ecda7"
              },
              "type": "OpenApiConnection",
              "inputs": {
                "host": {
                  "connectionName": "shared_commondataserviceforapps",
                  "operationId": "PerformUnboundAction",
                  "apiId": "/providers/Microsoft.PowerApps/apis/shared_commondataserviceforapps"
                },
                "parameters": {
                  "actionName": "ExportSolution",
                  "item/SolutionName": "@outputs('Update_item_to_Exporting')?['body/Title']",
                  "item/Managed": false,
                  "item/ExportAutoNumberingSettings": true,
                  "item/ExportCalendarSettings": false,
                  "item/ExportCustomizationSettings": false,
                  "item/ExportEmailTrackingSettings": false,
                  "item/ExportGeneralSettings": false,
                  "item/ExportMarketingSettings": false,
                  "item/ExportOutlookSynchronizationSettings": false,
                  "item/ExportRelationshipRoles": false,
                  "item/ExportIsvConfig": false,
                  "item/ExportSales": false,
                  "item/ExportExternalApplications": false
                },
                "authentication": "@parameters('$authentication')"
              }
            }
          },
          "runAfter": {},
          "metadata": {
            "operationMetadataId": "b216a5df-41cb-4d67-9fae-5246b04d451b"
          },
          "type": "Scope"
        },
        "Exception": {
          "actions": {
            "Terminate": {
              "runAfter": {
                "Update_item_to_Failed": [
                  "Succeeded"
                ]
              },
              "metadata": {
                "operationMetadataId": "aa005bfa-8abe-42c5-bec2-4bbe5b1ffa1f"
              },
              "type": "Terminate",
              "inputs": {
                "runStatus": "Failed"
              }
            },
            "Create_HTML_table": {
              "runAfter": {},
              "metadata": {
                "operationMetadataId": "b5aa8e2a-7cfb-4087-b05c-5e709905ceb2"
              },
              "type": "Table",
              "inputs": {
                "from": "@result('Main')",
                "format": "HTML",
                "columns": [
                  {
                    "header": "Action",
                    "value": "@item()['name']"
                  },
                  {
                    "header": "ErrorCode",
                    "value": "@item()?['outputs']?['body']?['error']?['code']"
                  },
                  {
                    "header": "Reason",
                    "value": "@item()?['outputs']?['body']?['error']?['message']"
                  }
                ]
              }
            },
            "Update_item_to_Failed": {
              "runAfter": {
                "Create_HTML_table": [
                  "Succeeded"
                ]
              },
              "metadata": {
                "operationMetadataId": "992a6497-5ab4-4f3b-9e85-d5b178766568"
              },
              "type": "OpenApiConnection",
              "inputs": {
                "host": {
                  "connectionName": "shared_sharepointonline_2",
                  "operationId": "PatchItem",
                  "apiId": "/providers/Microsoft.PowerApps/apis/shared_sharepointonline"
                },
                "parameters": {
                  "dataset": "https://tjxinc.sharepoint.com/sites/GRP-PowerPlatformMakers",
                  "table": "4a907cc9-3b1a-4855-ac0d-b203d598853b",
                  "id": "@triggerOutputs()?['body/ID']",
                  "item/Title": "@triggerOutputs()?['body/Title']",
                  "item/Status/Value": "Failed",
                  "item/ErrorMessage": "@{body('Create_HTML_table')}\n<p>@{concat('https://make.powerautomate.com/manage/environments/', workflow()?['tags']?['environmentName'], '/flows/', workflow()?['name'], '/runs/', workflow()?['run']['name'])}</p>",
                  "item/FileID": "@triggerOutputs()?['body/ID']"
                },
                "authentication": "@parameters('$authentication')"
              }
            }
          },
          "runAfter": {
            "Main": [
              "Failed",
              "TimedOut"
            ]
          },
          "metadata": {
            "operationMetadataId": "98a5eb11-80b9-497e-8dee-6b5159e7417f"
          },
          "type": "Scope"
        }
      }
    },
    "templateName": ""
  },
  "schemaVersion": "1.0.0.0"
}