{
  "properties": {
    "connectionReferences": {
      "shared_commondataserviceforapps": {
        "runtimeSource": "embedded",
        "connection": {
          "connectionReferenceLogicalName": "ia_sharedcommondataserviceforapps_1db1f"
        },
        "api": {
          "name": "shared_commondataserviceforapps"
        }
      },
      "shared_sharepointonline_2": {
        "runtimeSource": "embedded",
        "connection": {
          "connectionReferenceLogicalName": "ia_SharePointPipeLine"
        },
        "api": {
          "name": "shared_sharepointonline"
        }
      },
      "shared_sharepointonline": {
        "runtimeSource": "embedded",
        "connection": {
          "connectionReferenceLogicalName": "ia_SharePointPipeLine"
        },
        "api": {
          "name": "shared_sharepointonline"
        }
      },
      "shared_approvals": {
        "runtimeSource": "embedded",
        "connection": {
          "connectionReferenceLogicalName": "ia_sharedapprovals_02aa5"
        },
        "api": {
          "name": "shared_approvals"
        }
      }
    },
    "definition": {
      "$schema": "https://schema.management.azure.com/providers/Microsoft.Logic/schemas/2016-06-01/workflowdefinition.json#",
      "contentVersion": "1.0.0.0",
      "parameters": {
        "$connections": {
          "defaultValue": {},
          "type": "Object"
        },
        "$authentication": {
          "defaultValue": {},
          "type": "SecureObject"
        },
        "Environment (ia_Environment)": {
          "defaultValue": "Innovation-NPROD-DEV",
          "type": "String",
          "metadata": {
            "schemaName": "ia_Environment"
          }
        }
      },
      "triggers": {
        "When_an_item_is_created_or_modified": {
          "recurrence": {
            "interval": 1,
            "frequency": "Minute"
          },
          "splitOn": "@triggerOutputs()?['body/value']",
          "metadata": {
            "operationMetadataId": "8ca6de82-b375-46e0-9e76-9aac335776d4"
          },
          "type": "OpenApiConnection",
          "inputs": {
            "host": {
              "connectionName": "shared_sharepointonline",
              "operationId": "GetOnUpdatedItems",
              "apiId": "/providers/Microsoft.PowerApps/apis/shared_sharepointonline"
            },
            "parameters": {
              "dataset": "https://tjxinc.sharepoint.com/sites/GRP-PowerPlatformMakers",
              "table": "4a907cc9-3b1a-4855-ac0d-b203d598853b"
            },
            "authentication": "@parameters('$authentication')"
          },
          "conditions": [
            {
              "expression": "@equals(triggerOutputs()?['body/TargetEnvirnonment/Value'],parameters('Environment (ia_Environment)'))"
            },
            {
              "expression": "@equals(triggerOutputs()?['body/Status/Value'], 'Exported')"
            }
          ]
        }
      },
      "actions": {
        "Main": {
          "actions": {
            "Perform_an_unbound_action": {
              "runAfter": {
                "Test_to_Prod": [
                  "Succeeded"
                ]
              },
              "metadata": {
                "operationMetadataId": "e57078f4-c81f-4dd3-9cba-df9e74e89f48"
              },
              "type": "OpenApiConnection",
              "inputs": {
                "host": {
                  "connectionName": "shared_commondataserviceforapps",
                  "operationId": "PerformUnboundAction",
                  "apiId": "/providers/Microsoft.PowerApps/apis/shared_commondataserviceforapps"
                },
                "parameters": {
                  "actionName": "ImportSolution",
                  "item/OverwriteUnmanagedCustomizations": false,
                  "item/PublishWorkflows": false,
                  "item/CustomizationFile": "@triggerOutputs()?['body/SolutionData']",
                  "item/ImportJobId": "@guid()",
                  "item/ConvertToManaged": false,
                  "item/SkipProductUpdateDependencies": false,
                  "item/HoldingSolution": false,
                  "item/SkipQueueRibbonJob": false,
                  "item/AsyncRibbonProcessing": false,
                  "item/IsTemplateMode": false
                },
                "authentication": "@parameters('$authentication')",
                "retryPolicy": {
                  "type": "none"
                }
              }
            },
            "Update_item_to_Complete": {
              "runAfter": {
                "Run_a_Child_Flow": [
                  "Succeeded"
                ]
              },
              "metadata": {
                "operationMetadataId": "06d58a68-ab0b-4c5a-bf9f-8ba236d50327"
              },
              "type": "OpenApiConnection",
              "inputs": {
                "host": {
                  "connectionName": "shared_sharepointonline_2",
                  "operationId": "PatchItem",
                  "apiId": "/providers/Microsoft.PowerApps/apis/shared_sharepointonline"
                },
                "parameters": {
                  "dataset": "https://tjxinc.sharepoint.com/sites/GRP-PowerPlatformMakers",
                  "table": "4a907cc9-3b1a-4855-ac0d-b203d598853b",
                  "id": "@triggerOutputs()?['body/ID']",
                  "item/Title": "@triggerOutputs()?['body/Title']",
                  "item/Status/Value": "@if(equals(body('Run_a_Child_Flow')?['errormess'],'-'),'Complete','Failed')",
                  "item/ErrorMessage": "@body('Run_a_Child_Flow')?['errormess']"
                },
                "authentication": "@parameters('$authentication')"
              }
            },
            "Test_to_Prod": {
              "actions": {
                "Response": {
                  "actions": {},
                  "runAfter": {
                    "Start_and_wait_for_an_approval": [
                      "Succeeded"
                    ]
                  },
                  "else": {
                    "actions": {
                      "Update_item_to_Not_Approved": {
                        "runAfter": {},
                        "metadata": {
                          "operationMetadataId": "06d58a68-ab0b-4c5a-bf9f-8ba236d50327"
                        },
                        "type": "OpenApiConnection",
                        "inputs": {
                          "host": {
                            "connectionName": "shared_sharepointonline_2",
                            "operationId": "PatchItem",
                            "apiId": "/providers/Microsoft.PowerApps/apis/shared_sharepointonline"
                          },
                          "parameters": {
                            "dataset": "https://tjxinc.sharepoint.com/sites/GRP-PowerPlatformMakers",
                            "table": "4a907cc9-3b1a-4855-ac0d-b203d598853b",
                            "id": "@triggerOutputs()?['body/ID']",
                            "item/Title": "@triggerOutputs()?['body/Title']",
                            "item/Status/Value": "Not Approved",
                            "item/ErrorMessage": "@outputs('Start_and_wait_for_an_approval')?['body/details']"
                          },
                          "authentication": "@parameters('$authentication')"
                        }
                      },
                      "Terminate_Not_Approved": {
                        "runAfter": {
                          "Update_item_to_Not_Approved": [
                            "Succeeded"
                          ]
                        },
                        "metadata": {
                          "operationMetadataId": "ef491ea4-c66c-414e-b49c-3cf16d681ac8"
                        },
                        "type": "Terminate",
                        "inputs": {
                          "runStatus": "Succeeded"
                        }
                      }
                    }
                  },
                  "expression": {
                    "equals": [
                      "@outputs('Start_and_wait_for_an_approval')?['body/outcome']",
                      "Approve"
                    ]
                  },
                  "metadata": {
                    "operationMetadataId": "a1682a01-aa2a-4170-b699-bde3815be31b"
                  },
                  "type": "If"
                },
                "Update_item_to_Not_Approved_Timed_Out": {
                  "runAfter": {
                    "Start_and_wait_for_an_approval": [
                      "TimedOut",
                      "Failed"
                    ]
                  },
                  "metadata": {
                    "operationMetadataId": "06d58a68-ab0b-4c5a-bf9f-8ba236d50327"
                  },
                  "type": "OpenApiConnection",
                  "inputs": {
                    "host": {
                      "connectionName": "shared_sharepointonline_2",
                      "operationId": "PatchItem",
                      "apiId": "/providers/Microsoft.PowerApps/apis/shared_sharepointonline"
                    },
                    "parameters": {
                      "dataset": "https://tjxinc.sharepoint.com/sites/GRP-PowerPlatformMakers",
                      "table": "4a907cc9-3b1a-4855-ac0d-b203d598853b",
                      "id": "@triggerOutputs()?['body/ID']",
                      "item/Title": "@triggerOutputs()?['body/Title']",
                      "item/Status/Value": "Not Approved",
                      "item/ErrorMessage": "Response TImed out"
                    },
                    "authentication": "@parameters('$authentication')"
                  }
                },
                "Terminate_Timed_Out": {
                  "runAfter": {
                    "Update_item_to_Not_Approved_Timed_Out": [
                      "Succeeded",
                      "Failed",
                      "TimedOut"
                    ]
                  },
                  "metadata": {
                    "operationMetadataId": "fc197afb-3a70-488c-a403-151263ea6834"
                  },
                  "type": "Terminate",
                  "inputs": {
                    "runStatus": "Cancelled"
                  }
                },
                "Get_items_Approvers": {
                  "runAfter": {},
                  "metadata": {
                    "operationMetadataId": "e40e0baf-531b-4462-b659-c3ddb708d09b"
                  },
                  "type": "OpenApiConnection",
                  "inputs": {
                    "host": {
                      "connectionName": "shared_sharepointonline",
                      "operationId": "GetItems",
                      "apiId": "/providers/Microsoft.PowerApps/apis/shared_sharepointonline"
                    },
                    "parameters": {
                      "dataset": "https://tjxinc.sharepoint.com/sites/GRP-PowerPlatformMakers",
                      "table": "d3257ebe-c9ab-4def-aea2-bc9865cdf5c3",
                      "$filter": "Title eq 'Approve'"
                    },
                    "authentication": "@parameters('$authentication')"
                  }
                },
                "Start_and_wait_for_an_approval": {
                  "runAfter": {
                    "Apply_to_each_Approver": [
                      "Succeeded"
                    ]
                  },
                  "limit": {
                    "timeout": "P1D"
                  },
                  "metadata": {
                    "operationMetadataId": "0e4eebac-f89e-45e2-817d-77787373c6ff"
                  },
                  "type": "OpenApiConnectionWebhook",
                  "inputs": {
                    "host": {
                      "connectionName": "shared_approvals",
                      "operationId": "StartAndWaitForAnApproval",
                      "apiId": "/providers/Microsoft.PowerApps/apis/shared_approvals"
                    },
                    "parameters": {
                      "approvalType": "Basic",
                      "WebhookApprovalCreationInput/title": "@{triggerOutputs()?['body/Title']} Test to Prod",
                      "WebhookApprovalCreationInput/assignedTo": "@variables('sApprovers')",
                      "WebhookApprovalCreationInput/details": "Change: @{triggerOutputs()?['body/ChangeNumber']}\n\nFrom: @{triggerOutputs()?['body/SolutionName']}\nTo: @{triggerOutputs()?['body/TargetEnvirnonment']}\nRequested By: @{triggerOutputs()?['body/Author/Email']}",
                      "WebhookApprovalCreationInput/itemLink": "@triggerOutputs()?['body/{Link}']",
                      "WebhookApprovalCreationInput/itemLinkDescription": "Request Details",
                      "WebhookApprovalCreationInput/enableNotifications": true,
                      "WebhookApprovalCreationInput/enableReassignment": true
                    },
                    "authentication": "@parameters('$authentication')"
                  }
                },
                "Apply_to_each_Approver": {
                  "foreach": "@outputs('Get_items_Approvers')?['body/value']",
                  "actions": {
                    "Append_to_string_aApprovers": {
                      "runAfter": {},
                      "metadata": {
                        "operationMetadataId": "10f2004f-32c7-4294-8320-ee609aa850a9"
                      },
                      "type": "AppendToStringVariable",
                      "inputs": {
                        "name": "sApprovers",
                        "value": "@{items('Apply_to_each_Approver')?['Person/Email']};"
                      }
                    }
                  },
                  "runAfter": {
                    "Get_items_Approvers": [
                      "Succeeded"
                    ]
                  },
                  "metadata": {
                    "operationMetadataId": "ae64f237-71a2-4c2e-a750-3a8c18c80fbe"
                  },
                  "type": "Foreach"
                }
              },
              "runAfter": {},
              "else": {
                "actions": {
                  "Valid_Request": {
                    "actions": {},
                    "runAfter": {},
                    "else": {
                      "actions": {
                        "Update_item_to_Invalid": {
                          "runAfter": {},
                          "metadata": {
                            "operationMetadataId": "06d58a68-ab0b-4c5a-bf9f-8ba236d50327"
                          },
                          "type": "OpenApiConnection",
                          "inputs": {
                            "host": {
                              "connectionName": "shared_sharepointonline_2",
                              "operationId": "PatchItem",
                              "apiId": "/providers/Microsoft.PowerApps/apis/shared_sharepointonline"
                            },
                            "parameters": {
                              "dataset": "https://tjxinc.sharepoint.com/sites/GRP-PowerPlatformMakers",
                              "table": "4a907cc9-3b1a-4855-ac0d-b203d598853b",
                              "id": "@triggerOutputs()?['body/ID']",
                              "item/Title": "@triggerOutputs()?['body/Title']",
                              "item/Status/Value": "Failed",
                              "item/ErrorMessage": "Invalid Deployment"
                            },
                            "authentication": "@parameters('$authentication')"
                          }
                        },
                        "Terminate_Invalid": {
                          "runAfter": {
                            "Update_item_to_Invalid": [
                              "Succeeded",
                              "Failed",
                              "TimedOut"
                            ]
                          },
                          "metadata": {
                            "operationMetadataId": "fc197afb-3a70-488c-a403-151263ea6834"
                          },
                          "type": "Terminate",
                          "inputs": {
                            "runStatus": "Cancelled"
                          }
                        }
                      }
                    },
                    "expression": {
                      "and": [
                        {
                          "not": {
                            "equals": [
                              "@triggerOutputs()?['body/Deployment/Value']",
                              "Test to Prod"
                            ]
                          }
                        },
                        {
                          "not": {
                            "contains": [
                              "@triggerOutputs()?['body/TargetEnvirnonment/Value']",
                              "-PROD"
                            ]
                          }
                        },
                        {
                          "or": [
                            {
                              "contains": [
                                "@triggerOutputs()?['body/SolutionName/Value']",
                                "-DEV"
                              ]
                            },
                            {
                              "contains": [
                                "@triggerOutputs()?['body/SolutionName/Value']",
                                "-SANDB"
                              ]
                            }
                          ]
                        }
                      ]
                    },
                    "metadata": {
                      "operationMetadataId": "aef59955-7488-429f-afbf-6d2aeafc28f0"
                    },
                    "type": "If"
                  }
                }
              },
              "expression": {
                "and": [
                  {
                    "equals": [
                      "@triggerOutputs()?['body/Deployment/Value']",
                      "Test to Prod"
                    ]
                  },
                  {
                    "equals": [
                      "@triggerOutputs()?['body/SolutionName']",
                      "-PROD"
                    ]
                  },
                  {
                    "equals": [
                      "@triggerOutputs()?['body/TargetEnvirnonment']",
                      "-TEST"
                    ]
                  }
                ]
              },
              "metadata": {
                "operationMetadataId": "d953c98d-5686-432c-a612-6bb9385defbf"
              },
              "type": "If"
            },
            "Update_Connections": {
              "actions": {
                "Response_2": {
                  "actions": {},
                  "runAfter": {
                    "Start_and_wait_for_an_approval_connections": [
                      "Succeeded"
                    ]
                  },
                  "else": {
                    "actions": {
                      "Update_item_to_Not_Approved_2": {
                        "runAfter": {},
                        "metadata": {
                          "operationMetadataId": "06d58a68-ab0b-4c5a-bf9f-8ba236d50327"
                        },
                        "type": "OpenApiConnection",
                        "inputs": {
                          "host": {
                            "connectionName": "shared_sharepointonline_2",
                            "operationId": "PatchItem",
                            "apiId": "/providers/Microsoft.PowerApps/apis/shared_sharepointonline"
                          },
                          "parameters": {
                            "dataset": "https://tjxinc.sharepoint.com/sites/GRP-PowerPlatformMakers",
                            "table": "4a907cc9-3b1a-4855-ac0d-b203d598853b",
                            "id": "@triggerOutputs()?['body/ID']",
                            "item/Title": "@triggerOutputs()?['body/Title']",
                            "item/Status/Value": "Failed",
                            "item/ErrorMessage": "@outputs('Start_and_wait_for_an_approval')?['body/details']"
                          },
                          "authentication": "@parameters('$authentication')"
                        }
                      },
                      "Terminate_Not_Approved_2": {
                        "runAfter": {
                          "Update_item_to_Not_Approved_2": [
                            "Succeeded"
                          ]
                        },
                        "metadata": {
                          "operationMetadataId": "ef491ea4-c66c-414e-b49c-3cf16d681ac8"
                        },
                        "type": "Terminate",
                        "inputs": {
                          "runStatus": "Succeeded"
                        }
                      }
                    }
                  },
                  "expression": {
                    "equals": [
                      "@outputs('Start_and_wait_for_an_approval_connections')?['body/outcome']",
                      "Approve"
                    ]
                  },
                  "metadata": {
                    "operationMetadataId": "a1682a01-aa2a-4170-b699-bde3815be31b"
                  },
                  "type": "If"
                },
                "Update_item_to_Not_Approved_Timed_Out_2": {
                  "runAfter": {
                    "Start_and_wait_for_an_approval_connections": [
                      "Failed",
                      "TimedOut"
                    ]
                  },
                  "metadata": {
                    "operationMetadataId": "06d58a68-ab0b-4c5a-bf9f-8ba236d50327"
                  },
                  "type": "OpenApiConnection",
                  "inputs": {
                    "host": {
                      "connectionName": "shared_sharepointonline_2",
                      "operationId": "PatchItem",
                      "apiId": "/providers/Microsoft.PowerApps/apis/shared_sharepointonline"
                    },
                    "parameters": {
                      "dataset": "https://tjxinc.sharepoint.com/sites/GRP-PowerPlatformMakers",
                      "table": "4a907cc9-3b1a-4855-ac0d-b203d598853b",
                      "id": "@triggerOutputs()?['body/ID']",
                      "item/Title": "@triggerOutputs()?['body/Title']",
                      "item/Status/Value": "Failed",
                      "item/ErrorMessage": "Request for sign in - @{outputs('Update_item_to_Importing')?['body/AccountSignin/Value']} - Timed Out"
                    },
                    "authentication": "@parameters('$authentication')"
                  }
                },
                "Terminate_Timed_Out_2": {
                  "runAfter": {
                    "Update_item_to_Not_Approved_Timed_Out_2": [
                      "Succeeded",
                      "Failed",
                      "TimedOut"
                    ]
                  },
                  "metadata": {
                    "operationMetadataId": "fc197afb-3a70-488c-a403-151263ea6834"
                  },
                  "type": "Terminate",
                  "inputs": {
                    "runStatus": "Succeeded"
                  }
                },
                "Get_items_Connection_Changers": {
                  "runAfter": {},
                  "metadata": {
                    "operationMetadataId": "e40e0baf-531b-4462-b659-c3ddb708d09b"
                  },
                  "type": "OpenApiConnection",
                  "inputs": {
                    "host": {
                      "connectionName": "shared_sharepointonline",
                      "operationId": "GetItems",
                      "apiId": "/providers/Microsoft.PowerApps/apis/shared_sharepointonline"
                    },
                    "parameters": {
                      "dataset": "https://tjxinc.sharepoint.com/sites/GRP-PowerPlatformMakers",
                      "table": "d3257ebe-c9ab-4def-aea2-bc9865cdf5c3",
                      "$filter": "Title eq 'Approve'"
                    },
                    "authentication": "@parameters('$authentication')"
                  }
                },
                "Start_and_wait_for_an_approval_connections": {
                  "runAfter": {
                    "Connection_Refs": [
                      "Succeeded"
                    ]
                  },
                  "limit": {
                    "timeout": "P1D"
                  },
                  "metadata": {
                    "operationMetadataId": "0e4eebac-f89e-45e2-817d-77787373c6ff"
                  },
                  "type": "OpenApiConnectionWebhook",
                  "inputs": {
                    "host": {
                      "connectionName": "shared_approvals",
                      "operationId": "StartAndWaitForAnApproval",
                      "apiId": "/providers/Microsoft.PowerApps/apis/shared_approvals"
                    },
                    "parameters": {
                      "approvalType": "Basic",
                      "WebhookApprovalCreationInput/title": "@{triggerOutputs()?['body/Title']} New Connection Sign in",
                      "WebhookApprovalCreationInput/assignedTo": "@if(equals(triggerOutputs()?['body/Deployment/Value'],'Dev to Dev'),triggerOutputs()?['body/Author/Email'],variables('sConnections'))",
                      "WebhookApprovalCreationInput/details": "Change: @{triggerOutputs()?['body/ChangeNumber']}\nReason: @{outputs('Update_item_to_Importing')?['body/AccountSignin/Value']}\nEnvironment: @{triggerOutputs()?['body/TargetEnvirnonment']}\nRequested By: @{triggerOutputs()?['body/Author/Email']}\nPlease approve once connections have been updated",
                      "WebhookApprovalCreationInput/itemLink": "@triggerOutputs()?['body/{Link}']",
                      "WebhookApprovalCreationInput/itemLinkDescription": "Request Details",
                      "WebhookApprovalCreationInput/enableNotifications": true,
                      "WebhookApprovalCreationInput/enableReassignment": true
                    },
                    "authentication": "@parameters('$authentication')"
                  }
                },
                "Apply_to_each_Changer": {
                  "foreach": "@outputs('Get_items_Connection_Changers')?['body/value']",
                  "actions": {
                    "Append_to_string_sConnections": {
                      "runAfter": {},
                      "metadata": {
                        "operationMetadataId": "10f2004f-32c7-4294-8320-ee609aa850a9"
                      },
                      "type": "AppendToStringVariable",
                      "inputs": {
                        "name": "sConnections",
                        "value": "@{items('Apply_to_each_Changer')?['Person']};"
                      }
                    }
                  },
                  "runAfter": {
                    "Get_items_Connection_Changers": [
                      "Succeeded"
                    ]
                  },
                  "metadata": {
                    "operationMetadataId": "ae64f237-71a2-4c2e-a750-3a8c18c80fbe"
                  },
                  "type": "Foreach"
                },
                "Connection_Refs": {
                  "actions": {
                    "List_rows_Find_User": {
                      "runAfter": {},
                      "metadata": {
                        "operationMetadataId": "2571ba66-0213-43d2-a8c9-a31e091985c6"
                      },
                      "type": "OpenApiConnection",
                      "inputs": {
                        "host": {
                          "connectionName": "shared_commondataserviceforapps",
                          "operationId": "ListRecords",
                          "apiId": "/providers/Microsoft.PowerApps/apis/shared_commondataserviceforapps"
                        },
                        "parameters": {
                          "entityName": "systemusers",
                          "$filter": "internalemailaddress eq '@{if(equals(triggerOutputs()?['body/Deployment/Value'],'Dev to Dev'),triggerOutputs()?['body/Author/Email'],triggerOutputs()?['body/DigitalWorker/Email'])\r\n}'"
                        },
                        "authentication": "@parameters('$authentication')"
                      }
                    },
                    "List_rows_to_find_solution": {
                      "runAfter": {
                        "List_rows_Find_User": [
                          "Succeeded"
                        ]
                      },
                      "metadata": {
                        "operationMetadataId": "c8b6350e-2d8b-4461-9018-08960cf8b8a8"
                      },
                      "type": "OpenApiConnection",
                      "inputs": {
                        "host": {
                          "connectionName": "shared_commondataserviceforapps",
                          "operationId": "ListRecords",
                          "apiId": "/providers/Microsoft.PowerApps/apis/shared_commondataserviceforapps"
                        },
                        "parameters": {
                          "entityName": "solutions",
                          "$filter": "uniquename eq '@{triggerOutputs()?['body/Title']}'",
                          "$top": 1
                        },
                        "authentication": "@parameters('$authentication')"
                      }
                    },
                    "List_rows_Solution_Components_Connection_Refs": {
                      "runAfter": {
                        "List_rows_to_find_solution": [
                          "Succeeded"
                        ]
                      },
                      "metadata": {
                        "operationMetadataId": "43025776-840c-4cb8-b854-116bb838ce76"
                      },
                      "type": "OpenApiConnection",
                      "inputs": {
                        "host": {
                          "connectionName": "shared_commondataserviceforapps",
                          "operationId": "ListRecords",
                          "apiId": "/providers/Microsoft.PowerApps/apis/shared_commondataserviceforapps"
                        },
                        "parameters": {
                          "entityName": "solutioncomponents",
                          "$filter": "_solutionid_value eq '@{outputs('List_rows_to_find_solution')?['body/value'][0]?['solutionid']}' and componenttype eq 10039"
                        },
                        "authentication": "@parameters('$authentication')"
                      },
                      "runtimeConfiguration": {
                        "paginationPolicy": {
                          "minimumItemCount": 10000
                        }
                      }
                    },
                    "Apply_to_each_Connection_Ref": {
                      "foreach": "@outputs('List_rows_Solution_Components_Connection_Refs')?['body/value']",
                      "actions": {
                        "Update_a_row_connectionreferences_2": {
                          "runAfter": {},
                          "metadata": {
                            "operationMetadataId": "a3b3fe24-0261-4f73-8b87-8d685fb22f05"
                          },
                          "type": "OpenApiConnection",
                          "inputs": {
                            "host": {
                              "connectionName": "shared_commondataserviceforapps",
                              "operationId": "UpdateRecord",
                              "apiId": "/providers/Microsoft.PowerApps/apis/shared_commondataserviceforapps"
                            },
                            "parameters": {
                              "entityName": "connectionreferences",
                              "recordId": "@items('Apply_to_each_Connection_Ref')?['objectid']",
                              "item/ownerid@odata.bind": "@outputs('List_rows_Find_User')?['body/value'][0]?['@odata.id']"
                            },
                            "authentication": "@parameters('$authentication')"
                          }
                        }
                      },
                      "runAfter": {
                        "List_rows_Solution_Components_Connection_Refs": [
                          "Succeeded"
                        ]
                      },
                      "metadata": {
                        "operationMetadataId": "a154a81e-9f0f-4f56-a69a-77c1ad1bbd30"
                      },
                      "type": "Foreach"
                    }
                  },
                  "runAfter": {
                    "Apply_to_each_Changer": [
                      "Succeeded"
                    ]
                  },
                  "metadata": {
                    "operationMetadataId": "4590947c-ef3a-472f-a152-ad23abbcc66f"
                  },
                  "type": "Scope"
                }
              },
              "runAfter": {
                "Perform_an_unbound_action": [
                  "Succeeded"
                ]
              },
              "expression": {
                "not": {
                  "equals": [
                    "@outputs('Update_item_to_Importing')?['body/AccountSignin/Value']",
                    "Not Required"
                  ]
                }
              },
              "metadata": {
                "operationMetadataId": "e2a406a4-e168-45fa-84c7-4da0ddf0d5a9"
              },
              "type": "If"
            },
            "Run_a_Child_Flow": {
              "runAfter": {
                "Update_Connections": [
                  "Succeeded"
                ]
              },
              "metadata": {
                "operationMetadataId": "13d39779-4250-46e5-a10e-bf17c757f550"
              },
              "type": "Workflow",
              "inputs": {
                "host": {
                  "workflowReferenceName": "0f0bf848-4df6-ed11-8848-002248272486"
                },
                "body": {
                  "text": "@triggerOutputs()?['body/Title']",
                  "text_1": "@if(equals(triggerOutputs()?['body/Deployment/Value'],'Dev to Dev'),triggerOutputs()?['body/Author/Email'],triggerOutputs()?['body/DigitalWorker/Email'])"
                }
              }
            }
          },
          "runAfter": {
            "Initialize_sConnections": [
              "Succeeded"
            ]
          },
          "metadata": {
            "operationMetadataId": "f0dc5bd5-0bcd-413f-910c-18ab0d8e556d"
          },
          "type": "Scope"
        },
        "Exception": {
          "actions": {
            "Terminate": {
              "runAfter": {
                "Update_item_to_Failed": [
                  "Succeeded"
                ]
              },
              "metadata": {
                "operationMetadataId": "aa005bfa-8abe-42c5-bec2-4bbe5b1ffa1f"
              },
              "type": "Terminate",
              "inputs": {
                "runStatus": "Failed"
              }
            },
            "Create_HTML_table": {
              "runAfter": {},
              "metadata": {
                "operationMetadataId": "b5aa8e2a-7cfb-4087-b05c-5e709905ceb2"
              },
              "type": "Table",
              "inputs": {
                "from": "@result('Main')",
                "format": "HTML",
                "columns": [
                  {
                    "header": "Action",
                    "value": "@item()['name']"
                  },
                  {
                    "header": "ErrorCode",
                    "value": "@item()?['body']?['error']?['code']"
                  },
                  {
                    "header": "Reason",
                    "value": "@item()?['outputs']?['body']?['error']?['message']"
                  }
                ]
              }
            },
            "Update_item_to_Failed": {
              "runAfter": {
                "Create_HTML_table": [
                  "Succeeded"
                ]
              },
              "metadata": {
                "operationMetadataId": "992a6497-5ab4-4f3b-9e85-d5b178766568"
              },
              "type": "OpenApiConnection",
              "inputs": {
                "host": {
                  "connectionName": "shared_sharepointonline_2",
                  "operationId": "PatchItem",
                  "apiId": "/providers/Microsoft.PowerApps/apis/shared_sharepointonline"
                },
                "parameters": {
                  "dataset": "https://tjxinc.sharepoint.com/sites/GRP-PowerPlatformMakers",
                  "table": "4a907cc9-3b1a-4855-ac0d-b203d598853b",
                  "id": "@triggerOutputs()?['body/ID']",
                  "item/Title": "@triggerOutputs()?['body/Title']",
                  "item/Status/Value": "Failed",
                  "item/ErrorMessage": "@{body('Create_HTML_table')}\n<p>@{concat('https://make.powerautomate.com/manage/environments/', workflow()?['tags']?['environmentName'], '/flows/', workflow()?['name'], '/runs/', workflow()?['run']['name'])}</p>"
                },
                "authentication": "@parameters('$authentication')"
              }
            }
          },
          "runAfter": {
            "Main": [
              "Failed",
              "TimedOut"
            ]
          },
          "metadata": {
            "operationMetadataId": "98a5eb11-80b9-497e-8dee-6b5159e7417f"
          },
          "type": "Scope"
        },
        "Update_item_to_Importing": {
          "runAfter": {},
          "metadata": {
            "operationMetadataId": "06d58a68-ab0b-4c5a-bf9f-8ba236d50327"
          },
          "type": "OpenApiConnection",
          "inputs": {
            "host": {
              "connectionName": "shared_sharepointonline_2",
              "operationId": "PatchItem",
              "apiId": "/providers/Microsoft.PowerApps/apis/shared_sharepointonline"
            },
            "parameters": {
              "dataset": "https://tjxinc.sharepoint.com/sites/GRP-PowerPlatformMakers",
              "table": "4a907cc9-3b1a-4855-ac0d-b203d598853b",
              "id": "@triggerOutputs()?['body/ID']",
              "item/Title": "@triggerOutputs()?['body/Title']",
              "item/Status/Value": "Importing"
            },
            "authentication": "@parameters('$authentication')"
          }
        },
        "Initialize_sApprovers": {
          "runAfter": {
            "Update_item_to_Importing": [
              "Succeeded"
            ]
          },
          "metadata": {
            "operationMetadataId": "70379443-b13a-4d8f-b24a-a311054734f7"
          },
          "type": "InitializeVariable",
          "inputs": {
            "variables": [
              {
                "name": "sApprovers",
                "type": "string"
              }
            ]
          }
        },
        "Initialize_sConnections": {
          "runAfter": {
            "Initialize_sApprovers": [
              "Succeeded"
            ]
          },
          "metadata": {
            "operationMetadataId": "ed665bdb-782a-4f1a-9631-5eb3444f15ec"
          },
          "type": "InitializeVariable",
          "inputs": {
            "variables": [
              {
                "name": "sConnections",
                "type": "string"
              }
            ]
          }
        }
      }
    },
    "templateName": ""
  },
  "schemaVersion": "1.0.0.0"
}