{
  "properties": {
    "connectionReferences": {
      "shared_powerappsforadmins_1": {
        "runtimeSource": "invoker",
        "connection": {
          "connectionReferenceLogicalName": "ia_sharedpowerappsforadmins_0ef72"
        },
        "api": {
          "name": "shared_powerappsforadmins"
        }
      },
      "shared_commondataserviceforapps": {
        "runtimeSource": "embedded",
        "connection": {
          "connectionReferenceLogicalName": "ia_sharedcommondataserviceforapps_1db1f"
        },
        "api": {
          "name": "shared_commondataserviceforapps"
        }
      }
    },
    "definition": {
      "$schema": "https://schema.management.azure.com/providers/Microsoft.Logic/schemas/2016-06-01/workflowdefinition.json#",
      "contentVersion": "1.0.0.0",
      "parameters": {
        "$connections": {
          "defaultValue": {},
          "type": "Object"
        },
        "$authentication": {
          "defaultValue": {},
          "type": "SecureObject"
        }
      },
      "triggers": {
        "manual": {
          "metadata": {
            "operationMetadataId": "04f2a07e-0bd3-41b1-9741-6aca24b51a32"
          },
          "type": "Request",
          "kind": "Button",
          "inputs": {
            "schema": {
              "type": "object",
              "properties": {
                "text": {
                  "title": "Environment ID",
                  "type": "string",
                  "x-ms-dynamically-added": true,
                  "description": "Please enter your input",
                  "x-ms-content-hint": "TEXT"
                },
                "text_1": {
                  "title": "Email",
                  "type": "string",
                  "x-ms-dynamically-added": true,
                  "description": "Please enter your input",
                  "x-ms-content-hint": "TEXT"
                },
                "text_2": {
                  "title": "Connector",
                  "type": "string",
                  "x-ms-dynamically-added": true,
                  "description": "Please enter your input",
                  "x-ms-content-hint": "TEXT"
                },
                "text_3": {
                  "title": "Row",
                  "type": "string",
                  "x-ms-dynamically-added": true,
                  "description": "Please enter your input",
                  "x-ms-content-hint": "TEXT"
                }
              },
              "required": [
                "text",
                "text_1",
                "text_2",
                "text_3"
              ]
            }
          }
        }
      },
      "actions": {
        "Get_Connections_as_Admin": {
          "runAfter": {},
          "metadata": {
            "operationMetadataId": "a47b0e96-372e-4705-a466-440763d9c507"
          },
          "type": "OpenApiConnection",
          "inputs": {
            "host": {
              "connectionName": "shared_powerappsforadmins_1",
              "operationId": "Get-AdminConnections",
              "apiId": "/providers/Microsoft.PowerApps/apis/shared_powerappsforadmins"
            },
            "parameters": {
              "environment": "@triggerBody()['text']",
              "api-version": "2016-11-01",
              "$top": 250
            },
            "authentication": {
              "type": "Raw",
              "value": "@json(decodeBase64(triggerOutputs().headers['X-MS-APIM-Tokens']))['$ConnectionKey']"
            }
          }
        },
        "Update_a_row": {
          "runAfter": {
            "Filter_array": [
              "Succeeded"
            ]
          },
          "metadata": {
            "operationMetadataId": "133f64d6-100f-46a9-acf2-7cacb114a3ad"
          },
          "type": "OpenApiConnection",
          "inputs": {
            "host": {
              "connectionName": "shared_commondataserviceforapps",
              "operationId": "UpdateRecord",
              "apiId": "/providers/Microsoft.PowerApps/apis/shared_commondataserviceforapps"
            },
            "parameters": {
              "entityName": "connectionreferences",
              "recordId": "@triggerBody()['text_3']",
              "item/connectionid": "@body('Filter_array')[0]?['name']"
            },
            "authentication": {
              "type": "Raw",
              "value": "@json(decodeBase64(triggerOutputs().headers['X-MS-APIM-Tokens']))['$ConnectionKey']"
            }
          }
        },
        "Filter_array": {
          "runAfter": {
            "Get_Connections_as_Admin": [
              "Succeeded"
            ]
          },
          "metadata": {
            "operationMetadataId": "47fb553c-7b08-403a-800d-be41915f59ef"
          },
          "type": "Query",
          "inputs": {
            "from": "@outputs('Get_Connections_as_Admin')?['body/value']",
            "where": "@and(equals(item()?['properties/createdBy/email'], triggerBody()['text_1']),contains(item()?['properties/apiId'], last(split(triggerBody()['text_2'],'/'))))\n"
          }
        }
      }
    },
    "templateName": ""
  },
  "schemaVersion": "1.0.0.0"
}