{
  "properties": {
    "connectionReferences": {
      "shared_commondataserviceforapps": {
        "runtimeSource": "embedded",
        "connection": {
          "connectionReferenceLogicalName": "ia_sharedcommondataserviceforapps_1db1f"
        },
        "api": {
          "name": "shared_commondataserviceforapps"
        }
      },
      "shared_powerappsforadmins": {
        "runtimeSource": "embedded",
        "connection": {
          "connectionReferenceLogicalName": "ia_sharedpowerappsforadmins_0ef72"
        },
        "api": {
          "name": "shared_powerappsforadmins"
        }
      }
    },
    "definition": {
      "$schema": "https://schema.management.azure.com/providers/Microsoft.Logic/schemas/2016-06-01/workflowdefinition.json#",
      "contentVersion": "1.0.0.0",
      "parameters": {
        "$connections": {
          "defaultValue": {},
          "type": "Object"
        },
        "$authentication": {
          "defaultValue": {},
          "type": "SecureObject"
        },
        "EnvironmentID (ia_EnvironmentID)": {
          "defaultValue": "548d6982-6e9f-47f2-9e99-6ccb1c563187",
          "type": "String",
          "metadata": {
            "schemaName": "ia_EnvironmentID"
          }
        }
      },
      "triggers": {
        "manual": {
          "metadata": {
            "operationMetadataId": "ac2b9182-fb0a-4247-a288-8198d5e9c465"
          },
          "type": "Request",
          "kind": "Button",
          "inputs": {
            "schema": {
              "type": "object",
              "properties": {
                "text": {
                  "title": "SolutionName",
                  "type": "string",
                  "x-ms-dynamically-added": true,
                  "description": "Please enter your input",
                  "x-ms-content-hint": "TEXT"
                },
                "text_1": {
                  "title": "Owner",
                  "type": "string",
                  "x-ms-dynamically-added": true,
                  "description": "Please enter your input",
                  "x-ms-content-hint": "TEXT"
                }
              },
              "required": [
                "text",
                "text_1"
              ]
            }
          }
        }
      },
      "actions": {
        "Respond_to_a_PowerApp_or_flow": {
          "runAfter": {
            "Main": [
              "Succeeded"
            ]
          },
          "metadata": {
            "operationMetadataId": "20e7bcd8-fba7-484a-b292-3d396728b7b6"
          },
          "type": "Response",
          "kind": "PowerApp",
          "inputs": {
            "statusCode": 200,
            "body": {
              "errormess": "@variables('sErrors')"
            },
            "schema": {
              "type": "object",
              "properties": {
                "errormess": {
                  "title": "ErrorMess",
                  "x-ms-dynamically-added": true,
                  "type": "string"
                }
              }
            }
          }
        },
        "Main": {
          "actions": {
            "List_rows_Solution_Components": {
              "runAfter": {
                "List_rows_to_find_solution": [
                  "Succeeded"
                ]
              },
              "metadata": {
                "operationMetadataId": "43025776-840c-4cb8-b854-116bb838ce76"
              },
              "type": "OpenApiConnection",
              "inputs": {
                "host": {
                  "connectionName": "shared_commondataserviceforapps",
                  "operationId": "ListRecords",
                  "apiId": "/providers/Microsoft.PowerApps/apis/shared_commondataserviceforapps"
                },
                "parameters": {
                  "entityName": "solutioncomponents",
                  "$filter": "_solutionid_value eq '@{outputs('List_rows_to_find_solution')?['body/value'][0]?['solutionid']}'",
                  "$orderby": "componenttype asc"
                },
                "authentication": "@parameters('$authentication')"
              },
              "runtimeConfiguration": {
                "paginationPolicy": {
                  "minimumItemCount": 10000
                }
              }
            },
            "Apply_to_each": {
              "foreach": "@outputs('List_rows_Solution_Components')?['body/value']",
              "actions": {
                "Switch": {
                  "runAfter": {},
                  "cases": {
                    "WorkFlow": {
                      "case": 29,
                      "actions": {
                        "Update_a_process": {
                          "runAfter": {},
                          "metadata": {
                            "operationMetadataId": "914c8cb0-33df-42a0-b0c4-c19f2326a392"
                          },
                          "type": "OpenApiConnection",
                          "inputs": {
                            "host": {
                              "connectionName": "shared_commondataserviceforapps",
                              "operationId": "UpdateRecord",
                              "apiId": "/providers/Microsoft.PowerApps/apis/shared_commondataserviceforapps"
                            },
                            "parameters": {
                              "entityName": "workflows",
                              "recordId": "@items('Apply_to_each')?['objectid']",
                              "item/ownerid@odata.bind": "@outputs('List_rows_Find_User')?['body/value'][0]?['@odata.id']",
                              "item/statecode": 1
                            },
                            "authentication": "@parameters('$authentication')"
                          }
                        },
                        "flows": {
                          "actions": {
                            "Parse_JSON": {
                              "runAfter": {},
                              "metadata": {
                                "operationMetadataId": "6887b719-5ae4-45b6-adf6-04a886fcbae3"
                              },
                              "type": "ParseJson",
                              "inputs": {
                                "content": "@actions('Update_a_process')",
                                "schema": {
                                  "type": "object",
                                  "properties": {
                                    "name": {
                                      "type": "string"
                                    },
                                    "inputs": {
                                      "type": "object",
                                      "properties": {
                                        "host": {
                                          "type": "object",
                                          "properties": {
                                            "apiId": {
                                              "type": "string"
                                            },
                                            "connectionReferenceName": {
                                              "type": "string"
                                            },
                                            "operationId": {
                                              "type": "string"
                                            }
                                          }
                                        },
                                        "parameters": {
                                          "type": "object",
                                          "properties": {
                                            "entityName": {
                                              "type": "string"
                                            },
                                            "recordId": {
                                              "type": "string"
                                            },
                                            "item/ownerid@odata.bind": {
                                              "type": "string"
                                            },
                                            "item/statecode": {
                                              "type": "integer"
                                            }
                                          }
                                        }
                                      }
                                    },
                                    "outputs": {
                                      "type": "object",
                                      "properties": {
                                        "statusCode": {
                                          "type": "integer"
                                        },
                                        "headers": {
                                          "type": "object",
                                          "properties": {
                                            "x-ms-service-request-id": {
                                              "type": "string"
                                            },
                                            "Cache-Control": {
                                              "type": "string"
                                            },
                                            "Set-Cookie": {
                                              "type": "string"
                                            },
                                            "Strict-Transport-Security": {
                                              "type": "string"
                                            },
                                            "REQ_ID": {
                                              "type": "string"
                                            },
                                            "AuthActivityId": {
                                              "type": "string"
                                            },
                                            "x-ms-dop-hint": {
                                              "type": "string"
                                            },
                                            "x-ms-ratelimit-time-remaining-xrm-requests": {
                                              "type": "string"
                                            },
                                            "x-ms-ratelimit-burst-remaining-xrm-requests": {
                                              "type": "string"
                                            },
                                            "OData-Version": {
                                              "type": "string"
                                            },
                                            "X-Source": {
                                              "type": "string"
                                            },
                                            "Public": {
                                              "type": "string"
                                            },
                                            "Date": {
                                              "type": "string"
                                            },
                                            "Content-Length": {
                                              "type": "string"
                                            },
                                            "Allow": {
                                              "type": "string"
                                            },
                                            "Content-Type": {
                                              "type": "string"
                                            },
                                            "Expires": {
                                              "type": "string"
                                            }
                                          }
                                        },
                                        "body": {
                                          "type": "object",
                                          "properties": {
                                            "error": {
                                              "type": "object",
                                              "properties": {
                                                "code": {
                                                  "type": "string"
                                                },
                                                "message": {
                                                  "type": "string"
                                                },
                                                "@@Microsoft.PowerApps.CDS.ErrorDetails.HttpStatus": {
                                                  "type": "string"
                                                },
                                                "@@Microsoft.PowerApps.CDS.ErrorDetails.Error": {
                                                  "type": "string"
                                                },
                                                "@@Microsoft.PowerApps.CDS.HelpLink": {
                                                  "type": "string"
                                                },
                                                "@@Microsoft.PowerApps.CDS.InnerError.Message": {
                                                  "type": "string"
                                                }
                                              }
                                            }
                                          }
                                        }
                                      }
                                    },
                                    "startTime": {
                                      "type": "string"
                                    },
                                    "endTime": {
                                      "type": "string"
                                    },
                                    "trackingId": {
                                      "type": "string"
                                    },
                                    "clientTrackingId": {
                                      "type": "string"
                                    },
                                    "clientKeywords": {
                                      "type": "array",
                                      "items": {
                                        "type": "string"
                                      }
                                    },
                                    "code": {
                                      "type": "string"
                                    },
                                    "status": {
                                      "type": "string"
                                    }
                                  }
                                }
                              }
                            },
                            "Append_to_string_sErrors": {
                              "runAfter": {
                                "Parse_JSON": [
                                  "Succeeded"
                                ]
                              },
                              "metadata": {
                                "operationMetadataId": "e5639930-97ef-4290-b497-9d634d0dfe85"
                              },
                              "type": "AppendToStringVariable",
                              "inputs": {
                                "name": "sErrors",
                                "value": "<br>@{body('Parse_JSON')?['outputs']?['body']?['error']?['message']}"
                              }
                            }
                          },
                          "runAfter": {
                            "Update_a_process": [
                              "Failed"
                            ]
                          },
                          "metadata": {
                            "operationMetadataId": "92b108aa-5b40-44a6-bcfa-d78b30dc6af2"
                          },
                          "type": "Scope"
                        }
                      }
                    },
                    "Canvas_App": {
                      "case": 300,
                      "actions": {
                        "List_rows_canvasapps": {
                          "runAfter": {},
                          "metadata": {
                            "operationMetadataId": "d0115c30-d1d1-403a-ac85-3e6559aa46e0"
                          },
                          "type": "OpenApiConnection",
                          "inputs": {
                            "host": {
                              "connectionName": "shared_commondataserviceforapps",
                              "operationId": "ListRecords",
                              "apiId": "/providers/Microsoft.PowerApps/apis/shared_commondataserviceforapps"
                            },
                            "parameters": {
                              "entityName": "canvasapps",
                              "$filter": "uniquecanvasappid eq '@{items('Apply_to_each')?['objectid']}'",
                              "$top": 1
                            },
                            "authentication": "@parameters('$authentication')"
                          }
                        },
                        "apps": {
                          "actions": {
                            "Parse_JSON_2": {
                              "runAfter": {},
                              "metadata": {
                                "operationMetadataId": "3b856cb1-8965-48b7-a67c-d14f3b3546f9"
                              },
                              "type": "ParseJson",
                              "inputs": {
                                "content": "@actions('Update_a_row_canvasapp')",
                                "schema": {
                                  "type": "object",
                                  "properties": {
                                    "name": {
                                      "type": "string"
                                    },
                                    "inputs": {
                                      "type": "object",
                                      "properties": {
                                        "host": {
                                          "type": "object",
                                          "properties": {
                                            "apiId": {
                                              "type": "string"
                                            },
                                            "connectionReferenceName": {
                                              "type": "string"
                                            },
                                            "operationId": {
                                              "type": "string"
                                            }
                                          }
                                        },
                                        "parameters": {
                                          "type": "object",
                                          "properties": {
                                            "entityName": {
                                              "type": "string"
                                            },
                                            "recordId": {
                                              "type": "string"
                                            },
                                            "item/ownerid@odata.bind": {
                                              "type": "string"
                                            },
                                            "item/statecode": {
                                              "type": "integer"
                                            }
                                          }
                                        }
                                      }
                                    },
                                    "outputs": {
                                      "type": "object",
                                      "properties": {
                                        "statusCode": {
                                          "type": "integer"
                                        },
                                        "headers": {
                                          "type": "object",
                                          "properties": {
                                            "x-ms-service-request-id": {
                                              "type": "string"
                                            },
                                            "Cache-Control": {
                                              "type": "string"
                                            },
                                            "Set-Cookie": {
                                              "type": "string"
                                            },
                                            "Strict-Transport-Security": {
                                              "type": "string"
                                            },
                                            "REQ_ID": {
                                              "type": "string"
                                            },
                                            "AuthActivityId": {
                                              "type": "string"
                                            },
                                            "x-ms-dop-hint": {
                                              "type": "string"
                                            },
                                            "x-ms-ratelimit-time-remaining-xrm-requests": {
                                              "type": "string"
                                            },
                                            "x-ms-ratelimit-burst-remaining-xrm-requests": {
                                              "type": "string"
                                            },
                                            "OData-Version": {
                                              "type": "string"
                                            },
                                            "X-Source": {
                                              "type": "string"
                                            },
                                            "Public": {
                                              "type": "string"
                                            },
                                            "Date": {
                                              "type": "string"
                                            },
                                            "Content-Length": {
                                              "type": "string"
                                            },
                                            "Allow": {
                                              "type": "string"
                                            },
                                            "Content-Type": {
                                              "type": "string"
                                            },
                                            "Expires": {
                                              "type": "string"
                                            }
                                          }
                                        },
                                        "body": {
                                          "type": "object",
                                          "properties": {
                                            "error": {
                                              "type": "object",
                                              "properties": {
                                                "code": {
                                                  "type": "string"
                                                },
                                                "message": {
                                                  "type": "string"
                                                },
                                                "@@Microsoft.PowerApps.CDS.ErrorDetails.HttpStatus": {
                                                  "type": "string"
                                                },
                                                "@@Microsoft.PowerApps.CDS.ErrorDetails.Error": {
                                                  "type": "string"
                                                },
                                                "@@Microsoft.PowerApps.CDS.HelpLink": {
                                                  "type": "string"
                                                },
                                                "@@Microsoft.PowerApps.CDS.InnerError.Message": {
                                                  "type": "string"
                                                }
                                              }
                                            }
                                          }
                                        }
                                      }
                                    },
                                    "startTime": {
                                      "type": "string"
                                    },
                                    "endTime": {
                                      "type": "string"
                                    },
                                    "trackingId": {
                                      "type": "string"
                                    },
                                    "clientTrackingId": {
                                      "type": "string"
                                    },
                                    "clientKeywords": {
                                      "type": "array",
                                      "items": {
                                        "type": "string"
                                      }
                                    },
                                    "code": {
                                      "type": "string"
                                    },
                                    "status": {
                                      "type": "string"
                                    }
                                  }
                                }
                              }
                            },
                            "Append_to_string_sErrors_2": {
                              "runAfter": {
                                "Parse_JSON_2": [
                                  "Succeeded"
                                ]
                              },
                              "metadata": {
                                "operationMetadataId": "46a60696-1484-48a9-8a3d-d17dbf9f87e3"
                              },
                              "type": "AppendToStringVariable",
                              "inputs": {
                                "name": "sErrors",
                                "value": "<br>@{body('Parse_JSON_2')?['outputs']?['body']?['error']?['message']}"
                              }
                            }
                          },
                          "runAfter": {
                            "Update_a_row_canvasapp": [
                              "Failed"
                            ]
                          },
                          "metadata": {
                            "operationMetadataId": "85bcc9a0-0d9f-426c-bcbd-25172c8d322c"
                          },
                          "type": "Scope"
                        },
                        "Update_a_row_canvasapp": {
                          "runAfter": {
                            "Set_App_Owner": [
                              "Succeeded"
                            ]
                          },
                          "metadata": {
                            "operationMetadataId": "3f142fdf-dc7c-4a6c-a022-23422225ac3a"
                          },
                          "type": "OpenApiConnection",
                          "inputs": {
                            "host": {
                              "connectionName": "shared_commondataserviceforapps",
                              "operationId": "UpdateRecord",
                              "apiId": "/providers/Microsoft.PowerApps/apis/shared_commondataserviceforapps"
                            },
                            "parameters": {
                              "entityName": "canvasapps",
                              "recordId": "@outputs('List_rows_canvasapps')?['body/value'][0]?['canvasappid']",
                              "item/appversion": "2016-11-01",
                              "item/canvasappid": "@outputs('List_rows_canvasapps')?['body/value'][0]?['canvasappid']",
                              "item/ownerid@odata.bind": "@outputs('List_rows_Find_User')?['body/value'][0]?['@odata.id']"
                            },
                            "authentication": "@parameters('$authentication')"
                          }
                        },
                        "Set_App_Owner": {
                          "runAfter": {
                            "List_rows_canvasapps": [
                              "Succeeded"
                            ]
                          },
                          "metadata": {
                            "operationMetadataId": "c2505938-38f3-4451-ae30-12e5bdad6a76"
                          },
                          "type": "OpenApiConnection",
                          "inputs": {
                            "host": {
                              "connectionName": "shared_powerappsforadmins",
                              "operationId": "Set-AdminAppOwner",
                              "apiId": "/providers/Microsoft.PowerApps/apis/shared_powerappsforadmins"
                            },
                            "parameters": {
                              "environment": "@parameters('EnvironmentID (ia_EnvironmentID)')",
                              "app": "@outputs('List_rows_canvasapps')?['body/value'][0]?['canvasappid']",
                              "api-version": "2016-11-01",
                              "Content-Type": " application/json",
                              "body/roleForOldAppOwner": "CanView",
                              "body/newAppOwner": "@outputs('List_rows_Find_User')?['body/value'][0]?['azureactivedirectoryobjectid']"
                            },
                            "authentication": {
                              "type": "Raw",
                              "value": "@json(decodeBase64(triggerOutputs().headers['X-MS-APIM-Tokens']))['$ConnectionKey']"
                            }
                          }
                        }
                      }
                    },
                    "Environment_Variable_Definition": {
                      "case": 380,
                      "actions": {
                        "Update_a_row_environmentvariables": {
                          "runAfter": {},
                          "metadata": {
                            "operationMetadataId": "df12ba75-79f8-44a2-946f-9ea180fe9fa2"
                          },
                          "type": "OpenApiConnection",
                          "inputs": {
                            "host": {
                              "connectionName": "shared_commondataserviceforapps",
                              "operationId": "UpdateRecord",
                              "apiId": "/providers/Microsoft.PowerApps/apis/shared_commondataserviceforapps"
                            },
                            "parameters": {
                              "entityName": "environmentvariabledefinitions",
                              "recordId": "@items('Apply_to_each')?['objectid']",
                              "item/ownerid@odata.bind": "@outputs('List_rows_Find_User')?['body/value'][0]?['@odata.id']"
                            },
                            "authentication": "@parameters('$authentication')"
                          }
                        },
                        "variables": {
                          "actions": {
                            "Parse_JSON_3": {
                              "runAfter": {},
                              "metadata": {
                                "operationMetadataId": "0c4707ce-4d95-4a85-9711-2606d49861a9"
                              },
                              "type": "ParseJson",
                              "inputs": {
                                "content": "@actions('Update_a_row_environmentvariables')",
                                "schema": {
                                  "type": "object",
                                  "properties": {
                                    "name": {
                                      "type": "string"
                                    },
                                    "inputs": {
                                      "type": "object",
                                      "properties": {
                                        "host": {
                                          "type": "object",
                                          "properties": {
                                            "apiId": {
                                              "type": "string"
                                            },
                                            "connectionReferenceName": {
                                              "type": "string"
                                            },
                                            "operationId": {
                                              "type": "string"
                                            }
                                          }
                                        },
                                        "parameters": {
                                          "type": "object",
                                          "properties": {
                                            "entityName": {
                                              "type": "string"
                                            },
                                            "recordId": {
                                              "type": "string"
                                            },
                                            "item/ownerid@odata.bind": {
                                              "type": "string"
                                            },
                                            "item/statecode": {
                                              "type": "integer"
                                            }
                                          }
                                        }
                                      }
                                    },
                                    "outputs": {
                                      "type": "object",
                                      "properties": {
                                        "statusCode": {
                                          "type": "integer"
                                        },
                                        "headers": {
                                          "type": "object",
                                          "properties": {
                                            "x-ms-service-request-id": {
                                              "type": "string"
                                            },
                                            "Cache-Control": {
                                              "type": "string"
                                            },
                                            "Set-Cookie": {
                                              "type": "string"
                                            },
                                            "Strict-Transport-Security": {
                                              "type": "string"
                                            },
                                            "REQ_ID": {
                                              "type": "string"
                                            },
                                            "AuthActivityId": {
                                              "type": "string"
                                            },
                                            "x-ms-dop-hint": {
                                              "type": "string"
                                            },
                                            "x-ms-ratelimit-time-remaining-xrm-requests": {
                                              "type": "string"
                                            },
                                            "x-ms-ratelimit-burst-remaining-xrm-requests": {
                                              "type": "string"
                                            },
                                            "OData-Version": {
                                              "type": "string"
                                            },
                                            "X-Source": {
                                              "type": "string"
                                            },
                                            "Public": {
                                              "type": "string"
                                            },
                                            "Date": {
                                              "type": "string"
                                            },
                                            "Content-Length": {
                                              "type": "string"
                                            },
                                            "Allow": {
                                              "type": "string"
                                            },
                                            "Content-Type": {
                                              "type": "string"
                                            },
                                            "Expires": {
                                              "type": "string"
                                            }
                                          }
                                        },
                                        "body": {
                                          "type": "object",
                                          "properties": {
                                            "error": {
                                              "type": "object",
                                              "properties": {
                                                "code": {
                                                  "type": "string"
                                                },
                                                "message": {
                                                  "type": "string"
                                                },
                                                "@@Microsoft.PowerApps.CDS.ErrorDetails.HttpStatus": {
                                                  "type": "string"
                                                },
                                                "@@Microsoft.PowerApps.CDS.ErrorDetails.Error": {
                                                  "type": "string"
                                                },
                                                "@@Microsoft.PowerApps.CDS.HelpLink": {
                                                  "type": "string"
                                                },
                                                "@@Microsoft.PowerApps.CDS.InnerError.Message": {
                                                  "type": "string"
                                                }
                                              }
                                            }
                                          }
                                        }
                                      }
                                    },
                                    "startTime": {
                                      "type": "string"
                                    },
                                    "endTime": {
                                      "type": "string"
                                    },
                                    "trackingId": {
                                      "type": "string"
                                    },
                                    "clientTrackingId": {
                                      "type": "string"
                                    },
                                    "clientKeywords": {
                                      "type": "array",
                                      "items": {
                                        "type": "string"
                                      }
                                    },
                                    "code": {
                                      "type": "string"
                                    },
                                    "status": {
                                      "type": "string"
                                    }
                                  }
                                }
                              }
                            },
                            "Append_to_string_sErrors_3": {
                              "runAfter": {
                                "Parse_JSON_3": [
                                  "Succeeded"
                                ]
                              },
                              "metadata": {
                                "operationMetadataId": "686fa580-11e1-4c2d-8380-a734bf35b4b2"
                              },
                              "type": "AppendToStringVariable",
                              "inputs": {
                                "name": "sErrors",
                                "value": "<br>@{body('Parse_JSON_3')?['outputs']?['body']?['error']?['message']}"
                              }
                            }
                          },
                          "runAfter": {
                            "Update_a_row_environmentvariables": [
                              "Failed"
                            ]
                          },
                          "metadata": {
                            "operationMetadataId": "c876431f-a0bf-4755-9dd0-6818942e48d9"
                          },
                          "type": "Scope"
                        }
                      }
                    },
                    "Connection_Reference": {
                      "case": 10039,
                      "actions": {
                        "Update_a_row_connectionreferences": {
                          "runAfter": {},
                          "metadata": {
                            "operationMetadataId": "4599fb33-2518-4962-8fe1-62250807d4c5"
                          },
                          "type": "OpenApiConnection",
                          "inputs": {
                            "host": {
                              "connectionName": "shared_commondataserviceforapps",
                              "operationId": "UpdateRecord",
                              "apiId": "/providers/Microsoft.PowerApps/apis/shared_commondataserviceforapps"
                            },
                            "parameters": {
                              "entityName": "connectionreferences",
                              "recordId": "@items('Apply_to_each')?['objectid']",
                              "item/ownerid@odata.bind": "@outputs('List_rows_Find_User')?['body/value'][0]?['@odata.id']"
                            },
                            "authentication": "@parameters('$authentication')"
                          }
                        },
                        "refs": {
                          "actions": {
                            "Parse_JSON_4": {
                              "runAfter": {},
                              "metadata": {
                                "operationMetadataId": "c0d78f70-8242-4e1a-bd61-69d2b34532d5"
                              },
                              "type": "ParseJson",
                              "inputs": {
                                "content": "@actions('Update_a_row_connectionreferences')",
                                "schema": {
                                  "type": "object",
                                  "properties": {
                                    "name": {
                                      "type": "string"
                                    },
                                    "inputs": {
                                      "type": "object",
                                      "properties": {
                                        "host": {
                                          "type": "object",
                                          "properties": {
                                            "apiId": {
                                              "type": "string"
                                            },
                                            "connectionReferenceName": {
                                              "type": "string"
                                            },
                                            "operationId": {
                                              "type": "string"
                                            }
                                          }
                                        },
                                        "parameters": {
                                          "type": "object",
                                          "properties": {
                                            "entityName": {
                                              "type": "string"
                                            },
                                            "recordId": {
                                              "type": "string"
                                            },
                                            "item/ownerid@odata.bind": {
                                              "type": "string"
                                            },
                                            "item/statecode": {
                                              "type": "integer"
                                            }
                                          }
                                        }
                                      }
                                    },
                                    "outputs": {
                                      "type": "object",
                                      "properties": {
                                        "statusCode": {
                                          "type": "integer"
                                        },
                                        "headers": {
                                          "type": "object",
                                          "properties": {
                                            "x-ms-service-request-id": {
                                              "type": "string"
                                            },
                                            "Cache-Control": {
                                              "type": "string"
                                            },
                                            "Set-Cookie": {
                                              "type": "string"
                                            },
                                            "Strict-Transport-Security": {
                                              "type": "string"
                                            },
                                            "REQ_ID": {
                                              "type": "string"
                                            },
                                            "AuthActivityId": {
                                              "type": "string"
                                            },
                                            "x-ms-dop-hint": {
                                              "type": "string"
                                            },
                                            "x-ms-ratelimit-time-remaining-xrm-requests": {
                                              "type": "string"
                                            },
                                            "x-ms-ratelimit-burst-remaining-xrm-requests": {
                                              "type": "string"
                                            },
                                            "OData-Version": {
                                              "type": "string"
                                            },
                                            "X-Source": {
                                              "type": "string"
                                            },
                                            "Public": {
                                              "type": "string"
                                            },
                                            "Date": {
                                              "type": "string"
                                            },
                                            "Content-Length": {
                                              "type": "string"
                                            },
                                            "Allow": {
                                              "type": "string"
                                            },
                                            "Content-Type": {
                                              "type": "string"
                                            },
                                            "Expires": {
                                              "type": "string"
                                            }
                                          }
                                        },
                                        "body": {
                                          "type": "object",
                                          "properties": {
                                            "error": {
                                              "type": "object",
                                              "properties": {
                                                "code": {
                                                  "type": "string"
                                                },
                                                "message": {
                                                  "type": "string"
                                                },
                                                "@@Microsoft.PowerApps.CDS.ErrorDetails.HttpStatus": {
                                                  "type": "string"
                                                },
                                                "@@Microsoft.PowerApps.CDS.ErrorDetails.Error": {
                                                  "type": "string"
                                                },
                                                "@@Microsoft.PowerApps.CDS.HelpLink": {
                                                  "type": "string"
                                                },
                                                "@@Microsoft.PowerApps.CDS.InnerError.Message": {
                                                  "type": "string"
                                                }
                                              }
                                            }
                                          }
                                        }
                                      }
                                    },
                                    "startTime": {
                                      "type": "string"
                                    },
                                    "endTime": {
                                      "type": "string"
                                    },
                                    "trackingId": {
                                      "type": "string"
                                    },
                                    "clientTrackingId": {
                                      "type": "string"
                                    },
                                    "clientKeywords": {
                                      "type": "array",
                                      "items": {
                                        "type": "string"
                                      }
                                    },
                                    "code": {
                                      "type": "string"
                                    },
                                    "status": {
                                      "type": "string"
                                    }
                                  }
                                }
                              }
                            },
                            "Append_to_string_sErrors_4": {
                              "runAfter": {
                                "Parse_JSON_4": [
                                  "Succeeded"
                                ]
                              },
                              "metadata": {
                                "operationMetadataId": "66a3178f-0f20-433f-9bca-f227b3361a0c"
                              },
                              "type": "AppendToStringVariable",
                              "inputs": {
                                "name": "sErrors",
                                "value": "<br>@{body('Parse_JSON_4')?['outputs']?['body']?['error']?['message']}"
                              }
                            }
                          },
                          "runAfter": {
                            "Update_a_row_connectionreferences": [
                              "Failed"
                            ]
                          },
                          "metadata": {
                            "operationMetadataId": "7a47776e-cc43-472a-a198-5e2301b492e1"
                          },
                          "type": "Scope"
                        }
                      }
                    }
                  },
                  "default": {
                    "actions": {
                      "Missed_Content_Type": {
                        "runAfter": {},
                        "metadata": {
                          "operationMetadataId": "24d45179-d8af-4869-b552-67c83cabd6e3"
                        },
                        "type": "Compose",
                        "inputs": "componenttype eq '@{items('Apply_to_each')?['componenttype']}'\ncomponenttype eq '@{items('Apply_to_each')?['componenttype@OData.Community.Display.V1.FormattedValue']}'\n\nuser eq '@{outputs('List_rows_Find_User')?['body/value'][0]?['@odata.id']}'"
                      }
                    }
                  },
                  "expression": "@items('Apply_to_each')?['componenttype']",
                  "metadata": {
                    "operationMetadataId": "590c1d1d-ef6c-4398-8810-a41c5d0f70bb"
                  },
                  "type": "Switch"
                }
              },
              "runAfter": {
                "List_rows_Solution_Components": [
                  "Succeeded"
                ]
              },
              "metadata": {
                "operationMetadataId": "63e5b368-facc-48b9-953c-dbc5395702eb"
              },
              "type": "Foreach"
            },
            "List_rows_Find_User": {
              "runAfter": {},
              "metadata": {
                "operationMetadataId": "2571ba66-0213-43d2-a8c9-a31e091985c6"
              },
              "type": "OpenApiConnection",
              "inputs": {
                "host": {
                  "connectionName": "shared_commondataserviceforapps",
                  "operationId": "ListRecords",
                  "apiId": "/providers/Microsoft.PowerApps/apis/shared_commondataserviceforapps"
                },
                "parameters": {
                  "entityName": "systemusers",
                  "$filter": "internalemailaddress eq '@{triggerBody()['text_1']}' or domainname eq '@{triggerBody()['text_1']}'"
                },
                "authentication": "@parameters('$authentication')"
              }
            },
            "List_rows_to_find_solution": {
              "runAfter": {
                "List_rows_Find_User": [
                  "Succeeded"
                ]
              },
              "metadata": {
                "operationMetadataId": "c8b6350e-2d8b-4461-9018-08960cf8b8a8"
              },
              "type": "OpenApiConnection",
              "inputs": {
                "host": {
                  "connectionName": "shared_commondataserviceforapps",
                  "operationId": "ListRecords",
                  "apiId": "/providers/Microsoft.PowerApps/apis/shared_commondataserviceforapps"
                },
                "parameters": {
                  "entityName": "solutions",
                  "$filter": "uniquename eq '@{triggerBody()['text']}'",
                  "$top": 1
                },
                "authentication": "@parameters('$authentication')"
              }
            }
          },
          "runAfter": {
            "Initialize_sErrors": [
              "Succeeded"
            ]
          },
          "metadata": {
            "operationMetadataId": "10c45dd4-303e-49eb-af50-a6d732218c2e"
          },
          "type": "Scope"
        },
        "Exception": {
          "actions": {
            "Terminate": {
              "runAfter": {
                "Respond_to_a_PowerApp_or_flow_Exception": [
                  "Succeeded"
                ]
              },
              "metadata": {
                "operationMetadataId": "aa005bfa-8abe-42c5-bec2-4bbe5b1ffa1f"
              },
              "type": "Terminate",
              "inputs": {
                "runStatus": "Succeeded"
              }
            },
            "Respond_to_a_PowerApp_or_flow_Exception": {
              "runAfter": {
                "Create_HTML_table": [
                  "Succeeded"
                ]
              },
              "metadata": {
                "operationMetadataId": "20e7bcd8-fba7-484a-b292-3d396728b7b6"
              },
              "type": "Response",
              "kind": "PowerApp",
              "inputs": {
                "statusCode": 200,
                "body": {
                  "errormess": "@{body('Create_HTML_table')}<br>@{variables('sErrors')}"
                },
                "schema": {
                  "type": "object",
                  "properties": {
                    "errormess": {
                      "title": "ErrorMess",
                      "x-ms-dynamically-added": true,
                      "type": "string"
                    }
                  }
                }
              }
            },
            "Create_HTML_table": {
              "runAfter": {},
              "metadata": {
                "operationMetadataId": "b5aa8e2a-7cfb-4087-b05c-5e709905ceb2"
              },
              "type": "Table",
              "inputs": {
                "from": "@result('Main')",
                "format": "HTML",
                "columns": [
                  {
                    "header": "Action",
                    "value": "@item()['name']"
                  },
                  {
                    "header": "ErrorCode",
                    "value": "@item()?['body']?['error']?['code']"
                  },
                  {
                    "header": "Reason",
                    "value": "@item()?['outputs']?['body']?['error']?['message']"
                  }
                ]
              }
            }
          },
          "runAfter": {
            "Main": [
              "Failed",
              "TimedOut"
            ]
          },
          "metadata": {
            "operationMetadataId": "98a5eb11-80b9-497e-8dee-6b5159e7417f"
          },
          "type": "Scope"
        },
        "Initialize_sErrors": {
          "runAfter": {},
          "metadata": {
            "operationMetadataId": "6d81cfde-6f39-4358-82cc-cc61c9c1724f"
          },
          "type": "InitializeVariable",
          "inputs": {
            "variables": [
              {
                "name": "sErrors",
                "type": "string",
                "value": "-"
              }
            ]
          }
        }
      }
    },
    "templateName": ""
  },
  "schemaVersion": "1.0.0.0"
}