{
  "properties": {
    "connectionReferences": {
      "shared_powerappsforadmins_1": {
        "runtimeSource": "embedded",
        "connection": {
          "connectionReferenceLogicalName": "ia_sharedpowerappsforadmins_0ef72"
        },
        "api": {
          "name": "shared_powerappsforadmins"
        }
      }
    },
    "definition": {
      "$schema": "https://schema.management.azure.com/providers/Microsoft.Logic/schemas/2016-06-01/workflowdefinition.json#",
      "contentVersion": "1.0.0.0",
      "parameters": {
        "$connections": {
          "defaultValue": {},
          "type": "Object"
        },
        "$authentication": {
          "defaultValue": {},
          "type": "SecureObject"
        }
      },
      "triggers": {
        "manual": {
          "metadata": {
            "operationMetadataId": "103c16c9-5a91-4d60-9029-f471368531cc"
          },
          "type": "Request",
          "kind": "Button",
          "inputs": {
            "schema": {
              "type": "object",
              "properties": {
                "text": {
                  "title": "Environment",
                  "type": "string",
                  "x-ms-dynamically-added": true,
                  "description": "Please enter the environment id from the url",
                  "x-ms-content-hint": "TEXT"
                },
                "text_1": {
                  "title": "Email Address",
                  "type": "string",
                  "x-ms-dynamically-added": true,
                  "description": "adam_shields@tjx.com",
                  "x-ms-content-hint": "TEXT"
                },
                "boolean": {
                  "title": "Remove connection",
                  "type": "boolean",
                  "x-ms-dynamically-added": true,
                  "description": "Please select yes or no",
                  "x-ms-content-hint": "BOOLEAN"
                }
              },
              "required": [
                "text",
                "text_1",
                "boolean"
              ]
            }
          }
        }
      },
      "actions": {
        "Main": {
          "actions": {
            "Get_Connections_as_Admin": {
              "runAfter": {},
              "metadata": {
                "operationMetadataId": "7600940d-ef0b-4525-9aee-5189f4d83de3"
              },
              "type": "OpenApiConnection",
              "inputs": {
                "host": {
                  "connectionName": "shared_powerappsforadmins_1",
                  "operationId": "Get-AdminConnections",
                  "apiId": "/providers/Microsoft.PowerApps/apis/shared_powerappsforadmins"
                },
                "parameters": {
                  "environment": "@triggerBody()['text']",
                  "api-version": "2016-11-01",
                  "$top": 250
                },
                "authentication": {
                  "type": "Raw",
                  "value": "@json(decodeBase64(triggerOutputs().headers['X-MS-APIM-Tokens']))['$ConnectionKey']"
                }
              }
            },
            "Filter_array": {
              "runAfter": {
                "Get_Connections_as_Admin": [
                  "Succeeded"
                ]
              },
              "metadata": {
                "operationMetadataId": "87347e73-1687-4c6d-b143-7f8224ad7ac9"
              },
              "type": "Query",
              "inputs": {
                "from": "@outputs('Get_Connections_as_Admin')?['body/value']",
                "where": "@or(equals(item()?['properties/createdBy/displayName'], triggerBody()['text_1']),equals(item()?['properties/createdBy/userPrincipalName'], triggerBody()['text_1']))"
              },
              "description": "@or(equals(item()?['properties/createdBy/email'], triggerBody()['text_1']),equals(item()?['properties/createdBy/userPrincipalName'], triggerBody()['text_1']))"
            },
            "Condition": {
              "actions": {
                "Apply_to_each_connection": {
                  "foreach": "@body('Filter_array')",
                  "actions": {
                    "Remove_Connection_as_Admin": {
                      "runAfter": {},
                      "metadata": {
                        "operationMetadataId": "fcd60c6a-3b33-4ff0-a395-eb6988bbceb2"
                      },
                      "type": "OpenApiConnection",
                      "inputs": {
                        "host": {
                          "connectionName": "shared_powerappsforadmins_1",
                          "operationId": "Remove-AdminConnection",
                          "apiId": "/providers/Microsoft.PowerApps/apis/shared_powerappsforadmins"
                        },
                        "parameters": {
                          "environment": "@triggerBody()['text']",
                          "connectorName": "@items('Apply_to_each_connection')?['properties']?['apiId']",
                          "connectionName": "@items('Apply_to_each_connection')?['name']",
                          "api-version": "2016-11-01"
                        },
                        "authentication": {
                          "type": "Raw",
                          "value": "@json(decodeBase64(triggerOutputs().headers['X-MS-APIM-Tokens']))['$ConnectionKey']"
                        }
                      }
                    }
                  },
                  "runAfter": {},
                  "metadata": {
                    "operationMetadataId": "9f4f44c2-8e8f-4628-850d-2d129be0db53"
                  },
                  "type": "Foreach"
                }
              },
              "runAfter": {
                "Filter_array": [
                  "Succeeded"
                ]
              },
              "else": {
                "actions": {
                  "Create_HTML_table": {
                    "runAfter": {},
                    "metadata": {
                      "operationMetadataId": "688caac0-c7b6-4fb7-a626-6edfadb83a8c"
                    },
                    "type": "Table",
                    "inputs": {
                      "from": "@body('Filter_array')",
                      "format": "HTML",
                      "columns": [
                        {
                          "header": "Name",
                          "value": "@item()?['properties']?['displayName']"
                        },
                        {
                          "header": "id",
                          "value": "@item()?['name']"
                        },
                        {
                          "header": "email",
                          "value": "@item()?['properties']?['createdBy']?['email']"
                        },
                        {
                          "header": "end point",
                          "value": "@item()?['properties']?['connectionParameters']?['workflowEndpoint']"
                        }
                      ]
                    }
                  }
                }
              },
              "expression": {
                "equals": [
                  "@triggerBody()?['boolean']",
                  "@true"
                ]
              },
              "metadata": {
                "operationMetadataId": "f4dd6ae6-38b8-4bb6-b95e-72ac9680ff8b"
              },
              "type": "If"
            }
          },
          "runAfter": {},
          "metadata": {
            "operationMetadataId": "89685b65-a550-4681-9775-11f685de300c"
          },
          "type": "Scope"
        }
      }
    },
    "templateName": ""
  },
  "schemaVersion": "1.0.0.0"
}