<ImportExportXml xmlns:xsi="http://www.w3.org/2001/XMLSchema-instance">
  <Entities></Entities>
  <Roles></Roles>
  <Workflows>
    <Workflow WorkflowId="{0f0bf848-4df6-ed11-8848-002248272486}" Name="PipeLine Change Owner">
      <JsonFileName>/Workflows/PipeLineChangeOwner-0F0BF848-4DF6-ED11-8848-002248272486.json</JsonFileName>
      <Type>1</Type>
      <Subprocess>0</Subprocess>
      <Category>5</Category>
      <Mode>0</Mode>
      <Scope>4</Scope>
      <OnDemand>0</OnDemand>
      <TriggerOnCreate>0</TriggerOnCreate>
      <TriggerOnDelete>0</TriggerOnDelete>
      <AsyncAutodelete>0</AsyncAutodelete>
      <SyncWorkflowLogOnFailure>0</SyncWorkflowLogOnFailure>
      <StateCode>1</StateCode>
      <StatusCode>2</StatusCode>
      <RunAs>1</RunAs>
      <IsTransacted>1</IsTransacted>
      <IntroducedVersion>1.0.0.0</IntroducedVersion>
      <IsCustomizable>1</IsCustomizable>
      <IsCustomProcessingStepAllowedForOtherPublishers>1</IsCustomProcessingStepAllowedForOtherPublishers>
      <PrimaryEntity>none</PrimaryEntity>
      <LocalizedNames>
        <LocalizedName languagecode="1033" description="PipeLine Change Owner" />
      </LocalizedNames>
    </Workflow>
    <Workflow WorkflowId="{33506eaf-fff3-ed11-8848-000d3a8fcc70}" Name="PipeLine Import">
      <JsonFileName>/Workflows/PipeLineImport-33506EAF-FFF3-ED11-8848-000D3A8FCC70.json</JsonFileName>
      <Type>1</Type>
      <Subprocess>0</Subprocess>
      <Category>5</Category>
      <Mode>0</Mode>
      <Scope>4</Scope>
      <OnDemand>0</OnDemand>
      <TriggerOnCreate>0</TriggerOnCreate>
      <TriggerOnDelete>0</TriggerOnDelete>
      <AsyncAutodelete>0</AsyncAutodelete>
      <SyncWorkflowLogOnFailure>0</SyncWorkflowLogOnFailure>
      <StateCode>0</StateCode>
      <StatusCode>1</StatusCode>
      <RunAs>1</RunAs>
      <IsTransacted>1</IsTransacted>
      <IntroducedVersion>1.0.0.0</IntroducedVersion>
      <IsCustomizable>1</IsCustomizable>
      <IsCustomProcessingStepAllowedForOtherPublishers>1</IsCustomProcessingStepAllowedForOtherPublishers>
      <PrimaryEntity>none</PrimaryEntity>
      <LocalizedNames>
        <LocalizedName languagecode="1033" description="PipeLine Import" />
      </LocalizedNames>
    </Workflow>
    <Workflow WorkflowId="{43284169-42fd-ed11-8f6e-000d3a8fcc70}" Name="PipeLines Set Connections">
      <JsonFileName>/Workflows/PipeLinesSetConnections-43284169-42FD-ED11-8F6E-000D3A8FCC70.json</JsonFileName>
      <Type>1</Type>
      <Subprocess>0</Subprocess>
      <Category>5</Category>
      <Mode>0</Mode>
      <Scope>4</Scope>
      <OnDemand>0</OnDemand>
      <TriggerOnCreate>0</TriggerOnCreate>
      <TriggerOnDelete>0</TriggerOnDelete>
      <AsyncAutodelete>0</AsyncAutodelete>
      <SyncWorkflowLogOnFailure>0</SyncWorkflowLogOnFailure>
      <StateCode>1</StateCode>
      <StatusCode>2</StatusCode>
      <RunAs>1</RunAs>
      <IsTransacted>1</IsTransacted>
      <IntroducedVersion>1.0.0.2</IntroducedVersion>
      <IsCustomizable>1</IsCustomizable>
      <IsCustomProcessingStepAllowedForOtherPublishers>1</IsCustomProcessingStepAllowedForOtherPublishers>
      <PrimaryEntity>none</PrimaryEntity>
      <LocalizedNames>
        <LocalizedName languagecode="1033" description="PipeLines Set Connections" />
      </LocalizedNames>
    </Workflow>
    <Workflow WorkflowId="{09d09a2a-0bf0-ed11-8849-0022481b5488}" Name="Bulk Download Solutions">
      <JsonFileName>/Workflows/BulkDownloadSolutions-09D09A2A-0BF0-ED11-8849-0022481B5488.json</JsonFileName>
      <Type>1</Type>
      <Subprocess>0</Subprocess>
      <Category>5</Category>
      <Mode>0</Mode>
      <Scope>4</Scope>
      <OnDemand>0</OnDemand>
      <TriggerOnCreate>0</TriggerOnCreate>
      <TriggerOnDelete>0</TriggerOnDelete>
      <AsyncAutodelete>0</AsyncAutodelete>
      <SyncWorkflowLogOnFailure>0</SyncWorkflowLogOnFailure>
      <StateCode>1</StateCode>
      <StatusCode>2</StatusCode>
      <RunAs>1</RunAs>
      <IsTransacted>1</IsTransacted>
      <IntroducedVersion>1.0.0.0</IntroducedVersion>
      <IsCustomizable>1</IsCustomizable>
      <IsCustomProcessingStepAllowedForOtherPublishers>1</IsCustomProcessingStepAllowedForOtherPublishers>
      <PrimaryEntity>none</PrimaryEntity>
      <LocalizedNames>
        <LocalizedName languagecode="1033" description="Bulk Download Solutions" />
      </LocalizedNames>
    </Workflow>
    <Workflow WorkflowId="{b2aee187-d5f0-ed11-8849-0022481b5c86}" Name="PipeLine Export">
      <JsonFileName>/Workflows/PipeLineExport-B2AEE187-D5F0-ED11-8849-0022481B5C86.json</JsonFileName>
      <Type>1</Type>
      <Subprocess>0</Subprocess>
      <Category>5</Category>
      <Mode>0</Mode>
      <Scope>4</Scope>
      <OnDemand>0</OnDemand>
      <TriggerOnCreate>0</TriggerOnCreate>
      <TriggerOnDelete>0</TriggerOnDelete>
      <AsyncAutodelete>0</AsyncAutodelete>
      <SyncWorkflowLogOnFailure>0</SyncWorkflowLogOnFailure>
      <StateCode>0</StateCode>
      <StatusCode>1</StatusCode>
      <RunAs>1</RunAs>
      <IsTransacted>1</IsTransacted>
      <IntroducedVersion>1.0.0.0</IntroducedVersion>
      <IsCustomizable>1</IsCustomizable>
      <IsCustomProcessingStepAllowedForOtherPublishers>1</IsCustomProcessingStepAllowedForOtherPublishers>
      <PrimaryEntity>none</PrimaryEntity>
      <LocalizedNames>
        <LocalizedName languagecode="1033" description="PipeLine Export" />
      </LocalizedNames>
    </Workflow>
    <Workflow WorkflowId="{4112d9a1-a003-ee11-8f6e-002248272486}" Name="Remove Connection">
      <JsonFileName>/Workflows/RemoveConnection-4112D9A1-A003-EE11-8F6E-002248272486.json</JsonFileName>
      <Type>1</Type>
      <Subprocess>0</Subprocess>
      <Category>5</Category>
      <Mode>0</Mode>
      <Scope>4</Scope>
      <OnDemand>0</OnDemand>
      <TriggerOnCreate>0</TriggerOnCreate>
      <TriggerOnDelete>0</TriggerOnDelete>
      <AsyncAutodelete>0</AsyncAutodelete>
      <SyncWorkflowLogOnFailure>0</SyncWorkflowLogOnFailure>
      <StateCode>1</StateCode>
      <StatusCode>2</StatusCode>
      <RunAs>1</RunAs>
      <IsTransacted>1</IsTransacted>
      <IntroducedVersion>1.0.0.2</IntroducedVersion>
      <IsCustomizable>1</IsCustomizable>
      <IsCustomProcessingStepAllowedForOtherPublishers>1</IsCustomProcessingStepAllowedForOtherPublishers>
      <PrimaryEntity>none</PrimaryEntity>
      <LocalizedNames>
        <LocalizedName languagecode="1033" description="Remove Connection" />
      </LocalizedNames>
    </Workflow>
  </Workflows>
  <FieldSecurityProfiles></FieldSecurityProfiles>
  <Templates />
  <EntityMaps />
  <EntityRelationships />
  <OrganizationSettings />
  <optionsets />
  <CustomControls />
  <EntityDataProviders />
  <connectionreferences>
    <connectionreference connectionreferencelogicalname="ia_OneDrivePipeLine">
      <connectionreferencedisplayname>OneDrive-PipeLine</connectionreferencedisplayname>
      <connectorid>/providers/Microsoft.PowerApps/apis/shared_onedriveforbusiness</connectorid>
      <iscustomizable>1</iscustomizable>
      <statecode>0</statecode>
      <statuscode>1</statuscode>
    </connectionreference>
    <connectionreference connectionreferencelogicalname="ia_OutlookPipeLine">
      <connectionreferencedisplayname>Outlook-PipeLine</connectionreferencedisplayname>
      <connectorid>/providers/Microsoft.PowerApps/apis/shared_office365</connectorid>
      <iscustomizable>1</iscustomizable>
      <statecode>0</statecode>
      <statuscode>1</statuscode>
    </connectionreference>
    <connectionreference connectionreferencelogicalname="ia_sharedapprovals_02aa5">
      <connectionreferencedisplayname>Approvals-PipeLIne </connectionreferencedisplayname>
      <connectorid>/providers/Microsoft.PowerApps/apis/shared_approvals</connectorid>
      <iscustomizable>1</iscustomizable>
      <statecode>0</statecode>
      <statuscode>1</statuscode>
    </connectionreference>
    <connectionreference connectionreferencelogicalname="ia_sharedcommondataserviceforapps_1db1f">
      <connectionreferencedisplayname>Dataverse-PipeLine</connectionreferencedisplayname>
      <connectorid>/providers/Microsoft.PowerApps/apis/shared_commondataserviceforapps</connectorid>
      <iscustomizable>1</iscustomizable>
      <statecode>0</statecode>
      <statuscode>1</statuscode>
    </connectionreference>
    <connectionreference connectionreferencelogicalname="ia_sharedoffice365users_12b57">
      <connectionreferencedisplayname>Office 365 Users-PipeLine</connectionreferencedisplayname>
      <connectorid>/providers/Microsoft.PowerApps/apis/shared_office365users</connectorid>
      <iscustomizable>1</iscustomizable>
      <statecode>0</statecode>
      <statuscode>1</statuscode>
    </connectionreference>
    <connectionreference connectionreferencelogicalname="ia_sharedpowerappsforadmins_0ef72">
      <connectionreferencedisplayname>Power Apps for Admins-PipeLine</connectionreferencedisplayname>
      <connectorid>/providers/Microsoft.PowerApps/apis/shared_powerappsforadmins</connectorid>
      <iscustomizable>1</iscustomizable>
      <statecode>0</statecode>
      <statuscode>1</statuscode>
    </connectionreference>
    <connectionreference connectionreferencelogicalname="ia_sharedpowerappsforappmakers_475e0">
      <connectionreferencedisplayname>Power Apps for Makers-PipeLine</connectionreferencedisplayname>
      <connectorid>/providers/Microsoft.PowerApps/apis/shared_powerappsforappmakers</connectorid>
      <iscustomizable>1</iscustomizable>
      <statecode>0</statecode>
      <statuscode>1</statuscode>
    </connectionreference>
    <connectionreference connectionreferencelogicalname="ia_SharePointPipeLine">
      <connectionreferencedisplayname>SharePoint-PipeLine</connectionreferencedisplayname>
      <connectorid>/providers/Microsoft.PowerApps/apis/shared_sharepointonline</connectorid>
      <iscustomizable>1</iscustomizable>
      <statecode>0</statecode>
      <statuscode>1</statuscode>
    </connectionreference>
  </connectionreferences>
  <Languages>
    <Language>1033</Language>
  </Languages>
</ImportExportXml>