<environmentvariabledefinition schemaname="wd_SiteXML">
  <apiid>/providers/microsoft.powerapps/apis/shared_sharepointonline</apiid>
  <description default="Site to save updated Excel file to">
    <label description="Site to save updated Excel file to" languagecode="1033" />
  </description>
  <displayname default="XML-Site">
    <label description="XML-Site" languagecode="1033" />
  </displayname>
  <introducedversion>1.0.0.0</introducedversion>
  <iscustomizable>1</iscustomizable>
  <isrequired>0</isrequired>
  <parameterkey>dataset</parameterkey>
  <secretstore>0</secretstore>
  <type>100000004</type>
</environmentvariabledefinition>