{
  "properties": {
    "connectionReferences": {
      "shared_sharepointonline": {
        "runtimeSource": "embedded",
        "connection": {
          "connectionReferenceLogicalName": "wd_sharedsharepointonline_247f5__US"
        },
        "api": {
          "name": "shared_sharepointonline"
        }
      }
    },
    "definition": {
      "$schema": "https://schema.management.azure.com/providers/Microsoft.Logic/schemas/2016-06-01/workflowdefinition.json#",
      "contentVersion": "1.0.0.0",
      "parameters": {
        "$connections": {
          "defaultValue": {},
          "type": "Object"
        },
        "$authentication": {
          "defaultValue": {},
          "type": "SecureObject"
        },
        "XML-Site (wd_SiteXML)": {
          "defaultValue": "https://37wcqv.sharepoint.com/sites/testsite",
          "type": "String",
          "metadata": {
            "schemaName": "wd_SiteXML",
            "description": "Site to save updated Excel file to"
          }
        }
      },
      "triggers": {
        "manual": {
          "metadata": {
            "operationMetadataId": "69ec8621-f1ef-4e4c-b3c2-b9f64a92843d"
          },
          "type": "Request",
          "kind": "Button",
          "inputs": {
            "schema": {
              "type": "object",
              "properties": {
                "text": {
                  "title": "File path",
                  "type": "string",
                  "x-ms-dynamically-added": true,
                  "description": "Please enter your input",
                  "x-ms-content-hint": "TEXT"
                },
                "text_1": {
                  "title": "Parent",
                  "type": "string",
                  "x-ms-dynamically-added": true,
                  "description": "Please enter your input",
                  "x-ms-content-hint": "TEXT"
                },
                "text_2": {
                  "title": "Tag",
                  "type": "string",
                  "x-ms-dynamically-added": true,
                  "description": "Please enter your input",
                  "x-ms-content-hint": "TEXT"
                }
              },
              "required": [
                "text",
                "text_1",
                "text_2"
              ]
            }
          }
        }
      },
      "actions": {
        "Get_file_content": {
          "runAfter": {},
          "metadata": {
            "operationMetadataId": "d8387c17-36a2-46a9-bfd0-3827ab6e1fb9"
          },
          "type": "OpenApiConnection",
          "inputs": {
            "host": {
              "connectionName": "shared_sharepointonline",
              "operationId": "GetFileContentByPath",
              "apiId": "/providers/Microsoft.PowerApps/apis/shared_sharepointonline"
            },
            "parameters": {
              "dataset": "@parameters('XML-Site (wd_SiteXML)')",
              "path": "@triggerBody()['text']",
              "inferContentType": true
            },
            "authentication": {
              "type": "Raw",
              "value": "@json(decodeBase64(triggerOutputs().headers['X-MS-APIM-Tokens']))['$ConnectionKey']"
            }
          }
        },
        "Respond_to_a_Power_App_or_flow": {
          "runAfter": {
            "Delete_Protection": [
              "Succeeded"
            ]
          },
          "metadata": {
            "operationMetadataId": "604ec8e2-ac4b-4119-9409-84fc03e14faa"
          },
          "type": "Response",
          "kind": "PowerApp",
          "inputs": {
            "statusCode": 200,
            "body": {
              "xml": "@{outputs('Delete_Protection')}"
            },
            "schema": {
              "type": "object",
              "properties": {
                "xml": {
                  "title": "xml",
                  "x-ms-dynamically-added": true,
                  "type": "string"
                }
              }
            }
          }
        },
        "Respond_to_a_Power_App_or_flow-Exception": {
          "runAfter": {
            "Delete_Protection": [
              "Failed",
              "TimedOut"
            ]
          },
          "metadata": {
            "operationMetadataId": "604ec8e2-ac4b-4119-9409-84fc03e14faa"
          },
          "type": "Response",
          "kind": "PowerApp",
          "inputs": {
            "statusCode": 200,
            "body": {
              "xml": "@{body('Get_file_content')}"
            },
            "schema": {
              "type": "object",
              "properties": {
                "xml": {
                  "title": "xml",
                  "x-ms-dynamically-added": true,
                  "type": "string"
                }
              }
            }
          }
        },
        "Delete_Protection": {
          "runAfter": {
            "Get_file_content": [
              "Succeeded"
            ]
          },
          "metadata": {
            "operationMetadataId": "1e43fe40-5bd0-43a4-a1a0-4f6e1eae54d9"
          },
          "type": "Compose",
          "inputs": "@xml(\r\n    setProperty(\r\n        json(xml(outputs('Get_file_content')?['body']))\r\n    ,\r\n        triggerBody()?['text_1']\r\n    ,\r\n        removeProperty(\r\n            json(xml(outputs('Get_file_content')?['body']))?[triggerBody()?['text_1']]\r\n        ,\r\n            triggerBody()?['text_2']\r\n        )\r\n    )\r\n)",
          "description": "xml( setProperty(     outputs('Convert_to_JSON') ,     'worksheet' ,     removeProperty(         outputs('Convert_to_JSON')?['worksheet']     ,         'sheetProtection'     ) ))"
        }
      }
    },
    "templateName": ""
  },
  "schemaVersion": "1.0.0.0"
}