{
  "properties": {
    "connectionReferences": {
      "shared_sharepointonline_1": {
        "runtimeSource": "invoker",
        "connection": {
          "connectionReferenceLogicalName": "wd_SharePointXML"
        },
        "api": {
          "name": "shared_sharepointonline"
        }
      }
    },
    "definition": {
      "$schema": "https://schema.management.azure.com/providers/Microsoft.Logic/schemas/2016-06-01/workflowdefinition.json#",
      "contentVersion": "1.0.0.0",
      "parameters": {
        "$connections": {
          "defaultValue": {},
          "type": "Object"
        },
        "$authentication": {
          "defaultValue": {},
          "type": "SecureObject"
        },
        "XML-config (wd_XMLconfig)": {
          "defaultValue": {
            "siteName": "testsite",
            "folderName": "unzips"
          },
          "type": "Object",
          "metadata": {
            "schemaName": "wd_XMLconfig"
          }
        },
        "XML-Site (wd_SiteXML)": {
          "defaultValue": "https://37wcqv.sharepoint.com/sites/testsite",
          "type": "String",
          "metadata": {
            "schemaName": "wd_SiteXML",
            "description": "Site to save updated Excel file to"
          }
        }
      },
      "triggers": {
        "manual": {
          "metadata": {
            "operationMetadataId": "bacaaf07-ddee-436e-8ae1-ff65bb712a71"
          },
          "type": "Request",
          "kind": "Button",
          "inputs": {
            "schema": {
              "type": "object",
              "properties": {
                "file": {
                  "title": "Excel File",
                  "type": "object",
                  "x-ms-dynamically-added": true,
                  "description": "Please select file or image",
                  "x-ms-content-hint": "FILE",
                  "properties": {
                    "name": {
                      "type": "string"
                    },
                    "contentBytes": {
                      "type": "string",
                      "format": "byte"
                    }
                  }
                },
                "text": {
                  "title": "file name (inc .xlsx)",
                  "type": "string",
                  "x-ms-dynamically-added": true,
                  "description": "Please enter your input",
                  "x-ms-content-hint": "TEXT"
                },
                "text_1": {
                  "title": "Shared Docs Folder",
                  "type": "string",
                  "x-ms-dynamically-added": true,
                  "description": "Please enter your input",
                  "x-ms-content-hint": "TEXT"
                }
              },
              "required": [
                "text",
                "text_1"
              ]
            }
          }
        }
      },
      "actions": {
        "Create_file_Zip": {
          "runAfter": {
            "GUID": [
              "Succeeded"
            ]
          },
          "metadata": {
            "operationMetadataId": "a4d19e62-842c-4244-9920-9c9b317007e5"
          },
          "type": "OpenApiConnection",
          "inputs": {
            "host": {
              "connectionName": "shared_sharepointonline_1",
              "operationId": "CreateFile",
              "apiId": "/providers/Microsoft.PowerApps/apis/shared_sharepointonline"
            },
            "parameters": {
              "dataset": "@parameters('XML-Site (wd_SiteXML)')",
              "folderPath": "@concat('/Shared Documents/',parameters('XML-config (wd_XMLconfig)')?['folderName'])",
              "name": "@{outputs('GUID')}.zip",
              "body": "@triggerBody()['file']['contentBytes']"
            },
            "authentication": {
              "type": "Raw",
              "value": "@json(decodeBase64(triggerOutputs().headers['X-MS-APIM-Tokens']))['$ConnectionKey']"
            }
          },
          "runtimeConfiguration": {
            "contentTransfer": {
              "transferMode": "Chunked"
            }
          }
        },
        "Extract_folder": {
          "runAfter": {
            "Create_file_Zip": [
              "Succeeded"
            ]
          },
          "metadata": {
            "operationMetadataId": "edbb87a7-5884-4718-b80e-551c6cbe933b"
          },
          "type": "OpenApiConnection",
          "inputs": {
            "host": {
              "connectionName": "shared_sharepointonline_1",
              "operationId": "ExtractFolderV2",
              "apiId": "/providers/Microsoft.PowerApps/apis/shared_sharepointonline"
            },
            "parameters": {
              "dataset": "@parameters('XML-Site (wd_SiteXML)')",
              "source": "@outputs('Create_file_Zip')?['body/Path']",
              "destination": "@concat(actions('Create_File_Zip').inputs.parameters.folderPath, outputs('GUID'))",
              "overwrite": true
            },
            "authentication": {
              "type": "Raw",
              "value": "@json(decodeBase64(triggerOutputs().headers['X-MS-APIM-Tokens']))['$ConnectionKey']"
            }
          }
        },
        "GUID": {
          "runAfter": {},
          "metadata": {
            "operationMetadataId": "6d000587-ec7a-4e28-806f-8dd9809b8548"
          },
          "type": "Compose",
          "inputs": "@guid()"
        },
        "List_folder": {
          "runAfter": {
            "Filter_folder": [
              "Succeeded"
            ]
          },
          "metadata": {
            "operationMetadataId": "e43e3e23-0b09-4f68-87b0-c958f9966587"
          },
          "type": "OpenApiConnection",
          "inputs": {
            "host": {
              "connectionName": "shared_sharepointonline_1",
              "operationId": "ListFolder",
              "apiId": "/providers/Microsoft.PowerApps/apis/shared_sharepointonline"
            },
            "parameters": {
              "dataset": "@parameters('XML-Site (wd_SiteXML)')",
              "id": "@body('Filter_folder')[0]?['id']"
            },
            "authentication": {
              "type": "Raw",
              "value": "@json(decodeBase64(triggerOutputs().headers['X-MS-APIM-Tokens']))['$ConnectionKey']"
            }
          }
        },
        "Filter_folder": {
          "runAfter": {
            "Extract_folder": [
              "Succeeded"
            ]
          },
          "metadata": {
            "operationMetadataId": "a187939e-bca8-419c-9f50-d8251db3fe93"
          },
          "type": "Query",
          "inputs": {
            "from": "@body('Extract_folder')",
            "where": "@equals(item()?['DisplayName'], 'xl')"
          }
        },
        "Filter_folder_sheets": {
          "runAfter": {
            "List_folder": [
              "Succeeded"
            ]
          },
          "metadata": {
            "operationMetadataId": "a187939e-bca8-419c-9f50-d8251db3fe93"
          },
          "type": "Query",
          "inputs": {
            "from": "@body('List_folder')",
            "where": "@equals(item()?['DisplayName'], 'worksheets')"
          }
        },
        "List_folder_sheets": {
          "runAfter": {
            "Filter_folder_sheets": [
              "Succeeded"
            ]
          },
          "metadata": {
            "operationMetadataId": "e43e3e23-0b09-4f68-87b0-c958f9966587"
          },
          "type": "OpenApiConnection",
          "inputs": {
            "host": {
              "connectionName": "shared_sharepointonline_1",
              "operationId": "ListFolder",
              "apiId": "/providers/Microsoft.PowerApps/apis/shared_sharepointonline"
            },
            "parameters": {
              "dataset": "@parameters('XML-Site (wd_SiteXML)')",
              "id": "@body('Filter_folder_sheets')[0]?['id']"
            },
            "authentication": {
              "type": "Raw",
              "value": "@json(decodeBase64(triggerOutputs().headers['X-MS-APIM-Tokens']))['$ConnectionKey']"
            }
          }
        },
        "Workbook": {
          "actions": {
            "Get_file_content_using_path": {
              "runAfter": {},
              "metadata": {
                "operationMetadataId": "18574a63-a851-4c1f-82f5-24a4086a0b7a"
              },
              "type": "OpenApiConnection",
              "inputs": {
                "host": {
                  "connectionName": "shared_sharepointonline_1",
                  "operationId": "GetFileContentByPath",
                  "apiId": "/providers/Microsoft.PowerApps/apis/shared_sharepointonline"
                },
                "parameters": {
                  "dataset": "@parameters('XML-Site (wd_SiteXML)')",
                  "path": "@concat(body('Filter_folder')[0]?['Path'], '/workbook.xml')",
                  "inferContentType": true
                },
                "authentication": {
                  "type": "Raw",
                  "value": "@json(decodeBase64(triggerOutputs().headers['X-MS-APIM-Tokens']))['$ConnectionKey']"
                }
              }
            },
            "Run_a_Child_Flow_unprotect_workbook": {
              "runAfter": {
                "Get_file_content_using_path": [
                  "Succeeded"
                ]
              },
              "metadata": {
                "operationMetadataId": "e8620f83-976a-4e20-bb58-745b85859b1a"
              },
              "type": "Workflow",
              "inputs": {
                "host": {
                  "workflowReferenceName": "5b5ddd44-35af-ef11-b8e9-6045bd09cc55"
                },
                "body": {
                  "text": "@concat(body('Filter_folder')[0]?['Path'],'/workbook.xml')",
                  "text_1": "workbook",
                  "text_2": "workbookProtection"
                }
              }
            },
            "Get_file_metadata_using_path": {
              "runAfter": {
                "Run_a_Child_Flow_unprotect_workbook": [
                  "Succeeded"
                ]
              },
              "metadata": {
                "operationMetadataId": "a6b6c6d5-24cb-4d14-a810-50069a1a4d62"
              },
              "type": "OpenApiConnection",
              "inputs": {
                "host": {
                  "connectionName": "shared_sharepointonline_1",
                  "operationId": "GetFileMetadataByPath",
                  "apiId": "/providers/Microsoft.PowerApps/apis/shared_sharepointonline"
                },
                "parameters": {
                  "dataset": "@parameters('XML-Site (wd_SiteXML)')",
                  "path": "@concat(body('Filter_folder')[0]?['Path'],'/workbook.xml')"
                },
                "authentication": {
                  "type": "Raw",
                  "value": "@json(decodeBase64(triggerOutputs().headers['X-MS-APIM-Tokens']))['$ConnectionKey']"
                }
              }
            },
            "Delete_file": {
              "runAfter": {
                "Get_file_metadata_using_path": [
                  "Succeeded"
                ]
              },
              "metadata": {
                "operationMetadataId": "eb29f5b5-44e2-4fb9-a8c2-d698ac1c9947"
              },
              "type": "OpenApiConnection",
              "inputs": {
                "host": {
                  "connectionName": "shared_sharepointonline_1",
                  "operationId": "DeleteFile",
                  "apiId": "/providers/Microsoft.PowerApps/apis/shared_sharepointonline"
                },
                "parameters": {
                  "dataset": "@parameters('XML-Site (wd_SiteXML)')",
                  "id": "@outputs('Get_file_metadata_using_path')?['body/Id']"
                },
                "authentication": {
                  "type": "Raw",
                  "value": "@json(decodeBase64(triggerOutputs().headers['X-MS-APIM-Tokens']))['$ConnectionKey']"
                }
              }
            },
            "Create_file": {
              "runAfter": {
                "Delete_file": [
                  "Succeeded"
                ]
              },
              "metadata": {
                "operationMetadataId": "cd9873ba-9b2a-4796-a16c-db7cdd129d8d"
              },
              "type": "OpenApiConnection",
              "inputs": {
                "host": {
                  "connectionName": "shared_sharepointonline_1",
                  "operationId": "CreateFile",
                  "apiId": "/providers/Microsoft.PowerApps/apis/shared_sharepointonline"
                },
                "parameters": {
                  "dataset": "@parameters('XML-Site (wd_SiteXML)')",
                  "folderPath": "@body('Filter_folder')[0]?['Path']",
                  "name": "workbook.xml",
                  "body": "@body('Run_a_Child_Flow_unprotect_workbook')?['xml']"
                },
                "authentication": {
                  "type": "Raw",
                  "value": "@json(decodeBase64(triggerOutputs().headers['X-MS-APIM-Tokens']))['$ConnectionKey']"
                }
              },
              "runtimeConfiguration": {
                "contentTransfer": {
                  "transferMode": "Chunked"
                }
              }
            }
          },
          "runAfter": {
            "Filter_folder": [
              "Succeeded"
            ]
          },
          "metadata": {
            "operationMetadataId": "65042288-5f6c-4efd-aec5-6d47077d5efd"
          },
          "type": "Scope"
        },
        "Apply_to_each_sheet": {
          "foreach": "@body('List_folder_sheets')",
          "actions": {
            "Worksheet": {
              "actions": {
                "Get_file_content_using_path_sheet": {
                  "runAfter": {},
                  "metadata": {
                    "operationMetadataId": "8e90503b-9d25-4c94-b6d7-0f55757c5c24"
                  },
                  "type": "OpenApiConnection",
                  "inputs": {
                    "host": {
                      "connectionName": "shared_sharepointonline_1",
                      "operationId": "GetFileContentByPath",
                      "apiId": "/providers/Microsoft.PowerApps/apis/shared_sharepointonline"
                    },
                    "parameters": {
                      "dataset": "@parameters('XML-Site (wd_SiteXML)')",
                      "path": "@item()?['Path']",
                      "inferContentType": true
                    },
                    "authentication": {
                      "type": "Raw",
                      "value": "@json(decodeBase64(triggerOutputs().headers['X-MS-APIM-Tokens']))['$ConnectionKey']"
                    }
                  }
                },
                "Run_a_Child_Flow_unprotect_sheet": {
                  "runAfter": {
                    "Get_file_content_using_path_sheet": [
                      "Succeeded"
                    ]
                  },
                  "metadata": {
                    "operationMetadataId": "91f0e704-e0ef-41e7-8f7f-7bd643e8c1c1"
                  },
                  "type": "Workflow",
                  "inputs": {
                    "host": {
                      "workflowReferenceName": "5b5ddd44-35af-ef11-b8e9-6045bd09cc55"
                    },
                    "body": {
                      "text": "@items('Apply_to_each_sheet')?['Path']",
                      "text_1": "worksheet",
                      "text_2": "sheetProtection"
                    }
                  }
                },
                "Delete_file_sheet": {
                  "runAfter": {
                    "Run_a_Child_Flow_unprotect_sheet": [
                      "Succeeded"
                    ]
                  },
                  "metadata": {
                    "operationMetadataId": "904029a4-3ba4-4446-a13d-fb5d562324cd"
                  },
                  "type": "OpenApiConnection",
                  "inputs": {
                    "host": {
                      "connectionName": "shared_sharepointonline_1",
                      "operationId": "DeleteFile",
                      "apiId": "/providers/Microsoft.PowerApps/apis/shared_sharepointonline"
                    },
                    "parameters": {
                      "dataset": "@parameters('XML-Site (wd_SiteXML)')",
                      "id": "@item()?['Id']"
                    },
                    "authentication": {
                      "type": "Raw",
                      "value": "@json(decodeBase64(triggerOutputs().headers['X-MS-APIM-Tokens']))['$ConnectionKey']"
                    }
                  }
                },
                "Create_file_sheet": {
                  "runAfter": {
                    "Delete_file_sheet": [
                      "Succeeded"
                    ]
                  },
                  "metadata": {
                    "operationMetadataId": "9ab7549d-17c5-45c9-8f89-d4fae0f85a2b"
                  },
                  "type": "OpenApiConnection",
                  "inputs": {
                    "host": {
                      "connectionName": "shared_sharepointonline_1",
                      "operationId": "CreateFile",
                      "apiId": "/providers/Microsoft.PowerApps/apis/shared_sharepointonline"
                    },
                    "parameters": {
                      "dataset": "@parameters('XML-Site (wd_SiteXML)')",
                      "folderPath": "@body('Filter_folder_sheets')[0]?['Path']",
                      "name": "@item()?['DisplayName']",
                      "body": "@body('Run_a_Child_Flow_unprotect_sheet')?['xml']"
                    },
                    "authentication": {
                      "type": "Raw",
                      "value": "@json(decodeBase64(triggerOutputs().headers['X-MS-APIM-Tokens']))['$ConnectionKey']"
                    }
                  },
                  "runtimeConfiguration": {
                    "contentTransfer": {
                      "transferMode": "Chunked"
                    }
                  }
                }
              },
              "runAfter": {},
              "metadata": {
                "operationMetadataId": "20b507d6-bb6f-4073-8e8b-65d9be42b9c4"
              },
              "type": "Scope"
            }
          },
          "runAfter": {
            "List_folder_sheets": [
              "Succeeded"
            ]
          },
          "metadata": {
            "operationMetadataId": "d4bbf425-f981-43f7-aee4-21f7e63fb75d"
          },
          "type": "Foreach"
        },
        "Run_a_Child_Flow_zip": {
          "runAfter": {
            "Compose": [
              "Succeeded"
            ]
          },
          "metadata": {
            "operationMetadataId": "a8915038-6238-49ba-b9bd-e52c66fd8f08"
          },
          "type": "Workflow",
          "inputs": {
            "host": {
              "workflowReferenceName": "33492691-3faf-ef11-b8e9-6045bd09cc55"
            },
            "body": {
              "text": "@concat('/sites/',parameters('XML-config (wd_XMLconfig)')?['siteName'],actions('Create_File_Zip').inputs.parameters.folderPath)",
              "text_1": "@concat('/sites/',parameters('XML-config (wd_XMLconfig)')?['siteName'])",
              "text_2": "@actions('Extract_folder').inputs.parameters.destination",
              "text_3": "text.xlsx"
            }
          }
        },
        "Compose": {
          "runAfter": {
            "Apply_to_each_sheet": [
              "Succeeded"
            ],
            "Workbook": [
              "Succeeded"
            ]
          },
          "metadata": {
            "operationMetadataId": "99a5f138-373c-4aa2-8438-ed4b082a7343"
          },
          "type": "Compose",
          "inputs": "@parameters('XML-config (wd_XMLconfig)')"
        }
      }
    },
    "templateName": ""
  },
  "schemaVersion": "1.0.0.0"
}