{
  "properties": {
    "connectionReferences": {
      "shared_sharepointonline_1": {
        "runtimeSource": "embedded",
        "connection": {
          "connectionReferenceLogicalName": "wd_SharePointXML"
        },
        "api": {
          "name": "shared_sharepointonline"
        }
      }
    },
    "definition": {
      "$schema": "https://schema.management.azure.com/providers/Microsoft.Logic/schemas/2016-06-01/workflowdefinition.json#",
      "contentVersion": "1.0.0.0",
      "parameters": {
        "$connections": {
          "defaultValue": {},
          "type": "Object"
        },
        "$authentication": {
          "defaultValue": {},
          "type": "SecureObject"
        },
        "Site-XML (wd_SiteXML)": {
          "defaultValue": "https://37wcqv.sharepoint.com/sites/testsite",
          "type": "String",
          "metadata": {
            "schemaName": "wd_SiteXML",
            "description": "Site to save updated Excel file to"
          }
        }
      },
      "triggers": {
        "manual": {
          "metadata": {
            "operationMetadataId": "ce973c4e-4e26-41fc-9314-dd52e8d31bd4"
          },
          "type": "Request",
          "kind": "Button",
          "inputs": {
            "schema": {
              "type": "object",
              "properties": {
                "text": {
                  "title": "path",
                  "type": "string",
                  "x-ms-dynamically-added": true,
                  "description": "Please enter your input",
                  "x-ms-content-hint": "TEXT"
                },
                "text_1": {
                  "title": "parent path",
                  "type": "string",
                  "x-ms-dynamically-added": true,
                  "description": "Please enter your input",
                  "x-ms-content-hint": "TEXT"
                },
                "text_2": {
                  "title": "destination",
                  "type": "string",
                  "x-ms-dynamically-added": true,
                  "description": "Please enter your input",
                  "x-ms-content-hint": "TEXT"
                },
                "text_3": {
                  "title": "file name",
                  "type": "string",
                  "x-ms-dynamically-added": true,
                  "description": "Please enter your input",
                  "x-ms-content-hint": "TEXT"
                }
              },
              "required": [
                "text",
                "text_1",
                "text_2",
                "text_3"
              ]
            }
          }
        }
      },
      "actions": {
        "Respond_to_a_Power_App_or_flow": {
          "runAfter": {
            "Main": [
              "Succeeded"
            ]
          },
          "metadata": {
            "operationMetadataId": "6fffb127-3111-40a4-9272-ba3ae57bf29e"
          },
          "type": "Response",
          "kind": "PowerApp",
          "inputs": {
            "statusCode": 200,
            "body": {
              "link": "@{concat(parameters('Site-XML (wd_SiteXML)'),'/shared documents/',triggerBody()['text_3'])}"
            },
            "schema": {
              "type": "object",
              "properties": {
                "link": {
                  "title": "link",
                  "x-ms-dynamically-added": true,
                  "type": "string"
                }
              }
            }
          }
        },
        "Main": {
          "actions": {
            "SharePointHTTP": {
              "runAfter": {},
              "metadata": {
                "operationMetadataId": "d7c99fd9-8b01-4284-8ff7-6f38aa1e62bc"
              },
              "type": "OpenApiConnection",
              "inputs": {
                "host": {
                  "connectionName": "shared_sharepointonline_1",
                  "operationId": "HttpRequest",
                  "apiId": "/providers/Microsoft.PowerApps/apis/shared_sharepointonline"
                },
                "parameters": {
                  "dataset": "@parameters('Site-XML (wd_SiteXML)')",
                  "parameters/method": "POST",
                  "parameters/uri": "_api/web/GetListUsingPath(DecodedUrl=@a1)/RenderListDataAsStream?@a1=%27@{encodeUriComponent(triggerBody()['text'])}%27&RootFolder=@{encodeUriComponent(concat(triggerBody()['text_1'],triggerBody()['text_2']))}",
                  "parameters/body": "{\"parameters\": {\"RenderOptions\": 4103}}"
                },
                "authentication": {
                  "type": "Raw",
                  "value": "@json(decodeBase64(triggerOutputs().headers['X-MS-APIM-Tokens']))['$ConnectionKey']"
                },
                "retryPolicy": {
                  "type": "none"
                }
              }
            },
            "token": {
              "runAfter": {
                "SharePointHTTP": [
                  "Succeeded"
                ]
              },
              "metadata": {
                "operationMetadataId": "3edb89eb-b73e-4856-914d-a3d186a3d505"
              },
              "type": "Compose",
              "inputs": "@outputs('SharePointHTTP')?['body']['ListSchema']['.driveAccessToken']",
              "description": "outputs('SharePointHTTP')?['body']['ListSchema']['.driveAccessToken']"
            },
            "Select": {
              "runAfter": {
                "token": [
                  "Succeeded"
                ]
              },
              "metadata": {
                "operationMetadataId": "cc1f7c67-fd94-4979-9c71-0e6800ab383d"
              },
              "type": "Select",
              "inputs": {
                "from": "@body('SharePointHTTP')['ListData']['Row']",
                "select": {
                  "name": "@item()['FileLeafRef']",
                  "size": "@item()['SMTotalSize']",
                  "docid": "@{item()['.spItemUrl']}&@{outputs('token')}",
                  "isFolder": "@if(equals(item()['FSObjType'], '1'), true, false)"
                }
              }
            },
            "downloadZip": {
              "runAfter": {
                "Select": [
                  "Succeeded"
                ]
              },
              "metadata": {
                "operationMetadataId": "d300fe42-960b-4ea7-8743-9d15d59cbe95"
              },
              "type": "OpenApiConnection",
              "inputs": {
                "host": {
                  "connectionName": "shared_sharepointonline_1",
                  "operationId": "HttpRequest",
                  "apiId": "/providers/Microsoft.PowerApps/apis/shared_sharepointonline"
                },
                "parameters": {
                  "dataset": "@body('SharePointHTTP')['ListSchema']['.mediaBaseUrl']",
                  "parameters/method": "POST",
                  "parameters/uri": "/transform/zip?cs=@{body('SharePointHTTP')['ListSchema']['.callerStack']}",
                  "parameters/headers": {
                    "Content-Type": "application/x-www-form-urlencoded"
                  },
                  "parameters/body": "zipFileName=test.zip&guid=@{guid()}&provider=spo&files=@{encodeUriComponent(json(concat('{\"items\":', body('Select'), '}')))}&oAuthToken="
                },
                "authentication": {
                  "type": "Raw",
                  "value": "@json(decodeBase64(triggerOutputs().headers['X-MS-APIM-Tokens']))['$ConnectionKey']"
                }
              }
            },
            "Create_file": {
              "runAfter": {
                "downloadZip": [
                  "Succeeded"
                ]
              },
              "metadata": {
                "operationMetadataId": "c9ac9566-8c3b-4b72-ae13-1f31756104ba"
              },
              "type": "OpenApiConnection",
              "inputs": {
                "host": {
                  "connectionName": "shared_sharepointonline_1",
                  "operationId": "CreateFile",
                  "apiId": "/providers/Microsoft.PowerApps/apis/shared_sharepointonline"
                },
                "parameters": {
                  "dataset": "@parameters('Site-XML (wd_SiteXML)')",
                  "folderPath": "/Shared Documents",
                  "name": "@triggerBody()['text_3']",
                  "body": "@base64ToBinary(body('downloadZip')['$content'])"
                },
                "authentication": {
                  "type": "Raw",
                  "value": "@json(decodeBase64(triggerOutputs().headers['X-MS-APIM-Tokens']))['$ConnectionKey']"
                }
              },
              "runtimeConfiguration": {
                "contentTransfer": {
                  "transferMode": "Chunked"
                }
              }
            }
          },
          "runAfter": {},
          "metadata": {
            "operationMetadataId": "6a8daaff-ca35-4300-8787-3b8bd7e22e3c"
          },
          "type": "Scope"
        },
        "Respond_to_a_Power_App_or_flow_Exception": {
          "runAfter": {
            "Main": [
              "Failed",
              "TimedOut"
            ]
          },
          "metadata": {
            "operationMetadataId": "6fffb127-3111-40a4-9272-ba3ae57bf29e"
          },
          "type": "Response",
          "kind": "PowerApp",
          "inputs": {
            "statusCode": 200,
            "body": {
              "link": "failed"
            },
            "schema": {
              "type": "object",
              "properties": {
                "link": {
                  "title": "link",
                  "x-ms-dynamically-added": true,
                  "type": "string"
                }
              }
            }
          }
        }
      }
    },
    "templateName": ""
  },
  "schemaVersion": "1.0.0.0"
}