<ImportExportXml xmlns:xsi="http://www.w3.org/2001/XMLSchema-instance" OrganizationVersion="9.2.25094.169" OrganizationSchemaType="Standard" CRMServerServiceabilityVersion="9.2.25094.00169">
  <Entities></Entities>
  <Roles></Roles>
  <Workflows></Workflows>
  <FieldSecurityProfiles></FieldSecurityProfiles>
  <Templates />
  <EntityMaps />
  <EntityRelationships />
  <OrganizationSettings />
  <optionsets />
  <WebResources>
    <WebResource>
      <WebResourceId>{160fd712-c1b4-f011-bbd3-00224821d1d0}</WebResourceId>
      <Name>wd_readme</Name>
      <DisplayName>readme.md</DisplayName>
      <LanguageCode>1033</LanguageCode>
      <WebResourceType>1</WebResourceType>
      <IntroducedVersion>1.0.0.0</IntroducedVersion>
      <IsEnabledForMobileClient>0</IsEnabledForMobileClient>
      <IsAvailableForMobileOffline>0</IsAvailableForMobileOffline>
      <IsCustomizable>1</IsCustomizable>
      <CanBeDeleted>1</CanBeDeleted>
      <IsHidden>0</IsHidden>
      <FileName>/WebResources/wd_readme160FD712-C1B4-F011-BBD3-00224821D1D0</FileName>
    </WebResource>
    <WebResource>
      <WebResourceId>{1e7c42aa-c1b4-f011-bbd3-00224821d1d0}</WebResourceId>
      <Name>wd_markdowntagGitHub</Name>
      <DisplayName>markdown-tag-GitHub.js</DisplayName>
      <WebResourceType>3</WebResourceType>
      <IntroducedVersion>1.0.0.0</IntroducedVersion>
      <IsEnabledForMobileClient>0</IsEnabledForMobileClient>
      <IsAvailableForMobileOffline>0</IsAvailableForMobileOffline>
      <IsCustomizable>1</IsCustomizable>
      <CanBeDeleted>1</CanBeDeleted>
      <IsHidden>0</IsHidden>
      <FileName>/WebResources/wd_markdowntagGitHub1E7C42AA-C1B4-F011-BBD3-00224821D1D0</FileName>
    </WebResource>
    <WebResource>
      <WebResourceId>{f5c517d0-c1b4-f011-bbd3-00224821d1d0}</WebResourceId>
      <Name>wd_mermaidmin</Name>
      <DisplayName>mermaid.min.js</DisplayName>
      <WebResourceType>3</WebResourceType>
      <IntroducedVersion>1.0.0.0</IntroducedVersion>
      <IsEnabledForMobileClient>0</IsEnabledForMobileClient>
      <IsAvailableForMobileOffline>0</IsAvailableForMobileOffline>
      <IsCustomizable>1</IsCustomizable>
      <CanBeDeleted>1</CanBeDeleted>
      <IsHidden>0</IsHidden>
      <FileName>/WebResources/wd_mermaidminF5C517D0-C1B4-F011-BBD3-00224821D1D0</FileName>
    </WebResource>
  </WebResources>
  <CustomControls />
  <EntityDataProviders />
  <Languages>
    <Language>1033</Language>
  </Languages>
</ImportExportXml>