{
  "properties": {
    "connectionReferences": {
      "shared_commondataserviceforapps": {
        "runtimeSource": "embedded",
        "connection": {
          "connectionReferenceLogicalName": "wd_system"
        },
        "api": {
          "name": "shared_commondataserviceforapps"
        }
      },
      "shared_flowmanagement": {
        "runtimeSource": "invoker",
        "connection": {
          "connectionReferenceLogicalName": "wd_PowerAutomate_MgrDemo"
        },
        "api": {
          "name": "shared_flowmanagement"
        }
      },
      "shared_wd-5fautoreview-5f2bf6af0c4e1b88a0": {
        "runtimeSource": "invoker",
        "connection": {
          "connectionReferenceLogicalName": "new_sharedwd5fautoreview5f2bf6af0c4e1b88a0_c0f05"
        },
        "api": {
          "name": "shared_wd-5fautoreview-5f2bf6af0c4e1b88a0",
          "logicalName": "wd_5Fautoreview"
        }
      }
    },
    "definition": {
      "$schema": "https://schema.management.azure.com/providers/Microsoft.Logic/schemas/2016-06-01/workflowdefinition.json#",
      "contentVersion": "1.0.0.0",
      "parameters": {
        "$connections": {
          "defaultValue": {},
          "type": "Object"
        },
        "$authentication": {
          "defaultValue": {},
          "type": "SecureObject"
        }
      },
      "triggers": {
        "manual": {
          "metadata": {
            "operationMetadataId": "dcd903c5-04d1-4991-a487-2669e20a6292"
          },
          "type": "Request",
          "kind": "Button",
          "inputs": {
            "schema": {
              "type": "object",
              "properties": {},
              "required": []
            }
          }
        }
      },
      "actions": {
        "List_rows": {
          "runAfter": {},
          "metadata": {
            "operationMetadataId": "9ad70609-5da6-4900-b77b-fc8b1ed57f55"
          },
          "type": "OpenApiConnection",
          "inputs": {
            "host": {
              "connectionName": "shared_commondataserviceforapps",
              "operationId": "ListRecords",
              "apiId": "/providers/Microsoft.PowerApps/apis/shared_commondataserviceforapps"
            },
            "parameters": {
              "entityName": "workflows",
              "$filter": "name eq 'Article Analytics'"
            },
            "authentication": {
              "type": "Raw",
              "value": "@json(decodeBase64(triggerOutputs().headers['X-MS-APIM-Tokens']))['$ConnectionKey']"
            }
          }
        },
        "Get_a_row_by_ID": {
          "runAfter": {
            "List_rows": [
              "Succeeded"
            ]
          },
          "metadata": {
            "operationMetadataId": "bccfb3ea-e703-468d-a216-0b978ef670d9"
          },
          "type": "OpenApiConnection",
          "inputs": {
            "host": {
              "connectionName": "shared_commondataserviceforapps",
              "operationId": "GetItem",
              "apiId": "/providers/Microsoft.PowerApps/apis/shared_commondataserviceforapps"
            },
            "parameters": {
              "entityName": "workflows",
              "recordId": "@outputs('List_rows')?['body/value'][0]?['workflowid']"
            },
            "authentication": {
              "type": "Raw",
              "value": "@json(decodeBase64(triggerOutputs().headers['X-MS-APIM-Tokens']))['$ConnectionKey']"
            }
          }
        },
        "Get_Flow": {
          "runAfter": {},
          "metadata": {
            "operationMetadataId": "90aa9bf8-a821-49fa-abdb-74602bde3119"
          },
          "type": "OpenApiConnection",
          "inputs": {
            "host": {
              "connectionName": "shared_flowmanagement",
              "operationId": "GetFlow",
              "apiId": "/providers/Microsoft.PowerApps/apis/shared_flowmanagement"
            },
            "parameters": {
              "environmentName": "Default-6b6c3ede-aa0d-4268-a46f-96b7621b13a8",
              "flowName": "882c218e-c0e7-4d23-8098-4ce9be52a5eb"
            },
            "authentication": {
              "type": "Raw",
              "value": "@json(decodeBase64(triggerOutputs().headers['X-MS-APIM-Tokens']))['$ConnectionKey']"
            }
          }
        },
        "AutoReview_Get_Flow": {
          "runAfter": {
            "Get_Flow": [
              "Succeeded",
              "Failed",
              "Skipped",
              "TimedOut"
            ]
          },
          "metadata": {
            "operationMetadataId": "10b3f6f5-2c25-4968-9a23-18ce61130f91"
          },
          "type": "OpenApiConnection",
          "inputs": {
            "host": {
              "connectionName": "shared_wd-5fautoreview-5f2bf6af0c4e1b88a0",
              "operationId": "AutoReview-personal",
              "apiId": ""
            },
            "parameters": {
              "api": "json",
              "body/name": "@outputs('Get_Flow')?['body/name']",
              "body/displayName": "@outputs('Get_Flow')?['body/properties/displayName']",
              "body/owner": "David Wyatt",
              "body/definition": "@outputs('Get_Flow')?['body/properties/definition']"
            },
            "authentication": {
              "type": "Raw",
              "value": "@json(decodeBase64(triggerOutputs().headers['X-MS-APIM-Tokens']))['$ConnectionKey']"
            }
          }
        },
        "AutoReview_Dataverse": {
          "runAfter": {
            "Get_a_row_by_ID": [
              "Succeeded"
            ]
          },
          "metadata": {
            "operationMetadataId": "75e7d212-db95-4ee9-b3ae-04f4ed0b679d"
          },
          "type": "OpenApiConnection",
          "inputs": {
            "host": {
              "connectionName": "shared_wd-5fautoreview-5f2bf6af0c4e1b88a0",
              "operationId": "AutoReview-dataverse",
              "apiId": ""
            },
            "parameters": {
              "api": "review",
              "body/name": "@outputs('Get_a_row_by_ID')?['body/resourceid']",
              "body/displayName": "@outputs('Get_a_row_by_ID')?['body/name']",
              "body/owner": "David Wyatt",
              "body/definition": "@outputs('Get_a_row_by_ID')?['body/clientdata']"
            },
            "authentication": {
              "type": "Raw",
              "value": "@json(decodeBase64(triggerOutputs().headers['X-MS-APIM-Tokens']))['$ConnectionKey']"
            }
          }
        }
      }
    },
    "templateName": ""
  },
  "schemaVersion": "1.0.0.0"
}