{"swagger":"2.0","info":{"title":"Default title","description":"Returns an array of regex matches to input string","version":"1.0"},"host":"script.google.com","basePath":"/macros/s/","schemes":["https"],"consumes":[],"produces":[],"paths":{"/":{},"/AKfycbyRspY19D2G92V15YozfF3NTVn32NXE1STz9lQvrg4lmdhbMyYmDgXP0Ec5f92wFjJt7A/exec":{"get":{"responses":{"default":{"description":"default","schema":{}}},"summary":"Regex","description":"Returns matches","operationId":"Regex","parameters":[{"name":"string","in":"query","required":false,"type":"string","description":"Text to search","x-ms-summary":"Text"},{"name":"regex","in":"query","required":false,"type":"string","description":"Regex code","x-ms-summary":"Regex"},{"name":"flag","in":"query","required":false,"type":"string","description":"Search Flag","x-ms-summary":"Flag"}]}}},"definitions":{},"parameters":{},"responses":{},"securityDefinitions":{},"security":[],"tags":[]}