<ImportExportXml xmlns:xsi="http://www.w3.org/2001/XMLSchema-instance">
  <Entities></Entities>
  <Roles></Roles>
  <Workflows>
    <Workflow WorkflowId="{7c1b5d77-3bc5-ee11-9079-000d3a5a7615}" Name="polling flow">
      <JsonFileName>/Workflows/pollingflow-7C1B5D77-3BC5-EE11-9079-000D3A5A7615.json</JsonFileName>
      <Type>1</Type>
      <Subprocess>0</Subprocess>
      <Category>5</Category>
      <Mode>0</Mode>
      <Scope>4</Scope>
      <OnDemand>0</OnDemand>
      <TriggerOnCreate>0</TriggerOnCreate>
      <TriggerOnDelete>0</TriggerOnDelete>
      <AsyncAutodelete>0</AsyncAutodelete>
      <SyncWorkflowLogOnFailure>0</SyncWorkflowLogOnFailure>
      <StateCode>1</StateCode>
      <StatusCode>2</StatusCode>
      <RunAs>1</RunAs>
      <IsTransacted>1</IsTransacted>
      <IntroducedVersion>1.0.0.0</IntroducedVersion>
      <IsCustomizable>1</IsCustomizable>
      <BusinessProcessType>0</BusinessProcessType>
      <IsCustomProcessingStepAllowedForOtherPublishers>1</IsCustomProcessingStepAllowedForOtherPublishers>
      <PrimaryEntity>none</PrimaryEntity>
      <LocalizedNames>
        <LocalizedName languagecode="1033" description="polling flow" />
      </LocalizedNames>
    </Workflow>
  </Workflows>
  <FieldSecurityProfiles></FieldSecurityProfiles>
  <Templates />
  <EntityMaps />
  <EntityRelationships />
  <OrganizationSettings />
  <optionsets />
  <CustomControls />
  <EntityDataProviders />
  <CanvasApps>
    <CanvasApp>
      <Name>wd_pollingdemo_31bce</Name>
      <AppVersion>2024-02-07T21:30:55Z</AppVersion>
      <Status>Ready</Status>
      <CreatedByClientVersion>3.24014.14.0</CreatedByClientVersion>
      <MinClientVersion>3.24014.14.0</MinClientVersion>
      <Tags>{"primaryDeviceWidth":"1366","primaryDeviceHeight":"768","supportsPortrait":"true","supportsLandscape":"true","primaryFormFactor":"Tablet","showStatusBar":"false","publisherVersion":"3.24014.14","minimumRequiredApiVersion":"2.2.0","hasComponent":"false","hasUnlockedComponent":"false","isUnifiedRootApp":"false","offlineLargeFilesSupport":"false"}</Tags>
      <IsCdsUpgraded>0</IsCdsUpgraded>
      <GalleryItemId xsi:nil="true"></GalleryItemId>
      <BackgroundColor>rgba(184, 0, 0, 1)</BackgroundColor>
      <DisplayName>Polling Demo</DisplayName>
      <Description xsi:nil="true"></Description>
      <CommitMessage xsi:nil="true"></CommitMessage>
      <Publisher xsi:nil="true"></Publisher>
      <AuthorizationReferences>[]</AuthorizationReferences>
      <ConnectionReferences>{"2eaa8c58-b069-4eba-b09a-fcbac82e791b":{"id":"/providers/microsoft.powerapps/apis/shared_sharepointonline","displayName":"SharePoint","iconUri":"https://connectoricons-prod.azureedge.net/releases/v1.0.1674/1.0.1674.3602/sharepointonline/icon.png","dataSources":["polling-list"],"dependencies":[],"dependents":["07a61873-c46c-4d62-ab21-e36ef94a07c8"],"parameterHints":{},"parameterHintsV2":{},"isOnPremiseConnection":false,"bypassConsent":false,"dataSets":{"https://37wcqv.sharepoint.com/sites/testsite_wd_pollingsite":{"datasetOverride":{"name":"https://37wcqv.sharepoint.com/sites/testsite","environmentVariableName":"wd_pollingsite"},"dataSources":{"polling-list":{"tableName":"fc2f6417-e197-42c3-9f1e-295795272054","tableNameOverride":{"name":"fc2f6417-e197-42c3-9f1e-295795272054","environmentVariableName":"wd_pollinglist"}}}}},"apiTier":"Standard","actions":["providers/PowerPlatform.Governance/Operations/Read","providers/PowerPlatform.Governance/Operations/Write"]},"07a61873-c46c-4d62-ab21-e36ef94a07c8":{"id":"/providers/microsoft.powerapps/apis/shared_logicflows","displayName":"Logic flows","iconUri":"https://connectoricons-prod.azureedge.net/releases/v1.0.1664/1.0.1664.3477/logicflows/icon.png","dataSources":["pollingflow"],"dependencies":["2eaa8c58-b069-4eba-b09a-fcbac82e791b","f720dd8f-b987-4c2b-a668-684b18bf7d7d","2eaa8c58-b069-4eba-b09a-fcbac82e791b"],"dependents":[],"parameterHints":{"workflowName":{"value":"e6c5f57e-80f5-4cfc-97e5-d1e66800837a"},"workflowEntityId":{"value":"7c1b5d77-3bc5-ee11-9079-000d3a5a7615"},"2eaa8c58-b069-4eba-b09a-fcbac82e791b":{"value":"shared_sharepointonline_1"},"f720dd8f-b987-4c2b-a668-684b18bf7d7d":{"value":"shared_excelonlinebusiness"}},"parameterHintsV2":{"workflowName":{"value":"e6c5f57e-80f5-4cfc-97e5-d1e66800837a"},"workflowEntityId":{"value":"7c1b5d77-3bc5-ee11-9079-000d3a5a7615"},"shared_sharepointonline":{"value":"2eaa8c58-b069-4eba-b09a-fcbac82e791b"},"shared_excelonlinebusiness":{"value":"f720dd8f-b987-4c2b-a668-684b18bf7d7d"},"shared_sharepointonline_1":{"value":"2eaa8c58-b069-4eba-b09a-fcbac82e791b"}},"isOnPremiseConnection":false,"bypassConsent":false,"dataSets":{},"apiTier":"Standard","actions":["Run"]},"f720dd8f-b987-4c2b-a668-684b18bf7d7d":{"id":"/providers/microsoft.powerapps/apis/shared_excelonlinebusiness","displayName":"Excel Online (Business)","iconUri":"https://connectoricons-prod.azureedge.net/releases/v1.0.1658/1.0.1658.3452/excelonlinebusiness/icon.png","dataSources":[],"dependencies":[],"dependents":["07a61873-c46c-4d62-ab21-e36ef94a07c8"],"parameterHints":{},"parameterHintsV2":{},"isOnPremiseConnection":false,"bypassConsent":false,"dataSets":{},"apiTier":"Standard"}}</ConnectionReferences>
      <DatabaseReferences>{}</DatabaseReferences>
      <AppComponents>[]</AppComponents>
      <AppComponentDependencies>[]</AppComponentDependencies>
      <CanConsumeAppPass>1</CanConsumeAppPass>
      <CanvasAppType>0</CanvasAppType>
      <BypassConsent>0</BypassConsent>
      <AdminControlBypassConsent>0</AdminControlBypassConsent>
      <EmbeddedApp xsi:nil="true"></EmbeddedApp>
      <IntroducedVersion>1.0</IntroducedVersion>
      <CdsDependencies>{"cdsdependencies":[{"dependencyid":"7c1b5d77-3bc5-ee11-9079-000d3a5a7615","componenttype":29,"componenttypeplatformname":"Workflow"},{"logicalname":"wd_pollingsite","componenttype":380,"componenttypeplatformname":"EnvironmentVariableDefinition"},{"logicalname":"wd_pollinglist","componenttype":380,"componenttypeplatformname":"EnvironmentVariableDefinition"}]}</CdsDependencies>
      <IsCustomizable>1</IsCustomizable>
      <BackgroundImageUri>/CanvasApps/wd_pollingdemo_31bce_BackgroundImageUri</BackgroundImageUri>
      <DocumentUri>/CanvasApps/wd_pollingdemo_31bce_DocumentUri.msapp</DocumentUri>
      <AdditionalUris>
        <AdditionalUri>/CanvasApps/wd_pollingdemo_31bce_AdditionalUris0_identity.json</AdditionalUri>
      </AdditionalUris>
    </CanvasApp>
  </CanvasApps>
  <connectionreferences>
    <connectionreference connectionreferencelogicalname="wd_Excelpolling">
      <connectionreferencedisplayname>Excel-polling</connectionreferencedisplayname>
      <connectorid>/providers/Microsoft.PowerApps/apis/shared_excelonlinebusiness</connectorid>
      <iscustomizable>1</iscustomizable>
      <statecode>0</statecode>
      <statuscode>1</statuscode>
    </connectionreference>
    <connectionreference connectionreferencelogicalname="wd_SharePointPolling">
      <connectionreferencedisplayname>SharePoint-Polling</connectionreferencedisplayname>
      <connectorid>/providers/Microsoft.PowerApps/apis/shared_sharepointonline</connectorid>
      <iscustomizable>1</iscustomizable>
      <statecode>0</statecode>
      <statuscode>1</statuscode>
    </connectionreference>
  </connectionreferences>
  <Languages>
    <Language>1033</Language>
  </Languages>
</ImportExportXml>