{
  "properties": {
    "connectionReferences": {
      "shared_sharepointonline_1": {
        "runtimeSource": "invoker",
        "connection": {
          "connectionReferenceLogicalName": "wd_SharePointPolling"
        },
        "api": {
          "name": "shared_sharepointonline"
        }
      },
      "shared_excelonlinebusiness_1": {
        "runtimeSource": "invoker",
        "connection": {
          "connectionReferenceLogicalName": "wd_Excelpolling"
        },
        "api": {
          "name": "shared_excelonlinebusiness"
        }
      }
    },
    "definition": {
      "$schema": "https://schema.management.azure.com/providers/Microsoft.Logic/schemas/2016-06-01/workflowdefinition.json#",
      "contentVersion": "1.0.0.0",
      "parameters": {
        "$connections": {
          "defaultValue": {},
          "type": "Object"
        },
        "$authentication": {
          "defaultValue": {},
          "type": "SecureObject"
        },
        "polling-list (wd_pollinglist)": {
          "defaultValue": "fc2f6417-e197-42c3-9f1e-295795272054",
          "type": "String",
          "metadata": {
            "schemaName": "wd_pollinglist"
          }
        },
        "polling-site (wd_pollingsite)": {
          "defaultValue": "https://37wcqv.sharepoint.com/sites/testsite",
          "type": "String",
          "metadata": {
            "schemaName": "wd_pollingsite"
          }
        }
      },
      "triggers": {
        "manual": {
          "metadata": {
            "operationMetadataId": "2e9678c5-7e50-4af8-9353-e0a18b4c1bf3"
          },
          "type": "Request",
          "kind": "PowerAppV2",
          "inputs": {
            "schema": {
              "type": "object",
              "properties": {
                "text": {
                  "title": "Title",
                  "type": "string",
                  "x-ms-dynamically-added": true,
                  "description": "Please enter your input",
                  "x-ms-content-hint": "TEXT"
                },
                "text_1": {
                  "title": "File",
                  "type": "string",
                  "x-ms-dynamically-added": true,
                  "description": "Please enter your input",
                  "x-ms-content-hint": "TEXT"
                }
              },
              "required": [
                "text",
                "text_1"
              ]
            }
          }
        }
      },
      "actions": {
        "Main": {
          "actions": {
            "Create_item": {
              "runAfter": {},
              "metadata": {
                "operationMetadataId": "b5133cbd-6e52-4f98-8599-693cdf96e99e"
              },
              "type": "OpenApiConnection",
              "inputs": {
                "host": {
                  "connectionName": "shared_sharepointonline_1",
                  "operationId": "PostItem",
                  "apiId": "/providers/Microsoft.PowerApps/apis/shared_sharepointonline"
                },
                "parameters": {
                  "dataset": "@parameters('polling-site (wd_pollingsite)')",
                  "table": "@parameters('polling-list (wd_pollinglist)')",
                  "item/Title": "@triggerBody()['text']",
                  "item/Total": 1,
                  "item/Completed": 0
                },
                "authentication": "@parameters('$authentication')"
              }
            },
            "Get_tables": {
              "runAfter": {
                "Create_file": [
                  "Succeeded"
                ]
              },
              "metadata": {
                "operationMetadataId": "d6e6a03e-e68d-495d-a66e-315f069a8833",
                "tableId": null
              },
              "type": "OpenApiConnection",
              "inputs": {
                "host": {
                  "connectionName": "shared_excelonlinebusiness_1",
                  "operationId": "GetTables",
                  "apiId": "/providers/Microsoft.PowerApps/apis/shared_excelonlinebusiness"
                },
                "parameters": {
                  "source": "sites/37wcqv.sharepoint.com,975b94af-d6ff-437d-9d0f-5083821c25d1,5e63e2d2-e406-4bc4-a010-c3b172d684f3",
                  "drive": "b!r5Rbl__WfUOdD1CDghwl0dLiY14G5MRLoBDDsXLWhPOFrMB_ezQiTod5uSn88PKx",
                  "file": "@outputs('Create_file')?['body/Id']"
                },
                "authentication": "@parameters('$authentication')"
              }
            },
            "List_rows_present_in_a_table": {
              "runAfter": {
                "Get_tables": [
                  "Succeeded"
                ]
              },
              "metadata": {
                "operationMetadataId": "a153b2fb-675e-4616-92fd-30e9877c28ac",
                "tableId": "@outputs('Get_tables')?['body/value'][0]?['id']"
              },
              "type": "OpenApiConnection",
              "inputs": {
                "host": {
                  "connectionName": "shared_excelonlinebusiness_1",
                  "operationId": "GetItems",
                  "apiId": "/providers/Microsoft.PowerApps/apis/shared_excelonlinebusiness"
                },
                "parameters": {
                  "source": "groups/633781e7-c991-4d9d-898c-2f4c466eb51c",
                  "drive": "b!r5Rbl__WfUOdD1CDghwl0dLiY14G5MRLoBDDsXLWhPOFrMB_ezQiTod5uSn88PKx",
                  "file": "@outputs('Create_file')?['body/Id']",
                  "table": "@outputs('Get_tables')?['body/value'][0]?['id']"
                },
                "authentication": "@parameters('$authentication')"
              }
            },
            "Do_until": {
              "actions": {
                "Update_item": {
                  "runAfter": {},
                  "metadata": {
                    "operationMetadataId": "8c484abf-bc59-4ea1-b58f-386d6c3f9b8b"
                  },
                  "type": "OpenApiConnection",
                  "inputs": {
                    "host": {
                      "connectionName": "shared_sharepointonline_1",
                      "operationId": "PatchItem",
                      "apiId": "/providers/Microsoft.PowerApps/apis/shared_sharepointonline"
                    },
                    "parameters": {
                      "dataset": "@parameters('polling-site (wd_pollingsite)')",
                      "table": "@parameters('polling-list (wd_pollinglist)')",
                      "id": "@outputs('Create_item')?['body/ID']",
                      "item/Total": "@length(outputs('List_rows_present_in_a_table')?['body/value'])",
                      "item/Completed": "@iterationIndexes('Do_until')"
                    },
                    "authentication": "@parameters('$authentication')"
                  }
                },
                "Set_variable": {
                  "runAfter": {
                    "Update_item": [
                      "Succeeded"
                    ]
                  },
                  "metadata": {
                    "operationMetadataId": "99e9940d-eb6c-4f3d-b346-0c2129388156"
                  },
                  "type": "SetVariable",
                  "inputs": {
                    "name": "bComplete",
                    "value": "@equals(iterationIndexes('Do_until'),length(outputs('List_rows_present_in_a_table')?['body/value']))"
                  }
                }
              },
              "runAfter": {
                "List_rows_present_in_a_table": [
                  "Succeeded"
                ]
              },
              "expression": "@equals(variables('bComplete'), true)",
              "limit": {
                "count": 5000,
                "timeout": "PT1H"
              },
              "metadata": {
                "operationMetadataId": "3c46819a-c492-4688-8186-a18639bbc899"
              },
              "type": "Until"
            },
            "Create_file": {
              "runAfter": {
                "Respond_to_a_PowerApp_or_flow": [
                  "Succeeded"
                ]
              },
              "metadata": {
                "operationMetadataId": "94ebbb78-04da-47ee-aa32-3f75d98bec8e"
              },
              "type": "OpenApiConnection",
              "inputs": {
                "host": {
                  "connectionName": "shared_sharepointonline_1",
                  "operationId": "CreateFile",
                  "apiId": "/providers/Microsoft.PowerApps/apis/shared_sharepointonline"
                },
                "parameters": {
                  "dataset": "@parameters('polling-site (wd_pollingsite)')",
                  "folderPath": "/Shared Documents",
                  "name": "@{formatDateTime(utcNow(),'ddmmhhss')}-@{triggerBody()['text']}",
                  "body": "@base64ToBinary(triggerBody()['text_1'])"
                },
                "authentication": "@parameters('$authentication')"
              },
              "runtimeConfiguration": {
                "contentTransfer": {
                  "transferMode": "Chunked"
                }
              }
            },
            "Respond_to_a_PowerApp_or_flow": {
              "runAfter": {
                "Create_item": [
                  "Succeeded"
                ]
              },
              "metadata": {
                "operationMetadataId": "3fdf55f4-1296-4af0-9324-b1784cf48e69"
              },
              "type": "Response",
              "kind": "PowerApp",
              "inputs": {
                "statusCode": 200,
                "body": {
                  "id": "@outputs('Create_item')?['body/ID']"
                },
                "schema": {
                  "type": "object",
                  "properties": {
                    "id": {
                      "title": "id",
                      "x-ms-dynamically-added": true,
                      "type": "number"
                    }
                  }
                }
              }
            }
          },
          "runAfter": {
            "bComplete": [
              "Succeeded"
            ]
          },
          "metadata": {
            "operationMetadataId": "ace1dd59-0079-44f8-b80f-19562b9bea28"
          },
          "type": "Scope"
        },
        "bComplete": {
          "runAfter": {},
          "metadata": {
            "operationMetadataId": "36099060-59c7-4976-af34-9657a20bb2f8"
          },
          "type": "InitializeVariable",
          "inputs": {
            "variables": [
              {
                "name": "bComplete",
                "type": "boolean"
              }
            ]
          }
        }
      }
    },
    "templateName": ""
  },
  "schemaVersion": "1.0.0.0"
}