{
  "properties": {
    "connectionReferences": {},
    "definition": {
      "$schema": "https://schema.management.azure.com/providers/Microsoft.Logic/schemas/2016-06-01/workflowdefinition.json#",
      "contentVersion": "1.0.0.0",
      "parameters": {
        "$authentication": {
          "defaultValue": {},
          "type": "SecureObject"
        }
      },
      "triggers": {
        "manual": {
          "metadata": {
            "operationMetadataId": "69ec8621-f1ef-4e4c-b3c2-b9f64a92843d"
          },
          "type": "Request",
          "kind": "Button",
          "inputs": {
            "schema": {
              "type": "object",
              "properties": {
                "text": {
                  "title": "XML",
                  "type": "string",
                  "x-ms-dynamically-added": true,
                  "description": "Please enter your input",
                  "x-ms-content-hint": "TEXT"
                }
              },
              "required": [
                "text"
              ]
            }
          }
        }
      },
      "actions": {
        "String_Manipulation": {
          "actions": {
            "Split_xml": {
              "runAfter": {},
              "metadata": {
                "operationMetadataId": "073175f6-a9e9-4a52-8557-59d2d4258c46"
              },
              "type": "Compose",
              "inputs": "@split(triggerBody()['text'],'<location>')"
            },
            "Join_xml": {
              "runAfter": {
                "Split_xml": [
                  "Succeeded"
                ]
              },
              "metadata": {
                "operationMetadataId": "280e4927-1d42-4d9c-bbe9-61c0ffe0cdd0"
              },
              "type": "Compose",
              "inputs": "@concat(\r\n    outputs('Split_xml')[0]\r\n,\r\n    split(outputs('Split_xml')[1],'</location>')[1]\r\n)"
            }
          },
          "runAfter": {},
          "metadata": {
            "operationMetadataId": "1b741c72-1235-4637-ac66-95b5e9962906"
          },
          "type": "Scope"
        },
        "JSON_Manipulation": {
          "actions": {
            "Convert_to_JSON": {
              "runAfter": {},
              "metadata": {
                "operationMetadataId": "3b58b198-843d-4f45-a92b-4266dc6277be"
              },
              "type": "Compose",
              "inputs": "@json(xml(triggerBody()['text']))"
            },
            "Delete_Protection": {
              "runAfter": {
                "Convert_to_JSON": [
                  "Succeeded"
                ]
              },
              "metadata": {
                "operationMetadataId": "1e43fe40-5bd0-43a4-a1a0-4f6e1eae54d9"
              },
              "type": "Compose",
              "inputs": "@xml(setProperty(\r\n    outputs('Convert_to_JSON')\r\n,\r\n    'library'\r\n,\r\n    removeProperty(\r\n        outputs('Convert_to_JSON')?['library']\r\n    ,\r\n        'location'\r\n    )\r\n))",
              "description": "xml( setProperty(     outputs('Convert_to_JSON') ,     'worksheet' ,     removeProperty(         outputs('Convert_to_JSON')?['worksheet']     ,         'sheetProtection'     ) ))"
            }
          },
          "runAfter": {},
          "metadata": {
            "operationMetadataId": "737b07fe-885a-4b2e-a1a0-a5851d30316b"
          },
          "type": "Scope"
        },
        "XML_Manipulation": {
          "actions": {
            "Get_Protection": {
              "runAfter": {},
              "metadata": {
                "operationMetadataId": "20159481-971f-4124-9fcd-bacdecf8c64e"
              },
              "type": "Compose",
              "inputs": "@\r\nreplace(\r\n\tstring(\r\n\t\txpath(\r\n\t\t\txml(triggerBody()['text'])\r\n\t\t,\r\n\t\t\t'//*[local-name()=\"location\"]'\r\n\t\t)[0]\r\n\t)\r\n,\r\n\t' xmlns=\"http://example.com/library\"'\r\n,\r\n\t''\r\n)\r\n",
              "description": " replace( \tstring( \t\txpath( \t\t\txml(body('Get_file_content')) \t\t, \t\t\t'//*[local-name()=\"sheetProtection\"]' \t\t)[0] \t) , \t' xmlns=\"http://schemas.openxmlformats.org/spreadsheetml/2006/main\"' , \t'' )"
            },
            "Remove_Protection": {
              "runAfter": {
                "Get_Protection": [
                  "Succeeded"
                ]
              },
              "metadata": {
                "operationMetadataId": "234cb11a-a9b3-459c-8607-4ad399c83d6b"
              },
              "type": "Compose",
              "inputs": "@replace(\r\n    triggerBody()['text']\r\n,\r\n\toutputs('Get_Protection')\r\n,\r\n    ''\r\n)\r\n"
            }
          },
          "runAfter": {},
          "metadata": {
            "operationMetadataId": "3079ee18-6bbe-4d35-8641-e94cbcc6d9e8"
          },
          "type": "Scope"
        }
      }
    },
    "templateName": ""
  },
  "schemaVersion": "1.0.0.0"
}