<card cardid="2e73b161-f62e-ee11-bdf3-000d3a5a7615">
  <appdefinition>{"screens":{"main":{"template":{"type":"AdaptiveCard","body":[{"type":"Image","id":"image1","url":"https://www.mountaingoatsoftware.com/uploads/blog/card-faces.png"},{"type":"TextBlock","size":"extraLarge","weight":"Bolder","text":"Planning Poker","id":"textLabel1","horizontalAlignment":"center"},{"type":"ColumnSet","id":"columnSet2","columns":[{"type":"Column","id":"column3","width":"stretch","items":[{"type":"TextBlock","id":"textLabel5","wrap":true,"text":"Points"}]},{"type":"Column","id":"column4","width":"stretch","items":[{"type":"Input.ChoiceSet","id":"dropDown1","choices":[{"title":"0","value":"0"},{"title":"1","value":"1"},{"type":"Input.Choice","title":"2","value":"2"},{"type":"Input.Choice","title":"3","value":"3"},{"type":"Input.Choice","title":"5","value":"5"},{"type":"Input.Choice","title":"8","value":"8"},{"type":"Input.Choice","title":"13","value":"13"},{"type":"Input.Choice","title":"21","value":"21"}],"value":""}]},{"type":"Column","id":"column6","width":"stretch","items":[{"type":"TextBlock","id":"textLabel6","wrap":true,"text":"Round Id"}]},{"type":"Column","id":"column7","width":"auto","items":[{"type":"Input.Text","id":"textInput2","value":"=round"}]},{"type":"Column","id":"column8","width":"auto","items":[{"type":"ActionSet","id":"buttonSet1","actions":[{"type":"Action.Execute","id":"Button2","title":"Refresh","associatedInputs":"auto","verb":"onSelect_Button2"}]}]}]},{"type":"TextBlock","text":"=\"Round Owner: \"&amp;LookUp(Tasks,'Round'=textInput2).Controller&amp; \" - Complete: \"&amp;LookUp(Tasks,'Round'=textInput2).Complete","wrap":true,"id":"textLabel2","isVisible":"=CountRows(Filter(Tasks,'Round'=textInput2))&gt;0"},{"type":"ColumnSet","id":"columnSet1","columns":[{"type":"Column","id":"column1","width":"stretch","items":[{"type":"TextBlock","id":"textLabel3","wrap":true,"text":"=ThisItem.'Dev name'"}]},{"type":"Column","id":"column2","width":"stretch","items":[{"type":"TextBlock","id":"textLabel4","wrap":true,"text":"=ThisItem.Score","height":"stretch","horizontalAlignment":"right"}],"isVisible":"=LookUp(Tasks,'Round'=textInput2).Complete=\"yes\""}],"$data":"=Filter(Tasks,'Round'=textInput2)","style":"emphasis"},{"type":"ColumnSet","id":"columnSet3","columns":[{"type":"Column","id":"column9","width":"stretch","items":[{"type":"TextBlock","id":"textLabel7","wrap":true,"text":"Complete Round: ","height":"stretch","horizontalAlignment":"Right","$when":"=LookUp(Tasks,'Round'=textInput2).Controller=User().name"}]},{"type":"Column","id":"column10","width":"auto","items":[{"type":"ActionSet","id":"buttonSet2","actions":[{"type":"Action.Execute","id":"buShow","title":"Show","associatedInputs":"auto","verb":"onSelect_Button4"}]}]}],"isVisible":"=LookUp(Tasks,'Round'=textInput2).Controller=User().name"}],"$schema":"http://adaptivecards.io/schemas/adaptive-card.json","version":"1.4","actions":[{"type":"Action.Execute","id":"buSubmit","title":"Submit","associatedInputs":"auto","verb":"onSelect_Button3"}],"minHeight":"200px"},"verbs":{"onSelect_Button2":"Set(round,textInput2)","submit":"echo","onSelect_Button3":"Collect(Tasks,{\r\n    'Dev name':User().name,\r\n    'Score':dropDown1,\r\n    'Round':textInput2,\r\n    'Controller':If(\r\n            CountRows(\r\n                Filter(Tasks,'Round'=textInput2)\r\n            )=0\r\n        ,\r\n            User().name\r\n        ,\r\n            \"\"\r\n        )\r\n    }\r\n)\r\n    ","onSelect_Button4":"Patch(Tasks,\r\n    LookUp(Tasks,'Round'=textInput2)\r\n,   \r\n    {\r\n        Complete:\"yes\"\r\n    }\r\n)"}}},"sampleData":{"main":{}},"connections":{"Default-6b6c3ede-aa0d-4268-a46f-96b7621b13a8_task":{"apiName":"shared_commondataserviceforapps","name":"shared-commondataser-6505b5c1-42fd-4d36-a2ad-253ebb571002","apiId":"/providers/Microsoft.PowerApps/apis/shared_commondataserviceforapps","apiDisplayName":"Microsoft Dataverse","tablePluralName":"Tasks","logicalName":"task","environment":"Default-6b6c3ede-aa0d-4268-a46f-96b7621b13a8","hasParameters":true}},"variables":{"round":{"type":"string","title":"","description":"","default":"","x-ms-cardapp":{"scope":"shared","input":"optional"}}},"flows":{},"locale":"en-US"}</appdefinition>
  <iscustomizable>1</iscustomizable>
  <name>Planning Poker</name>
  <statecode>0</statecode>
  <statuscode>1</statuscode>
</card>