{
  "properties": {
    "connectionReferences": {
      "shared_office365_1": {
        "runtimeSource": "embedded",
        "connection": {
          "connectionReferenceLogicalName": "wd_outlookhtmlTable"
        },
        "api": {
          "name": "shared_office365"
        }
      }
    },
    "definition": {
      "$schema": "https://schema.management.azure.com/providers/Microsoft.Logic/schemas/2016-06-01/workflowdefinition.json#",
      "contentVersion": "1.0.0.0",
      "parameters": {
        "$connections": {
          "defaultValue": {},
          "type": "Object"
        },
        "$authentication": {
          "defaultValue": {},
          "type": "SecureObject"
        }
      },
      "triggers": {
        "When_a_new_email_arrives_(V3)": {
          "splitOn": "@triggerOutputs()?['body/value']",
          "metadata": {
            "operationMetadataId": "1ba3cee2-3047-4d2d-9b95-fd5945bffe2e"
          },
          "type": "OpenApiConnectionNotification",
          "inputs": {
            "host": {
              "connectionName": "shared_office365_1",
              "operationId": "OnNewEmailV3",
              "apiId": "/providers/Microsoft.PowerApps/apis/shared_office365"
            },
            "parameters": {
              "folderPath": "Inbox",
              "includeAttachments": false,
              "importance": "Any",
              "fetchOnlyWithAttachment": false
            },
            "authentication": "@parameters('$authentication')"
          }
        }
      },
      "actions": {
        "aTable": {
          "runAfter": {},
          "metadata": {
            "operationMetadataId": "30178a6a-17dd-4f20-adf3-5380bd26752e"
          },
          "type": "InitializeVariable",
          "inputs": {
            "variables": [
              {
                "name": "aTable",
                "type": "array"
              }
            ]
          }
        },
        "html_to_json": {
          "runAfter": {
            "Apply_to_each_row": [
              "Succeeded"
            ]
          },
          "metadata": {
            "operationMetadataId": "bca2ac76-a0e5-481d-8b6f-6a6df8cfc9c6"
          },
          "type": "Compose",
          "inputs": "@variables('aTable')"
        },
        "Apply_to_each_row": {
          "foreach": "@body('Filter_array_to_td')",
          "actions": {
            "Append_to_array_variable": {
              "runAfter": {},
              "metadata": {
                "operationMetadataId": "4549b598-c72d-4d92-859c-94b675fac183"
              },
              "type": "AppendToArrayVariable",
              "inputs": {
                "name": "aTable",
                "value": {
                  "name": "@{split(items('Apply_to_each_row'),'<td>')[1]}",
                  "points": "@split(items('Apply_to_each_row'),'<td>')[2]",
                  "location": "@{split(items('Apply_to_each_row'),'<td>')[3]}"
                }
              }
            }
          },
          "runAfter": {
            "Filter_array_to_td": [
              "Succeeded"
            ]
          },
          "metadata": {
            "operationMetadataId": "1baa1ef4-9ae0-4340-a6e9-f8f0c2eafadc"
          },
          "type": "Foreach"
        },
        "Filter_array_to_td": {
          "runAfter": {
            "aTable": [
              "Succeeded"
            ]
          },
          "metadata": {
            "operationMetadataId": "364ec4c9-002c-4448-b388-a1e2a4e29886"
          },
          "type": "Query",
          "inputs": {
            "from": "@split(\r\n\treplace(\r\n\t\treplace(\r\n\t\t\tsplit(triggerOutputs()?['body/body'],'</tbody>')[0]\r\n\t\t,\r\n\t\t\t'</tr>'\r\n\t\t,\r\n\t\t\t''\r\n\t\t)\r\n\t,\r\n\t\t'</td>'\r\n\t,\r\n\t\t''\r\n\t)\r\n,\r\n    '<tr>'\r\n)",
            "where": "@startsWith(item(), '<td')"
          },
          "description": "split( \treplace( \t\treplace( \t\t\tsplit(triggerOutputs()?['body/body'],'</tbody>')[0] \t\t, \t\t\t'</tr>' \t\t, \t\t\t'' \t\t) \t, \t\t'</td>' \t, \t\t'' \t) ,     '<tr>' )"
        }
      }
    },
    "templateName": ""
  },
  "schemaVersion": "1.0.0.0"
}