{
  "properties": {
    "connectionReferences": {
      "shared_conversionservice": {
        "runtimeSource": "embedded",
        "connection": {
          "connectionReferenceLogicalName": "wd_ConversionGame"
        },
        "api": {
          "name": "shared_conversionservice"
        }
      },
      "shared_office365_1": {
        "runtimeSource": "embedded",
        "connection": {
          "connectionReferenceLogicalName": "wd_outlookhtmlTable"
        },
        "api": {
          "name": "shared_office365"
        }
      }
    },
    "definition": {
      "$schema": "https://schema.management.azure.com/providers/Microsoft.Logic/schemas/2016-06-01/workflowdefinition.json#",
      "contentVersion": "1.0.0.0",
      "parameters": {
        "$connections": {
          "defaultValue": {},
          "type": "Object"
        },
        "$authentication": {
          "defaultValue": {},
          "type": "SecureObject"
        }
      },
      "triggers": {
        "When_a_new_email_arrives_(V3)": {
          "splitOn": "@triggerOutputs()?['body/value']",
          "metadata": {
            "operationMetadataId": "1ba3cee2-3047-4d2d-9b95-fd5945bffe2e"
          },
          "type": "OpenApiConnectionNotification",
          "inputs": {
            "host": {
              "connectionName": "shared_office365_1",
              "operationId": "OnNewEmailV3",
              "apiId": "/providers/Microsoft.PowerApps/apis/shared_office365"
            },
            "parameters": {
              "folderPath": "Inbox",
              "includeAttachments": false,
              "importance": "Any",
              "fetchOnlyWithAttachment": false
            },
            "authentication": "@parameters('$authentication')"
          }
        }
      },
      "actions": {
        "Td_Array": {
          "runAfter": {
            "aTable": [
              "Succeeded"
            ]
          },
          "metadata": {
            "operationMetadataId": "8738cb29-60ab-4291-a67e-b9e69703ddbc"
          },
          "type": "Compose",
          "inputs": "@xpath(\r\n    xml(\r\n\t\treplace(\r\n\t\t\treplace(\r\n\t\t\t\treplace(\r\n\t\t\t\t\treplace(\r\n\t\t\t\t\t\treplace(\r\n\t\t\t\t\t\t\ttriggerOutputs()?['body/body']\r\n\t\t\t\t\t\t,\r\n\t\t\t\t\t\t\t'<meta '\r\n\t\t\t\t\t\t,\r\n\t\t\t\t\t\t\t''\r\n\t\t\t\t\t\t)\r\n\t\t\t\t\t,\r\n\t\t\t\t\t\t'<br>'\r\n\t\t\t\t\t,\r\n\t\t\t\t\t\t''\r\n\t\t\t\t\t)\r\n\t\t\t\t,\r\n\t\t\t\t\t'&nbsp;'\r\n\t\t\t\t,\r\n\t\t\t\t\t''\r\n\t\t\t\t)\r\n\t\t\t,\r\n\t\t\t\t'<hr>'\r\n\t\t\t,\r\n\t\t\t\t''\r\n\t\t\t)\r\n\t\t,\r\n\t\t\t'<img'\r\n\t\t,\r\n\t\t\t''\r\n\t\t)\r\n    )\r\n,\r\n    '//table/tbody/tr/td'\r\n)"
        },
        "Do_until": {
          "actions": {
            "Html_to_text_name": {
              "runAfter": {},
              "metadata": {
                "operationMetadataId": "cef3320c-68fa-4949-8375-c69537145527"
              },
              "type": "OpenApiConnection",
              "inputs": {
                "host": {
                  "connectionName": "shared_conversionservice",
                  "operationId": "HtmlToText",
                  "apiId": "/providers/Microsoft.PowerApps/apis/shared_conversionservice"
                },
                "parameters": {
                  "Content": "<p>@{base64ToString(outputs('Td_Array')[variables('iCounter')]?['$content'])}</p>"
                },
                "authentication": "@parameters('$authentication')"
              },
              "description": "base64ToString(outputs('Td_Array')[variables('iCounter')]?['$content'])"
            },
            "Append_to_array_variable": {
              "runAfter": {
                "Html_to_text_location": [
                  "Succeeded"
                ]
              },
              "metadata": {
                "operationMetadataId": "4549b598-c72d-4d92-859c-94b675fac183"
              },
              "type": "AppendToArrayVariable",
              "inputs": {
                "name": "aTable",
                "value": {
                  "name": "@{body('Html_to_text_name')}",
                  "points": "@body('Html_to_text_points')",
                  "location": "@{body('Html_to_text_location')}"
                }
              }
            },
            "Html_to_text_points": {
              "runAfter": {
                "Html_to_text_name": [
                  "Succeeded"
                ]
              },
              "metadata": {
                "operationMetadataId": "0d21a39a-8227-4855-97b9-60f10429a19a"
              },
              "type": "OpenApiConnection",
              "inputs": {
                "host": {
                  "connectionName": "shared_conversionservice",
                  "operationId": "HtmlToText",
                  "apiId": "/providers/Microsoft.PowerApps/apis/shared_conversionservice"
                },
                "parameters": {
                  "Content": "<p>@{base64ToString(outputs('Td_Array')[add(variables('iCounter'),1)]?['$content'])}</p>"
                },
                "authentication": "@parameters('$authentication')"
              },
              "description": "base64ToString(outputs('Td_Array')[add(variables('iCounter'),1)]?['$content'])"
            },
            "Html_to_text_location": {
              "runAfter": {
                "Html_to_text_points": [
                  "Succeeded"
                ]
              },
              "metadata": {
                "operationMetadataId": "f24ce889-37c7-4617-b180-53f7db2fcf28"
              },
              "type": "OpenApiConnection",
              "inputs": {
                "host": {
                  "connectionName": "shared_conversionservice",
                  "operationId": "HtmlToText",
                  "apiId": "/providers/Microsoft.PowerApps/apis/shared_conversionservice"
                },
                "parameters": {
                  "Content": "<p>@{base64ToString(outputs('Td_Array')[add(variables('iCounter'),2)]?['$content'])}</p>"
                },
                "authentication": "@parameters('$authentication')"
              },
              "description": "base64ToString(outputs('Td_Array')[add(variables('iCounter'),2)]?['$content'])"
            },
            "Increment_iCounter": {
              "runAfter": {
                "Append_to_array_variable": [
                  "Succeeded"
                ]
              },
              "metadata": {
                "operationMetadataId": "2272900f-5014-47df-92ef-db18bac3845f"
              },
              "type": "IncrementVariable",
              "inputs": {
                "name": "iCounter",
                "value": 3
              }
            }
          },
          "runAfter": {
            "Td_Array": [
              "Succeeded"
            ]
          },
          "expression": "@equals(variables('iCounter'), length(outputs('Td_Array')))",
          "limit": {
            "count": 60,
            "timeout": "PT1H"
          },
          "metadata": {
            "operationMetadataId": "906c13f5-e088-47be-9dc0-cf38b0957b05"
          },
          "type": "Until"
        },
        "iCounter": {
          "runAfter": {},
          "metadata": {
            "operationMetadataId": "addeef98-908d-453b-bd63-fa44d541fe22"
          },
          "type": "InitializeVariable",
          "inputs": {
            "variables": [
              {
                "name": "iCounter",
                "type": "integer",
                "value": 3
              }
            ]
          },
          "description": "If table as header row the 0, else the number of columns as to skip first row"
        },
        "aTable": {
          "runAfter": {
            "iCounter": [
              "Succeeded"
            ]
          },
          "metadata": {
            "operationMetadataId": "30178a6a-17dd-4f20-adf3-5380bd26752e"
          },
          "type": "InitializeVariable",
          "inputs": {
            "variables": [
              {
                "name": "aTable",
                "type": "array"
              }
            ]
          }
        },
        "html_to_json": {
          "runAfter": {
            "Do_until": [
              "Succeeded"
            ]
          },
          "metadata": {
            "operationMetadataId": "bca2ac76-a0e5-481d-8b6f-6a6df8cfc9c6"
          },
          "type": "Compose",
          "inputs": "@variables('aTable')"
        }
      }
    },
    "templateName": ""
  },
  "schemaVersion": "1.0.0.0"
}