{
  "properties": {
    "connectionReferences": {
      "shared_excelonlinebusiness_1": {
        "runtimeSource": "embedded",
        "connection": {
          "connectionReferenceLogicalName": "wd_ExcelhtmlTable"
        },
        "api": {
          "name": "shared_excelonlinebusiness"
        }
      },
      "shared_office365_1": {
        "runtimeSource": "embedded",
        "connection": {
          "connectionReferenceLogicalName": "wd_outlookhtmlTable"
        },
        "api": {
          "name": "shared_office365"
        }
      }
    },
    "definition": {
      "$schema": "https://schema.management.azure.com/providers/Microsoft.Logic/schemas/2016-06-01/workflowdefinition.json#",
      "contentVersion": "1.0.0.0",
      "parameters": {
        "$connections": {
          "defaultValue": {},
          "type": "Object"
        },
        "$authentication": {
          "defaultValue": {},
          "type": "SecureObject"
        }
      },
      "triggers": {
        "When_a_new_email_arrives_(V3)": {
          "splitOn": "@triggerOutputs()?['body/value']",
          "metadata": {
            "operationMetadataId": "1ba3cee2-3047-4d2d-9b95-fd5945bffe2e"
          },
          "type": "OpenApiConnectionNotification",
          "inputs": {
            "host": {
              "connectionName": "shared_office365_1",
              "operationId": "OnNewEmailV3",
              "apiId": "/providers/Microsoft.PowerApps/apis/shared_office365"
            },
            "parameters": {
              "folderPath": "Inbox",
              "includeAttachments": false,
              "importance": "Any",
              "fetchOnlyWithAttachment": false
            },
            "authentication": "@parameters('$authentication')"
          }
        }
      },
      "actions": {
        "html_to_json": {
          "runAfter": {
            "Run_script": [
              "Succeeded"
            ]
          },
          "metadata": {
            "operationMetadataId": "bca2ac76-a0e5-481d-8b6f-6a6df8cfc9c6"
          },
          "type": "Compose",
          "inputs": "@json(outputs('Run_script')?['body/result'])"
        },
        "Run_script": {
          "runAfter": {},
          "metadata": {
            "01X6I7CJPSTT3PZEJDFZEI2S6XWUGF3JBZ": "/Book.xlsx",
            "operationMetadataId": "07a06794-c64f-4c47-b062-1db88a63a998",
            "tableId": null
          },
          "type": "OpenApiConnection",
          "inputs": {
            "host": {
              "connectionName": "shared_excelonlinebusiness_1",
              "operationId": "RunScriptProd",
              "apiId": "/providers/Microsoft.PowerApps/apis/shared_excelonlinebusiness"
            },
            "parameters": {
              "source": "me",
              "drive": "b!Ll3mA2196ECJ0W7cHB23wjALys12779Aiv4qOY58M98Pa1r7pd8GTI_HBkWGu3Eu",
              "file": "01X6I7CJPSTT3PZEJDFZEI2S6XWUGF3JBZ",
              "scriptId": "ms-officescript%3A%2F%2Fonedrive_business_itemlink%2F01X6I7CJNW3IW2KR25UFE3VXSLGTNIB6ZZ",
              "ScriptParameters/sHTML": "@triggerOutputs()?['body/body']"
            },
            "authentication": "@parameters('$authentication')"
          }
        }
      }
    },
    "templateName": ""
  },
  "schemaVersion": "1.0.0.0"
}