{
  "properties": {
    "connectionReferences": {
      "shared_sharepointonline_1": {
        "runtimeSource": "embedded",
        "connection": {
          "connectionReferenceLogicalName": "wd_SharePointtestMarker"
        },
        "api": {
          "name": "shared_sharepointonline"
        }
      },
      "shared_excelonlinebusiness_1": {
        "runtimeSource": "embedded",
        "connection": {
          "connectionReferenceLogicalName": "wd_ExceltestMarker"
        },
        "api": {
          "name": "shared_excelonlinebusiness"
        }
      },
      "shared_office365": {
        "runtimeSource": "embedded",
        "connection": {
          "connectionReferenceLogicalName": "wd_OutlooktestMarker"
        },
        "api": {
          "name": "shared_office365"
        }
      },
      "shared_wordonlinebusiness_1": {
        "runtimeSource": "embedded",
        "connection": {
          "connectionReferenceLogicalName": "wd_WordtestMarker"
        },
        "api": {
          "name": "shared_wordonlinebusiness"
        }
      },
      "shared_microsoftforms": {
        "runtimeSource": "embedded",
        "connection": {
          "connectionReferenceLogicalName": "wd_FormstestMarker"
        },
        "api": {
          "name": "shared_microsoftforms"
        }
      }
    },
    "definition": {
      "$schema": "https://schema.management.azure.com/providers/Microsoft.Logic/schemas/2016-06-01/workflowdefinition.json#",
      "contentVersion": "1.0.0.0",
      "parameters": {
        "$connections": {
          "defaultValue": {},
          "type": "Object"
        },
        "$authentication": {
          "defaultValue": {},
          "type": "SecureObject"
        },
        "testMaker-scriptConfig (wd_testMakerscriptConfig)": {
          "defaultValue": {
            "source": "groups/cafb415f-592f-4d14-a38c-0e332dd6c373",
            "drive": "b!Z_ri3vbdp02PaWAkKGAxAash5mUcFr1Ip5Q8BFW2a0KfZsi6FcRXRI5bTXh8Brk5",
            "file": "01MPL5KCAB2E2XBGPVTZGJYT5MOPQNITH6",
            "scriptSource": "groups/cafb415f-592f-4d14-a38c-0e332dd6c373",
            "scriptDrive": "b!Z_ri3vbdp02PaWAkKGAxAash5mUcFr1Ip5Q8BFW2a0KfZsi6FcRXRI5bTXh8Brk5",
            "scriptId": "01MPL5KCEGOZTEAVNVCJDZJML3HYAQZSAV"
          },
          "type": "Object",
          "metadata": {
            "schemaName": "wd_testMakerscriptConfig"
          }
        },
        "testMarker-FormConfg (wd_testMarkerFormConfg)": {
          "defaultValue": {
            "id": "3j5saw2qaEKkb5a3YhsTqCpjufsvOohKv79KrXqMqB9UREI4RzkxSDZTNU1BVjRHUDlBN0FGMVRLMi4u",
            "tenant": "6b6c3ede-aa0d-4268-a46f-96b7621b13a8",
            "users": "fbb9632a-3a2f-4a88-bfbf-4aad7a8ca81f"
          },
          "type": "Object",
          "metadata": {
            "schemaName": "wd_testMarkerFormConfg"
          }
        },
        "testMarker-Site (wd_testMarkerSite)": {
          "defaultValue": "https://37wcqv.sharepoint.com/sites/Certificates",
          "type": "String",
          "metadata": {
            "schemaName": "wd_testMarkerSite"
          }
        },
        "testMaker-wordConfig (wd_testMakerwordConfig)": {
          "defaultValue": {
            "source": "groups/cafb415f-592f-4d14-a38c-0e332dd6c373",
            "drive": "b!Z_ri3vbdp02PaWAkKGAxAash5mUcFr1Ip5Q8BFW2a0KfZsi6FcRXRI5bTXh8Brk5",
            "file": "01MPL5KCF3GKOPLBH3XFBLYXUUG6N7EDN6"
          },
          "type": "Object",
          "metadata": {
            "schemaName": "wd_testMakerwordConfig"
          }
        }
      },
      "triggers": {
        "When_a_new_response_is_submitted": {
          "splitOn": "@triggerOutputs()?['body/value']",
          "metadata": {
            "operationMetadataId": "42ce1c79-75d5-41e9-a24d-2f8c5fdd1a5b"
          },
          "type": "OpenApiConnectionWebhook",
          "inputs": {
            "host": {
              "connectionName": "shared_microsoftforms",
              "operationId": "CreateFormWebhook",
              "apiId": "/providers/Microsoft.PowerApps/apis/shared_microsoftforms"
            },
            "parameters": {
              "form_id": "@parameters('testMarker-FormConfg (wd_testMarkerFormConfg)')?['id']"
            },
            "authentication": "@parameters('$authentication')"
          }
        }
      },
      "actions": {
        "Main": {
          "actions": {
            "Send_an_HTTP_request_to_SharePoint_Forms_Qustions": {
              "runAfter": {
                "Send_an_HTTP_request_to_SharePoint_Forms_Response": [
                  "Succeeded"
                ]
              },
              "metadata": {
                "operationMetadataId": "81ac3dae-c106-4673-9159-c2a692d949d3"
              },
              "type": "OpenApiConnection",
              "inputs": {
                "host": {
                  "connectionName": "shared_sharepointonline_1",
                  "operationId": "HttpRequest",
                  "apiId": "/providers/Microsoft.PowerApps/apis/shared_sharepointonline"
                },
                "parameters": {
                  "dataset": "https://forms.office.com/formapi/",
                  "parameters/method": "GET",
                  "parameters/uri": "api/@{parameters('testMarker-FormConfg (wd_testMarkerFormConfg)')?['tenant']}/users/@{parameters('testMarker-FormConfg (wd_testMarkerFormConfg)')?['users']}/forms('@{parameters('testMarker-FormConfg (wd_testMarkerFormConfg)')?['id']}')/questions?$select=questionInfo,type,id"
                },
                "authentication": "@parameters('$authentication')"
              }
            },
            "Run_script_from_SharePoint_library_results": {
              "runAfter": {
                "Send_an_HTTP_request_to_SharePoint_Forms_Qustions": [
                  "Succeeded"
                ]
              },
              "metadata": {
                "operationMetadataId": "55e43498-f73a-4c24-8379-e83b3f040176",
                "tableId": null
              },
              "type": "OpenApiConnection",
              "inputs": {
                "host": {
                  "connectionName": "shared_excelonlinebusiness_1",
                  "operationId": "RunScriptProdV2",
                  "apiId": "/providers/Microsoft.PowerApps/apis/shared_excelonlinebusiness"
                },
                "parameters": {
                  "source": "@parameters('testMaker-scriptConfig (wd_testMakerscriptConfig)')?['source']",
                  "drive": "@parameters('testMaker-scriptConfig (wd_testMakerscriptConfig)')?['drive']",
                  "file": "@parameters('testMaker-scriptConfig (wd_testMakerscriptConfig)')?['file']",
                  "scriptSource": "@parameters('testMaker-scriptConfig (wd_testMakerscriptConfig)')?['scriptSource']",
                  "scriptDrive": "@parameters('testMaker-scriptConfig (wd_testMakerscriptConfig)')?['scriptDrive']",
                  "scriptId": "@parameters('testMaker-scriptConfig (wd_testMakerscriptConfig)')?['scriptId']",
                  "ScriptParameters": {
                    "aQuestions": "@body('Send_an_HTTP_request_to_SharePoint_Forms_Qustions')['value']",
                    "oAnswers": "@body('Send_an_HTTP_request_to_SharePoint_Forms_Response')['value'][0]",
                    "iPassScore": 20
                  }
                },
                "authentication": "@parameters('$authentication')"
              }
            },
            "Condition": {
              "actions": {
                "Terminate": {
                  "runAfter": {
                    "Send_an_email_(V2)_Fail": [
                      "Succeeded"
                    ]
                  },
                  "metadata": {
                    "operationMetadataId": "f2e10836-c0e3-4305-b9bd-9cff94076176"
                  },
                  "type": "Terminate",
                  "inputs": {
                    "runStatus": "Succeeded"
                  }
                },
                "Send_an_email_(V2)_Fail": {
                  "runAfter": {},
                  "metadata": {
                    "operationMetadataId": "5dd4eb23-c044-4430-a6fd-9ee1e4f289f5"
                  },
                  "type": "OpenApiConnection",
                  "inputs": {
                    "host": {
                      "connectionName": "shared_office365",
                      "operationId": "SendEmailV2",
                      "apiId": "/providers/Microsoft.PowerApps/apis/shared_office365"
                    },
                    "parameters": {
                      "emailMessage/To": "@outputs('Run_script_from_SharePoint_library_results')['body/result']['responder']",
                      "emailMessage/Subject": "Exam Results",
                      "emailMessage/Body": "<p>Im afraid you were not successful in your attempt<br>\n<br>\nYou scored @{ outputs('Run_script_from_SharePoint_library_results')['body/result']['points']}out of @{outputs('Run_script_from_SharePoint_library_results')['body/result']['totalPoints']}</p>",
                      "emailMessage/Importance": "Normal"
                    },
                    "authentication": "@parameters('$authentication')"
                  }
                }
              },
              "runAfter": {
                "GUID": [
                  "Succeeded"
                ]
              },
              "expression": {
                "equals": [
                  "@outputs('Run_script_from_SharePoint_library_results')['body/result']?['pass']",
                  false
                ]
              },
              "metadata": {
                "operationMetadataId": "27ef6777-f4b4-4903-b50d-f24adb1dc686"
              },
              "type": "If"
            },
            "Send_an_HTTP_request_to_SharePoint_Forms_Response": {
              "runAfter": {},
              "metadata": {
                "operationMetadataId": "81ac3dae-c106-4673-9159-c2a692d949d3"
              },
              "type": "OpenApiConnection",
              "inputs": {
                "host": {
                  "connectionName": "shared_sharepointonline_1",
                  "operationId": "HttpRequest",
                  "apiId": "/providers/Microsoft.PowerApps/apis/shared_sharepointonline"
                },
                "parameters": {
                  "dataset": "https://forms.office.com/formapi/",
                  "parameters/method": "GET",
                  "parameters/uri": "api/@{parameters('testMarker-FormConfg (wd_testMarkerFormConfg)')?['tenant']}/users/@{parameters('testMarker-FormConfg (wd_testMarkerFormConfg)')?['users']}/forms('@{parameters('testMarker-FormConfg (wd_testMarkerFormConfg)')?['id']}')/responses?$select=id,responder,submitDate,answers,responderName&$top=1&$skip=@{sub(triggerOutputs()?['body/resourceData/responseId'],1)}"
                },
                "authentication": "@parameters('$authentication')"
              }
            },
            "Populate_a_Microsoft_Word_template": {
              "runAfter": {
                "Condition": [
                  "Succeeded"
                ]
              },
              "metadata": {
                "01GFTE5MUNQHVVCPT7VFC3FYEDJ2YE4LQD": "/Power Platform/Power Automate certificate.docx",
                "01GFTE5MTNCKMKCBHFV5ELDNYEAZUGOM4J": "/Power Platform/Power Automate Certificate.docx",
                "operationMetadataId": "b8e3c287-12a7-4cf3-b3c6-052bddd1771c",
                "01MPL5KCF3GKOPLBH3XFBLYXUUG6N7EDN6": "/Power Automate MKA Certificate.docx"
              },
              "type": "OpenApiConnection",
              "inputs": {
                "host": {
                  "connectionName": "shared_wordonlinebusiness_1",
                  "operationId": "CreateFileItem",
                  "apiId": "/providers/Microsoft.PowerApps/apis/shared_wordonlinebusiness"
                },
                "parameters": {
                  "source": "@parameters('testMaker-wordConfig (wd_testMakerwordConfig)')?['source']",
                  "drive": "@parameters('testMaker-wordConfig (wd_testMakerwordConfig)')?['drive']",
                  "file": "@parameters('testMaker-wordConfig (wd_testMakerwordConfig)')?['file']",
                  "dynamicFileSchema": {
                    "158269118": " @{outputs('Run_script_from_SharePoint_library_results')['body/result']['points']}/@{outputs('Run_script_from_SharePoint_library_results')['body/result']['totalPoints']}",
                    "422541961": "@{outputs('GUID')}",
                    "-1055692159": "@{formatDateTime(utcNow(), 'dd MMM yy')}",
                    "-439760597": "@{outputs('Run_script_from_SharePoint_library_results')['body/result']['responderName']}"
                  }
                },
                "authentication": "@parameters('$authentication')"
              }
            },
            "Convert_Word_Document_to_PDF": {
              "runAfter": {
                "Create_file_word": [
                  "Succeeded"
                ]
              },
              "metadata": {
                "operationMetadataId": "4516cd5d-09fb-47c8-8568-e2a430b7b15b"
              },
              "type": "OpenApiConnection",
              "inputs": {
                "host": {
                  "connectionName": "shared_wordonlinebusiness_1",
                  "operationId": "GetFilePDF",
                  "apiId": "/providers/Microsoft.PowerApps/apis/shared_wordonlinebusiness"
                },
                "parameters": {
                  "source": "@parameters('testMaker-wordConfig (wd_testMakerwordConfig)')?['source']",
                  "drive": "@parameters('testMaker-wordConfig (wd_testMakerwordConfig)')?['drive']",
                  "file": "@replace(outputs('Create_file_word')?['body/Path'],'Shared Documents','')"
                },
                "authentication": "@parameters('$authentication')"
              }
            },
            "Create_file_word": {
              "runAfter": {
                "Populate_a_Microsoft_Word_template": [
                  "Succeeded"
                ]
              },
              "metadata": {
                "operationMetadataId": "a9527023-117c-4fd4-867b-942b04303a08"
              },
              "type": "OpenApiConnection",
              "inputs": {
                "host": {
                  "connectionName": "shared_sharepointonline_1",
                  "operationId": "CreateFile",
                  "apiId": "/providers/Microsoft.PowerApps/apis/shared_sharepointonline"
                },
                "parameters": {
                  "dataset": "@parameters('testMarker-Site (wd_testMarkerSite)')",
                  "folderPath": "/Shared Documents/Temp Docs",
                  "name": "MKA - -@{outputs('GUID')}.docx",
                  "body": "@body('Populate_a_Microsoft_Word_template')"
                },
                "authentication": "@parameters('$authentication')"
              },
              "runtimeConfiguration": {
                "contentTransfer": {
                  "transferMode": "Chunked"
                }
              }
            },
            "Create_file_pdf": {
              "runAfter": {
                "Convert_Word_Document_to_PDF": [
                  "Succeeded"
                ]
              },
              "metadata": {
                "operationMetadataId": "a9527023-117c-4fd4-867b-942b04303a08"
              },
              "type": "OpenApiConnection",
              "inputs": {
                "host": {
                  "connectionName": "shared_sharepointonline_1",
                  "operationId": "CreateFile",
                  "apiId": "/providers/Microsoft.PowerApps/apis/shared_sharepointonline"
                },
                "parameters": {
                  "dataset": "@parameters('testMarker-Site (wd_testMarkerSite)')",
                  "folderPath": "/Shared Documents/Certificates",
                  "name": "MKA--@{outputs('GUID')}.pdf",
                  "body": "@body('Convert_Word_Document_to_PDF')"
                },
                "authentication": "@parameters('$authentication')"
              },
              "runtimeConfiguration": {
                "contentTransfer": {
                  "transferMode": "Chunked"
                }
              }
            },
            "GUID": {
              "runAfter": {
                "Run_script_from_SharePoint_library_results": [
                  "Succeeded"
                ]
              },
              "metadata": {
                "operationMetadataId": "b748c915-9d77-4756-ab02-7781d04b4011"
              },
              "type": "Compose",
              "inputs": "@guid()"
            },
            "Send_an_email_(V2)_Pass": {
              "runAfter": {
                "Create_file_pdf": [
                  "Succeeded"
                ]
              },
              "metadata": {
                "operationMetadataId": "c8047d35-d558-4bb3-ac95-5dc166009c98"
              },
              "type": "OpenApiConnection",
              "inputs": {
                "host": {
                  "connectionName": "shared_office365",
                  "operationId": "SendEmailV2",
                  "apiId": "/providers/Microsoft.PowerApps/apis/shared_office365"
                },
                "parameters": {
                  "emailMessage/To": "@outputs('Run_script_from_SharePoint_library_results')['body/result']['responder']",
                  "emailMessage/Subject": "Exam Results",
                  "emailMessage/Body": "<p>Congratulations you passed<br>\nYou scored was @{outputs('Run_script_from_SharePoint_library_results')['body/result']['points']} out of @{outputs('Run_script_from_SharePoint_library_results')['body/result']['totalPoints']}<br>\n</p>",
                  "emailMessage/Attachments": [
                    {
                      "Name": "@{outputs('Run_script_from_SharePoint_library_results')['body/result']['responderName']} Certificaste.png",
                      "ContentBytes": "@body('Convert_Word_Document_to_PDF')"
                    }
                  ],
                  "emailMessage/Importance": "Normal"
                },
                "authentication": "@parameters('$authentication')"
              }
            }
          },
          "runAfter": {},
          "metadata": {
            "operationMetadataId": "a4f8ed95-7d8c-4f16-b741-6a4543a542a6"
          },
          "type": "Scope"
        }
      }
    },
    "templateName": ""
  },
  "schemaVersion": "1.0.0.0"
}