{
  "properties": {
    "connectionReferences": {
      "shared_onedriveforbusiness_1": {
        "runtimeSource": "invoker",
        "connection": {
          "connectionReferenceLogicalName": "wd_OneDrive-csv"
        },
        "api": {
          "name": "shared_onedriveforbusiness"
        }
      }
    },
    "definition": {
      "$schema": "https://schema.management.azure.com/providers/Microsoft.Logic/schemas/2016-06-01/workflowdefinition.json#",
      "contentVersion": "1.0.0.0",
      "parameters": {
        "$connections": {
          "defaultValue": {},
          "type": "Object"
        },
        "$authentication": {
          "defaultValue": {},
          "type": "SecureObject"
        }
      },
      "triggers": {
        "manual": {
          "metadata": {
            "operationMetadataId": "1bf64b0b-6a49-4660-b094-eae62db7015d"
          },
          "type": "Request",
          "kind": "Button",
          "inputs": {
            "schema": {
              "type": "object",
              "properties": {},
              "required": []
            }
          }
        }
      },
      "actions": {
        "aHeaders": {
          "runAfter": {},
          "metadata": {
            "operationMetadataId": "dbddf8af-60e7-4b2b-b6d7-7c723d589b62"
          },
          "type": "InitializeVariable",
          "inputs": {
            "variables": [
              {
                "name": "aHeaders",
                "type": "array"
              }
            ]
          }
        },
        "aRows": {
          "runAfter": {
            "cIndex": [
              "Succeeded"
            ]
          },
          "metadata": {
            "operationMetadataId": "4075abc5-12c0-491a-818f-5ead17560c65"
          },
          "type": "InitializeVariable",
          "inputs": {
            "variables": [
              {
                "name": "aRows",
                "type": "array"
              }
            ]
          }
        },
        "rIndex": {
          "runAfter": {
            "aHeaders": [
              "Succeeded"
            ]
          },
          "metadata": {
            "operationMetadataId": "23c16bfc-f2eb-4578-a6a7-7c6cba68c8ed"
          },
          "type": "InitializeVariable",
          "inputs": {
            "variables": [
              {
                "name": "rIndex",
                "type": "integer",
                "value": 0
              }
            ]
          }
        },
        "oRow": {
          "runAfter": {
            "aRows": [
              "Succeeded"
            ]
          },
          "metadata": {
            "operationMetadataId": "e4afd36b-fe9a-486a-9751-e8aa3c9e648b"
          },
          "type": "InitializeVariable",
          "inputs": {
            "variables": [
              {
                "name": "oRow",
                "type": "object",
                "value": {}
              }
            ]
          }
        },
        "cIndex": {
          "runAfter": {
            "rIndex": [
              "Succeeded"
            ]
          },
          "metadata": {
            "operationMetadataId": "23c16bfc-f2eb-4578-a6a7-7c6cba68c8ed"
          },
          "type": "InitializeVariable",
          "inputs": {
            "variables": [
              {
                "name": "cIndex",
                "type": "integer",
                "value": 0
              }
            ]
          }
        },
        "Output": {
          "runAfter": {
            "Main": [
              "Succeeded"
            ]
          },
          "metadata": {
            "operationMetadataId": "5cd54ef7-4a9b-4471-84b0-c7bd259def55"
          },
          "type": "Compose",
          "inputs": "@variables('aRows')"
        },
        "Main": {
          "actions": {
            "Get_file_content": {
              "runAfter": {},
              "metadata": {
                "b!ZRVA09xUnUOCwKEiI7XMdx-ebslnsblIsT-9xi0405eV1-QxOv11S4vtZ6rj3Pwo.01GFTE5MXVF6M52BGCSJB2FXQWOEUJSFQ2": "/test csv.csv",
                "operationMetadataId": "4e45af1d-5bec-4653-9ff4-1c126c23b1d1"
              },
              "type": "OpenApiConnection",
              "inputs": {
                "host": {
                  "connectionName": "shared_onedriveforbusiness_1",
                  "operationId": "GetFileContent",
                  "apiId": "/providers/Microsoft.PowerApps/apis/shared_onedriveforbusiness"
                },
                "parameters": {
                  "id": "b!ZRVA09xUnUOCwKEiI7XMdx-ebslnsblIsT-9xi0405eV1-QxOv11S4vtZ6rj3Pwo.01GFTE5MXVF6M52BGCSJB2FXQWOEUJSFQ2",
                  "inferContentType": true
                },
                "authentication": {
                  "type": "Raw",
                  "value": "@json(decodeBase64(triggerOutputs().headers['X-MS-APIM-Tokens']))['$ConnectionKey']"
                }
              }
            },
            "SplitRows": {
              "runAfter": {
                "Get_file_content": [
                  "Succeeded"
                ]
              },
              "metadata": {
                "operationMetadataId": "f18e06d9-e3c7-4c8e-9bfc-d11c63eb38f3"
              },
              "type": "Compose",
              "inputs": "@split(outputs('Get_file_content')?['body'],decodeUriComponent('%0D%0A'))",
              "description": "split(outputs('Get_file_content')?['body'],decodeUriComponent('%0D%0A'))"
            },
            "Do_until": {
              "actions": {
                "Increment_rIndex": {
                  "runAfter": {},
                  "metadata": {
                    "operationMetadataId": "f63b4fd9-524d-44ec-8e39-542f5ec8a465"
                  },
                  "type": "IncrementVariable",
                  "inputs": {
                    "name": "rIndex",
                    "value": 1
                  }
                },
                "Condition_First": {
                  "actions": {
                    "Apply_to_each_header": {
                      "foreach": "@split(outputs('SplitRows')[0],',')",
                      "actions": {
                        "Append_to_array_variable": {
                          "runAfter": {},
                          "metadata": {
                            "operationMetadataId": "9ef80076-9f7d-4095-a847-ad9337877401"
                          },
                          "type": "AppendToArrayVariable",
                          "inputs": {
                            "name": "aHeaders",
                            "value": "@items('Apply_to_each_header')"
                          }
                        }
                      },
                      "runAfter": {},
                      "metadata": {
                        "operationMetadataId": "d62e8e85-79c8-4a61-9f90-6db8508b97b7"
                      },
                      "type": "Foreach",
                      "description": "split(outputs('SplitRows')[0],',')"
                    }
                  },
                  "runAfter": {
                    "Increment_rIndex": [
                      "Succeeded"
                    ]
                  },
                  "else": {
                    "actions": {
                      "Do_until_columns": {
                        "actions": {
                          "Set_oRow": {
                            "runAfter": {
                              "Set_Property": [
                                "Succeeded"
                              ]
                            },
                            "metadata": {
                              "operationMetadataId": "780b8ea7-079c-40dc-afbc-20f9cf632cf8"
                            },
                            "type": "SetVariable",
                            "inputs": {
                              "name": "oRow",
                              "value": "@outputs('Set_Property')"
                            }
                          },
                          "Increment_cIndex": {
                            "runAfter": {},
                            "metadata": {
                              "operationMetadataId": "f63b4fd9-524d-44ec-8e39-542f5ec8a465"
                            },
                            "type": "IncrementVariable",
                            "inputs": {
                              "name": "cIndex",
                              "value": 1
                            }
                          },
                          "Set_Property": {
                            "runAfter": {
                              "Increment_cIndex": [
                                "Succeeded"
                              ]
                            },
                            "metadata": {
                              "operationMetadataId": "03779980-0e48-4991-80c1-902f9c8cdd79"
                            },
                            "type": "Compose",
                            "inputs": "@  addProperty(variables('oRow'),\r\n    variables('aHeaders')[iterationIndexes('Do_until_columns')]\r\n  ,\r\n    outputs('SplitColumns')[iterationIndexes('Do_until_columns')]\r\n  )",
                            "description": "addProperty(variables('oRow'),     variables('aHeaders')[iterationIndexes('Do_until_columns')]   ,     outputs('SplitColumns')[iterationIndexes('Do_until_columns')]   )"
                          }
                        },
                        "runAfter": {
                          "SplitColumns": [
                            "Succeeded"
                          ]
                        },
                        "expression": "@greaterOrEquals(variables('cIndex'), length(variables('aHeaders')))",
                        "limit": {
                          "count": 60,
                          "timeout": "PT1H"
                        },
                        "metadata": {
                          "operationMetadataId": "610125ed-20cb-4aa6-a54a-282ff9e3dff9"
                        },
                        "type": "Until"
                      },
                      "SplitColumns": {
                        "runAfter": {},
                        "metadata": {
                          "operationMetadataId": "53126b8f-6131-4b1b-bf23-813d25512f7f"
                        },
                        "type": "Compose",
                        "inputs": "@split(outputs('SplitRows')[iterationIndexes('Do_until')], ',')"
                      },
                      "Append_to_array_aRows": {
                        "runAfter": {
                          "Do_until_columns": [
                            "Succeeded"
                          ]
                        },
                        "metadata": {
                          "operationMetadataId": "7c5d6701-f45c-4a95-8ded-362e6dc78d2b"
                        },
                        "type": "AppendToArrayVariable",
                        "inputs": {
                          "name": "aRows",
                          "value": "@variables('oRow')"
                        }
                      },
                      "Reset_oRow": {
                        "runAfter": {
                          "Append_to_array_aRows": [
                            "Succeeded"
                          ]
                        },
                        "metadata": {
                          "operationMetadataId": "780b8ea7-079c-40dc-afbc-20f9cf632cf8"
                        },
                        "type": "SetVariable",
                        "inputs": {
                          "name": "oRow",
                          "value": {}
                        }
                      },
                      "Reset_cIndex": {
                        "runAfter": {
                          "Reset_oRow": [
                            "Succeeded"
                          ]
                        },
                        "metadata": {
                          "operationMetadataId": "50c8e364-3d5f-4d20-8f28-346549824016"
                        },
                        "type": "SetVariable",
                        "inputs": {
                          "name": "cIndex",
                          "value": 0
                        }
                      }
                    }
                  },
                  "expression": {
                    "equals": [
                      "@iterationIndexes('Do_until')",
                      0
                    ]
                  },
                  "metadata": {
                    "operationMetadataId": "c2b0796a-5869-4c2e-b643-9a3092d3131d"
                  },
                  "type": "If",
                  "description": "iterationIndexes('Do_until')"
                }
              },
              "runAfter": {
                "SplitRows": [
                  "Succeeded"
                ]
              },
              "expression": "@equals(variables('rIndex'), sub(length(outputs('SplitRows')), 1))",
              "limit": {
                "count": 20,
                "timeout": "PT1H"
              },
              "metadata": {
                "operationMetadataId": "faafc677-db9b-4ceb-b694-26e060a5f776"
              },
              "type": "Until",
              "description": "@equals(variables('rIndex'), sub(length(outputs('SplitRows')), 1))"
            }
          },
          "runAfter": {
            "oRow": [
              "Succeeded"
            ]
          },
          "metadata": {
            "operationMetadataId": "bab07f13-b019-4727-9da8-783cd04ab650"
          },
          "type": "Scope"
        }
      }
    },
    "templateName": ""
  },
  "schemaVersion": "1.0.0.0"
}