{
  "properties": {
    "connectionReferences": {
      "shared_onedriveforbusiness_1": {
        "runtimeSource": "invoker",
        "connection": {
          "connectionReferenceLogicalName": "wd_OneDrive-csv"
        },
        "api": {
          "name": "shared_onedriveforbusiness"
        }
      },
      "shared_excelonlinebusiness_1": {
        "runtimeSource": "invoker",
        "connection": {
          "connectionReferenceLogicalName": "wd_excelcsv"
        },
        "api": {
          "name": "shared_excelonlinebusiness"
        }
      }
    },
    "definition": {
      "$schema": "https://schema.management.azure.com/providers/Microsoft.Logic/schemas/2016-06-01/workflowdefinition.json#",
      "contentVersion": "1.0.0.0",
      "parameters": {
        "$connections": {
          "defaultValue": {},
          "type": "Object"
        },
        "$authentication": {
          "defaultValue": {},
          "type": "SecureObject"
        }
      },
      "triggers": {
        "manual": {
          "metadata": {
            "operationMetadataId": "815171db-2b94-4c5f-94bb-62fe8b747ec8"
          },
          "type": "Request",
          "kind": "Button",
          "inputs": {
            "schema": {
              "type": "object",
              "properties": {},
              "required": []
            }
          }
        }
      },
      "actions": {
        "Get_file_content": {
          "runAfter": {},
          "metadata": {
            "b!Ll3mA2196ECJ0W7cHB23wjALys12779Aiv4qOY58M98Pa1r7pd8GTI_HBkWGu3Eu.01X6I7CJIF4TILLF2325CYFNEQI4KTMC5V": "/CSV demo(Sheet1).csv",
            "operationMetadataId": "3debbdd5-6b97-4fe2-9cd1-2b9402ad835f"
          },
          "type": "OpenApiConnection",
          "inputs": {
            "host": {
              "connectionName": "shared_onedriveforbusiness_1",
              "operationId": "GetFileContent",
              "apiId": "/providers/Microsoft.PowerApps/apis/shared_onedriveforbusiness"
            },
            "parameters": {
              "id": "b!Ll3mA2196ECJ0W7cHB23wjALys12779Aiv4qOY58M98Pa1r7pd8GTI_HBkWGu3Eu.01X6I7CJIF4TILLF2325CYFNEQI4KTMC5V",
              "inferContentType": true
            },
            "authentication": {
              "type": "Raw",
              "value": "@json(decodeBase64(triggerOutputs().headers['X-MS-APIM-Tokens']))['$ConnectionKey']"
            }
          }
        },
        "Run_script": {
          "runAfter": {
            "Get_file_content": [
              "Succeeded"
            ]
          },
          "metadata": {
            "01X6I7CJJPP237VCEVGVG3ZZAAQ4ODKJJS": "/CSV demo.xlsx",
            "operationMetadataId": "81922adc-ca6c-436e-bd54-3052fe0487dc",
            "tableId": null
          },
          "type": "OpenApiConnection",
          "inputs": {
            "host": {
              "connectionName": "shared_excelonlinebusiness_1",
              "operationId": "RunScriptProd",
              "apiId": "/providers/Microsoft.PowerApps/apis/shared_excelonlinebusiness"
            },
            "parameters": {
              "source": "me",
              "drive": "b!Ll3mA2196ECJ0W7cHB23wjALys12779Aiv4qOY58M98Pa1r7pd8GTI_HBkWGu3Eu",
              "file": "01X6I7CJJPP237VCEVGVG3ZZAAQ4ODKJJS",
              "scriptId": "ms-officescript%3A%2F%2Fonedrive_business_itemlink%2F01X6I7CJMROQKQPPNDM5DLS4GTU5KZ5Q24",
              "ScriptParameters/csv": "@body('Get_file_content')"
            },
            "authentication": {
              "type": "Raw",
              "value": "@json(decodeBase64(triggerOutputs().headers['X-MS-APIM-Tokens']))['$ConnectionKey']"
            }
          }
        },
        "Compose": {
          "runAfter": {
            "Run_script": [
              "Succeeded"
            ]
          },
          "metadata": {
            "operationMetadataId": "2d842384-103d-49b7-8896-00ebb0a2f9d8"
          },
          "type": "Compose",
          "inputs": "@json(outputs('Run_script')?['body/result'])",
          "description": "json(outputs('Run_script')?['body/result'])"
        }
      }
    },
    "templateName": ""
  },
  "schemaVersion": "1.0.0.0"
}