{
  "properties": {
    "connectionReferences": {
      "shared_dataflows": {
        "runtimeSource": "invoker",
        "connection": {
          "connectionReferenceLogicalName": "new_shareddataflows_6208f"
        },
        "api": {
          "name": "shared_dataflows"
        }
      },
      "shared_commondataserviceforapps_1": {
        "runtimeSource": "embedded",
        "connection": {
          "connectionReferenceLogicalName": "wd_dataversecsv"
        },
        "api": {
          "name": "shared_commondataserviceforapps"
        }
      }
    },
    "definition": {
      "$schema": "https://schema.management.azure.com/providers/Microsoft.Logic/schemas/2016-06-01/workflowdefinition.json#",
      "contentVersion": "1.0.0.0",
      "parameters": {
        "$connections": {
          "defaultValue": {},
          "type": "Object"
        },
        "$authentication": {
          "defaultValue": {},
          "type": "SecureObject"
        }
      },
      "triggers": {
        "manual": {
          "metadata": {
            "operationMetadataId": "815171db-2b94-4c5f-94bb-62fe8b747ec8"
          },
          "type": "Request",
          "kind": "Button",
          "inputs": {
            "schema": {
              "type": "object",
              "properties": {},
              "required": []
            }
          }
        }
      },
      "actions": {
        "Refresh_a_dataflow": {
          "runAfter": {},
          "metadata": {
            "operationMetadataId": "9254905b-751c-4b97-9e9f-2cb90b1c3f5f"
          },
          "type": "OpenApiConnection",
          "inputs": {
            "host": {
              "connectionName": "shared_dataflows",
              "operationId": "RefreshDataflow",
              "apiId": "/providers/Microsoft.PowerApps/apis/shared_dataflows"
            },
            "parameters": {
              "workspaceType": "Environment",
              "groupIdForRefreshDataflow": "Default-6b6c3ede-aa0d-4268-a46f-96b7621b13a8-31c688f59-us",
              "dataflowIdForRefreshDataflow": "d6406762-3221-4194-b64a-b6cbfcce5263"
            },
            "authentication": {
              "type": "Raw",
              "value": "@json(decodeBase64(triggerOutputs().headers['X-MS-APIM-Tokens']))['$ConnectionKey']"
            }
          }
        },
        "Delay": {
          "runAfter": {
            "Refresh_a_dataflow": [
              "Succeeded"
            ]
          },
          "metadata": {
            "operationMetadataId": "500c5609-bb53-42a9-adec-f9cf78870958"
          },
          "type": "Wait",
          "inputs": {
            "interval": {
              "count": 1,
              "unit": "Minute"
            }
          }
        },
        "List_rows": {
          "runAfter": {
            "Delay": [
              "Succeeded"
            ]
          },
          "metadata": {
            "operationMetadataId": "3c38be13-eab1-498f-b3d4-0266ed70863e"
          },
          "type": "OpenApiConnection",
          "inputs": {
            "host": {
              "connectionName": "shared_commondataserviceforapps_1",
              "operationId": "ListRecords",
              "apiId": "/providers/Microsoft.PowerApps/apis/shared_commondataserviceforapps"
            },
            "parameters": {
              "entityName": "crb89_csv_demos"
            },
            "authentication": {
              "type": "Raw",
              "value": "@json(decodeBase64(triggerOutputs().headers['X-MS-APIM-Tokens']))['$ConnectionKey']"
            }
          }
        },
        "Select": {
          "runAfter": {
            "List_rows": [
              "Succeeded"
            ]
          },
          "metadata": {
            "operationMetadataId": "b55e2ab8-9c03-43e7-b1a7-2417a9fa72ee"
          },
          "type": "Select",
          "inputs": {
            "from": "@outputs('List_rows')?['body/value']",
            "select": {
              "Name": "@item()?['crb89_name']",
              "Number": "@item()?['crb89_numbercol']",
              "Boolean": "@item()?['crb89_boolean']"
            }
          }
        }
      }
    },
    "templateName": ""
  },
  "schemaVersion": "1.0.0.0"
}