<ImportExportXml version="9.2.24094.228" SolutionPackageVersion="9.2" languagecode="1033" generatedBy="CrmLive" xmlns:xsi="http://www.w3.org/2001/XMLSchema-instance" OrganizationVersion="9.2.24094.228" OrganizationSchemaType="Standard" CRMServerServiceabilityVersion="9.2.24094.00228">
  <SolutionManifest>
    <UniqueName>MissingDependencies</UniqueName>
    <LocalizedNames>
      <LocalizedName description="Missing Dependencies" languagecode="1033" />
    </LocalizedNames>
    <Descriptions />
    <Version>1.0.0.1</Version>
    <Managed>1</Managed>
    <Publisher>
      <UniqueName>WyattDave</UniqueName>
      <LocalizedNames>
        <LocalizedName description="WyattDave" languagecode="1033" />
      </LocalizedNames>
      <Descriptions />
      <EMailAddress>info@powerdevbox.com</EMailAddress>
      <SupportingWebsiteUrl>powerdevbox.com</SupportingWebsiteUrl>
      <CustomizationPrefix>wd</CustomizationPrefix>
      <CustomizationOptionValuePrefix>10000</CustomizationOptionValuePrefix>
      <Addresses>
        <Address>
          <AddressNumber>1</AddressNumber>
          <AddressTypeCode>1</AddressTypeCode>
          <City xsi:nil="true"></City>
          <County xsi:nil="true"></County>
          <Country xsi:nil="true"></Country>
          <Fax xsi:nil="true"></Fax>
          <FreightTermsCode xsi:nil="true"></FreightTermsCode>
          <ImportSequenceNumber xsi:nil="true"></ImportSequenceNumber>
          <Latitude xsi:nil="true"></Latitude>
          <Line1 xsi:nil="true"></Line1>
          <Line2 xsi:nil="true"></Line2>
          <Line3 xsi:nil="true"></Line3>
          <Longitude xsi:nil="true"></Longitude>
          <Name xsi:nil="true"></Name>
          <PostalCode xsi:nil="true"></PostalCode>
          <PostOfficeBox xsi:nil="true"></PostOfficeBox>
          <PrimaryContactName xsi:nil="true"></PrimaryContactName>
          <ShippingMethodCode>1</ShippingMethodCode>
          <StateOrProvince xsi:nil="true"></StateOrProvince>
          <Telephone1 xsi:nil="true"></Telephone1>
          <Telephone2 xsi:nil="true"></Telephone2>
          <Telephone3 xsi:nil="true"></Telephone3>
          <TimeZoneRuleVersionNumber xsi:nil="true"></TimeZoneRuleVersionNumber>
          <UPSZone xsi:nil="true"></UPSZone>
          <UTCOffset xsi:nil="true"></UTCOffset>
          <UTCConversionTimeZoneCode xsi:nil="true"></UTCConversionTimeZoneCode>
        </Address>
        <Address>
          <AddressNumber>2</AddressNumber>
          <AddressTypeCode>1</AddressTypeCode>
          <City xsi:nil="true"></City>
          <County xsi:nil="true"></County>
          <Country xsi:nil="true"></Country>
          <Fax xsi:nil="true"></Fax>
          <FreightTermsCode xsi:nil="true"></FreightTermsCode>
          <ImportSequenceNumber xsi:nil="true"></ImportSequenceNumber>
          <Latitude xsi:nil="true"></Latitude>
          <Line1 xsi:nil="true"></Line1>
          <Line2 xsi:nil="true"></Line2>
          <Line3 xsi:nil="true"></Line3>
          <Longitude xsi:nil="true"></Longitude>
          <Name xsi:nil="true"></Name>
          <PostalCode xsi:nil="true"></PostalCode>
          <PostOfficeBox xsi:nil="true"></PostOfficeBox>
          <PrimaryContactName xsi:nil="true"></PrimaryContactName>
          <ShippingMethodCode>1</ShippingMethodCode>
          <StateOrProvince xsi:nil="true"></StateOrProvince>
          <Telephone1 xsi:nil="true"></Telephone1>
          <Telephone2 xsi:nil="true"></Telephone2>
          <Telephone3 xsi:nil="true"></Telephone3>
          <TimeZoneRuleVersionNumber xsi:nil="true"></TimeZoneRuleVersionNumber>
          <UPSZone xsi:nil="true"></UPSZone>
          <UTCOffset xsi:nil="true"></UTCOffset>
          <UTCConversionTimeZoneCode xsi:nil="true"></UTCConversionTimeZoneCode>
        </Address>
      </Addresses>
    </Publisher>
    <RootComponents>
      <RootComponent type="29" id="{5289985e-ab96-ef11-8a6a-6045bd09cc55}" behavior="0" />
    </RootComponents>
    <MissingDependencies>
      <MissingDependency>
        <Required type="1" schemaName="crb89_test" displayName="Test" solution="Active" />
        <Dependent type="29" displayName="Missing D Flow" id="{5289985e-ab96-ef11-8a6a-6045bd09cc55}" />
      </MissingDependency>
      <MissingDependency>
        <Required type="29" displayName="childflow test" solution="Active" id="{8d8b1e3e-ab96-ef11-8a6a-6045bd09cc55}" />
        <Dependent type="29" displayName="Missing D Flow" id="{5289985e-ab96-ef11-8a6a-6045bd09cc55}" />
      </MissingDependency>
      <MissingDependency>
        <Required type="connectionreference" displayName="wd_SharePointPolling" solution="Active" id.connectionreferencelogicalname="wd_SharePointPolling" />
        <Dependent type="29" displayName="Missing D Flow" id="{5289985e-ab96-ef11-8a6a-6045bd09cc55}" />
      </MissingDependency>
      <MissingDependency>
        <Required type="connectionreference" displayName="wd_system" solution="Active" id.connectionreferencelogicalname="wd_system" />
        <Dependent type="29" displayName="Missing D Flow" id="{5289985e-ab96-ef11-8a6a-6045bd09cc55}" />
      </MissingDependency>
      <MissingDependency>
        <Required type="EnvironmentVariableDefinition" displayName="wd_pollinglist" solution="Active" id.schemaname="wd_pollinglist" />
        <Dependent type="29" displayName="Missing D Flow" id="{5289985e-ab96-ef11-8a6a-6045bd09cc55}" />
      </MissingDependency>
      <MissingDependency>
        <Required type="EnvironmentVariableDefinition" displayName="wd_pollingsite" solution="Active" id.schemaname="wd_pollingsite" />
        <Dependent type="29" displayName="Missing D Flow" id="{5289985e-ab96-ef11-8a6a-6045bd09cc55}" />
      </MissingDependency>
    </MissingDependencies>
  </SolutionManifest>
</ImportExportXml>