{
  "properties": {
    "connectionReferences": {
      "shared_powerappsforadmins_1": {
        "runtimeSource": "embedded",
        "connection": {
          "connectionReferenceLogicalName": "ia_AppAdminPipeLine"
        },
        "api": {
          "name": "shared_powerappsforadmins"
        }
      },
      "shared_commondataserviceforapps": {
        "runtimeSource": "embedded",
        "connection": {
          "connectionReferenceLogicalName": "ia_DataverseSPNPipeLine"
        },
        "api": {
          "name": "shared_commondataserviceforapps"
        }
      }
    },
    "definition": {
      "$schema": "https://schema.management.azure.com/providers/Microsoft.Logic/schemas/2016-06-01/workflowdefinition.json#",
      "contentVersion": "1.0.0.0",
      "parameters": {
        "$connections": {
          "defaultValue": {},
          "type": "Object"
        },
        "$authentication": {
          "defaultValue": {},
          "type": "SecureObject"
        }
      },
      "staticResults": {
        "Get_Connections_as_Admin0": {
          "status": "Failed",
          "error": {
            "code": "BadRequest",
            "message": "Me Broken"
          }
        }
      },
      "triggers": {
        "manual": {
          "metadata": {
            "operationMetadataId": "92071098-f477-475c-afbf-14e0d77cb622"
          },
          "type": "Request",
          "kind": "Button",
          "inputs": {
            "schema": {
              "type": "object",
              "properties": {
                "text": {
                  "title": "environmentUrl",
                  "type": "string",
                  "x-ms-dynamically-added": true,
                  "description": "Please enter your input",
                  "x-ms-content-hint": "TEXT"
                },
                "text_1": {
                  "title": "environmentId",
                  "type": "string",
                  "x-ms-dynamically-added": true,
                  "description": "Please enter your input",
                  "x-ms-content-hint": "TEXT"
                },
                "text_2": {
                  "title": "solutionName",
                  "type": "string",
                  "x-ms-dynamically-added": true,
                  "description": "Please enter your input",
                  "x-ms-content-hint": "TEXT"
                },
                "text_3": {
                  "title": "serviceAccount",
                  "type": "string",
                  "x-ms-dynamically-added": true,
                  "description": "Please enter your input",
                  "x-ms-content-hint": "TEXT"
                }
              },
              "required": [
                "text",
                "text_1",
                "text_2",
                "text_3"
              ]
            }
          }
        }
      },
      "actions": {
        "Main": {
          "actions": {
            "Get_Connections_as_Admin": {
              "runAfter": {
                "Inputs": [
                  "Succeeded"
                ]
              },
              "metadata": {
                "operationMetadataId": "1942d26a-3755-4fbb-aa57-00e92c6209ec"
              },
              "type": "OpenApiConnection",
              "inputs": {
                "host": {
                  "connectionName": "shared_powerappsforadmins_1",
                  "operationId": "Get-AdminConnections",
                  "apiId": "/providers/Microsoft.PowerApps/apis/shared_powerappsforadmins"
                },
                "parameters": {
                  "environment": "@outputs('Inputs')?['environmentId']",
                  "api-version": "2016-11-01",
                  "$top": 500
                },
                "authentication": {
                  "type": "Raw",
                  "value": "@json(decodeBase64(triggerOutputs().headers['X-MS-APIM-Tokens']))['$ConnectionKey']"
                }
              },
              "runtimeConfiguration": {
                "paginationPolicy": {
                  "minimumItemCount": 5000
                },
                "staticResult": {
                  "staticResultOptions": "Disabled",
                  "name": "Get_Connections_as_Admin0"
                }
              }
            },
            "Filter_connections_to_service_account": {
              "runAfter": {
                "Get_Connections_as_Admin": [
                  "Succeeded"
                ]
              },
              "metadata": {
                "operationMetadataId": "3c6fd9d3-dd06-4af1-a480-e8b3017755b3"
              },
              "type": "Query",
              "inputs": {
                "from": "@outputs('Get_Connections_as_Admin')?['body/value']",
                "where": "@or(equals(item()?['properties/createdBy/userPrincipalName'], triggerBody()['text_3']),equals(item()?['properties/createdBy/email'], triggerBody()['text_3']))"
              }
            },
            "List_rows_from_selected_environment_solution": {
              "runAfter": {
                "Filter_connections_to_service_account": [
                  "Succeeded"
                ]
              },
              "metadata": {
                "operationMetadataId": "9fb95ea7-d0de-4c18-9cec-80f3d42d9154"
              },
              "type": "OpenApiConnection",
              "inputs": {
                "host": {
                  "connectionName": "shared_commondataserviceforapps",
                  "operationId": "ListRecordsWithOrganization",
                  "apiId": "/providers/Microsoft.PowerApps/apis/shared_commondataserviceforapps"
                },
                "parameters": {
                  "organization": "@outputs('Inputs')?['environmentUrl']",
                  "entityName": "solutions",
                  "$filter": "uniquename eq '@{outputs('Inputs')?['solutionName']}'",
                  "$top": 1
                },
                "authentication": {
                  "type": "Raw",
                  "value": "@json(decodeBase64(triggerOutputs().headers['X-MS-APIM-Tokens']))['$ConnectionKey']"
                }
              }
            },
            "List_rows_from_selected_environment_components": {
              "runAfter": {
                "List_rows_from_selected_environment_entities": [
                  "Succeeded"
                ]
              },
              "metadata": {
                "operationMetadataId": "9ae23c2b-3def-4233-a42a-d7004c25a5ca"
              },
              "type": "OpenApiConnection",
              "inputs": {
                "host": {
                  "connectionName": "shared_commondataserviceforapps",
                  "operationId": "ListRecordsWithOrganization",
                  "apiId": "/providers/Microsoft.PowerApps/apis/shared_commondataserviceforapps"
                },
                "parameters": {
                  "organization": "@outputs('Inputs')?['environmentUrl']",
                  "entityName": "solutioncomponents",
                  "$filter": "_solutionid_value eq '@{outputs('List_rows_from_selected_environment_solution')?['body/value'][0]?['solutionid']}' and componenttype eq @{body('List_rows_from_selected_environment_entities')['value'][0]?['objecttypecode']}"
                },
                "authentication": {
                  "type": "Raw",
                  "value": "@json(decodeBase64(triggerOutputs().headers['X-MS-APIM-Tokens']))['$ConnectionKey']"
                }
              }
            },
            "Apply_to_each_component": {
              "foreach": "@outputs('List_rows_from_selected_environment_components')?['body/value']",
              "actions": {
                "Update_a_row_in_selected_environment": {
                  "runAfter": {
                    "Filter_array_to_connection": [
                      "Succeeded"
                    ]
                  },
                  "metadata": {
                    "operationMetadataId": "8a0fa81e-be0a-46e8-bb7b-7f2be66ebc29"
                  },
                  "type": "OpenApiConnection",
                  "inputs": {
                    "host": {
                      "connectionName": "shared_commondataserviceforapps",
                      "operationId": "UpdateRecordWithOrganization",
                      "apiId": "/providers/Microsoft.PowerApps/apis/shared_commondataserviceforapps"
                    },
                    "parameters": {
                      "organization": "@outputs('Inputs')?['environmentUrl']",
                      "entityName": "connectionreferences",
                      "recordId": "@items('Apply_to_each_component')?['objectid']",
                      "item": {
                        "connectionid": "@{body('Filter_array_to_connection')[0]?['name']}"
                      }
                    },
                    "authentication": {
                      "type": "Raw",
                      "value": "@json(decodeBase64(triggerOutputs().headers['X-MS-APIM-Tokens']))['$ConnectionKey']"
                    }
                  }
                },
                "Get_a_row_by_ID_from_selected_environment": {
                  "runAfter": {},
                  "metadata": {
                    "operationMetadataId": "9c105d8d-df51-4b4a-a826-6dd8072fa791"
                  },
                  "type": "OpenApiConnection",
                  "inputs": {
                    "host": {
                      "connectionName": "shared_commondataserviceforapps",
                      "operationId": "GetItemWithOrganization",
                      "apiId": "/providers/Microsoft.PowerApps/apis/shared_commondataserviceforapps"
                    },
                    "parameters": {
                      "organization": "@outputs('Inputs')?['environmentUrl']",
                      "entityName": "connectionreferences",
                      "recordId": "@items('Apply_to_each_component')?['objectid']"
                    },
                    "authentication": {
                      "type": "Raw",
                      "value": "@json(decodeBase64(triggerOutputs().headers['X-MS-APIM-Tokens']))['$ConnectionKey']"
                    },
                    "retryPolicy": {
                      "type": "none"
                    }
                  }
                },
                "Filter_array_to_connection": {
                  "runAfter": {
                    "Get_a_row_by_ID_from_selected_environment": [
                      "Succeeded"
                    ]
                  },
                  "metadata": {
                    "operationMetadataId": "41973284-2d7f-4c64-a3f2-655bcf8128a1"
                  },
                  "type": "Query",
                  "inputs": {
                    "from": "@body('Filter_connections_to_service_account')",
                    "where": "@contains(concat(item()?['properties/apiId'], '-'), concat(split(outputs('Get_a_row_by_ID_from_selected_environment')?['body/connectorid'], 'apis/')[1], '-'))"
                  }
                }
              },
              "runAfter": {
                "List_rows_from_selected_environment_components": [
                  "Succeeded"
                ]
              },
              "metadata": {
                "operationMetadataId": "9499b696-82a4-4740-a8ff-d23be46023c3"
              },
              "type": "Foreach"
            },
            "Inputs": {
              "runAfter": {},
              "metadata": {
                "operationMetadataId": "2ab66d8e-e065-413e-bf57-48495a02c816"
              },
              "type": "Compose",
              "inputs": {
                "environmentUrl": "@{triggerBody()['text']}",
                "environmentId": "@{triggerBody()['text_1']}",
                "solutionName": "@{triggerBody()['text_2']}",
                "serviceAccount": "@{triggerBody()['text_3']}"
              }
            },
            "List_rows_from_selected_environment_entities": {
              "runAfter": {
                "List_rows_from_selected_environment_solution": [
                  "Succeeded"
                ]
              },
              "metadata": {
                "operationMetadataId": "9ae23c2b-3def-4233-a42a-d7004c25a5ca"
              },
              "type": "OpenApiConnection",
              "inputs": {
                "host": {
                  "connectionName": "shared_commondataserviceforapps",
                  "operationId": "ListRecordsWithOrganization",
                  "apiId": "/providers/Microsoft.PowerApps/apis/shared_commondataserviceforapps"
                },
                "parameters": {
                  "organization": "@triggerBody()['text']",
                  "entityName": "entities",
                  "$select": "entitysetname,objecttypecode",
                  "$filter": "logicalcollectionname eq 'connectionreferences'",
                  "$top": 1
                },
                "authentication": {
                  "type": "Raw",
                  "value": "@json(decodeBase64(triggerOutputs().headers['X-MS-APIM-Tokens']))['$ConnectionKey']"
                }
              }
            }
          },
          "runAfter": {},
          "metadata": {
            "operationMetadataId": "8e168cd9-d50b-46eb-82ae-dac071e1298c"
          },
          "type": "Scope"
        },
        "Respond_to_a_PowerApp_or_flow": {
          "runAfter": {
            "Main": [
              "Succeeded"
            ]
          },
          "metadata": {
            "operationMetadataId": "a49bc5fc-a226-47dd-821f-4f83134b90e9"
          },
          "type": "Response",
          "kind": "PowerApp",
          "inputs": {
            "statusCode": 200,
            "body": {
              "status": "success"
            },
            "schema": {
              "type": "object",
              "properties": {
                "status": {
                  "title": "status",
                  "x-ms-dynamically-added": true,
                  "type": "string"
                }
              }
            }
          }
        },
        "Exception": {
          "actions": {
            "Respond_to_a_PowerApp_or_flow_exception": {
              "runAfter": {
                "Exception_Message": [
                  "Succeeded"
                ]
              },
              "metadata": {
                "operationMetadataId": "885f9d28-bbd9-48ae-9edb-c43de3312717"
              },
              "type": "Response",
              "kind": "PowerApp",
              "inputs": {
                "statusCode": 200,
                "body": {
                  "status": "@{if(greater(length(outputs('Exception_Message')), 1000), substring(outputs('Exception_Message'), 0, 1000), outputs('Exception_Message'))}"
                },
                "schema": {
                  "type": "object",
                  "properties": {
                    "status": {
                      "title": "status",
                      "x-ms-dynamically-added": true,
                      "type": "string"
                    }
                  }
                }
              }
            },
            "Terminate": {
              "runAfter": {
                "Respond_to_a_PowerApp_or_flow_exception": [
                  "Succeeded"
                ]
              },
              "metadata": {
                "operationMetadataId": "fe960a71-55d9-4fef-80ae-8c76a825c2b3"
              },
              "type": "Terminate",
              "inputs": {
                "runStatus": "Failed",
                "runError": {
                  "code": "400",
                  "message": "@{if(greater(length(outputs('Exception_Message')), 1000), substring(outputs('Exception_Message'), 0, 1000), outputs('Exception_Message'))}"
                }
              }
            },
            "Exception_Message": {
              "runAfter": {},
              "metadata": {
                "operationMetadataId": "e49207f7-8e3d-45d8-aaed-4327938d5498"
              },
              "type": "Compose",
              "inputs": "@xpath(xml(json(concat('{\"data\": {','\"Main\":',result('Main'),',','\"Apply_to_each_component\":',result('Apply_to_each_component'),',','\"List_rows_from_selected_environment_solution\":',actions('List_rows_from_selected_environment_solution'),',','\"List_rows_from_selected_environment_solution-O\":',outputs('List_rows_from_selected_environment_solution'),',','\"List_rows_from_selected_environment_entities\":',actions('List_rows_from_selected_environment_entities'),',','\"List_rows_from_selected_environment_entities-O\":',outputs('List_rows_from_selected_environment_entities'),',','\"List_rows_from_selected_environment_components\":',actions('List_rows_from_selected_environment_components'),',','\"List_rows_from_selected_environment_components-O\":',outputs('List_rows_from_selected_environment_components'),',','\"Get_a_row_by_ID_from_selected_environment\":',actions('Get_a_row_by_ID_from_selected_environment'),',','\"Get_a_row_by_ID_from_selected_environment-O\":',outputs('Get_a_row_by_ID_from_selected_environment'),',','\"Update_a_row_in_selected_environment\":',actions('Update_a_row_in_selected_environment'),',','\"Update_a_row_in_selected_environment-O\":',outputs('Update_a_row_in_selected_environment'),',','}}'))),'string(//message[not(contains(.,''The execution of template action'')) and not(contains(.,''skipped:''))  and not(contains(.,''An action failed. No dependent actions succeeded.''))])')"
            }
          },
          "runAfter": {
            "Main": [
              "Failed",
              "TimedOut"
            ]
          },
          "metadata": {
            "operationMetadataId": "6b69e46d-3a82-4b81-b943-1ccba5b2f6e7"
          },
          "type": "Scope"
        }
      }
    },
    "templateName": ""
  },
  "schemaVersion": "1.0.0.0"
}