{"schemaVersion":"1.0","appDefinitionTemplate":{"id":"/providers/Microsoft.PowerApps/apps/","type":"Microsoft.PowerApps/apps","tags":{"primaryDeviceWidth":"640","primaryDeviceHeight":"1136","supportsPortrait":"true","supportsLandscape":"true","primaryFormFactor":"Phone","publisherVersion":"3.23032.12","minimumRequiredApiVersion":"2.2.0","hasComponent":"false","hasUnlockedComponent":"false","isUnifiedRootApp":"false","sienaVersion":"20230327T102550Z-3.23032.12.0"},"properties":{"appVersion":"2023-03-27T10:25:50Z","lifeCycleId":"Published","createdByClientVersion":{"major":3,"minor":23032,"build":12,"revision":0,"majorRevision":0,"minorRevision":0},"minClientVersion":{"major":3,"minor":23032,"build":12,"revision":0,"majorRevision":0,"minorRevision":0},"backgroundColor":"rgba(102, 102, 102, 1)","backgroundImageUri":"/5721976417377761965/Nbde55ef4-8e4f-4d6c-9cdd-d2d122e9a9db-logoSmallFile","displayName":"Flappy App","description":"","commitMessage":"","appUris":{"documentUri":{"value":"/5721976417377761965/N94dfcb24-1e6f-4a18-88f4-5ba513f1fe3d-document.msapp"},"imageUris":[],"additionalUris":[]},"createdTime":"0001-01-01T00:00:00Z","lastModifiedTime":"0001-01-01T00:00:00Z","sharedGroupsCount":0,"sharedUsersCount":0,"connectionReferences":{},"databaseReferences":{},"almMode":"Environment","performanceOptimizationEnabled":true,"canConsumeAppPass":true,"enableModernRuntimeMode":false,"executionRestrictions":{"isTeamsOnly":false,"dataLossPreventionEvaluationResult":{"status":"Compliant","lastEvaluationDate":"2023-03-17T09:25:05.0633281Z","violations":[],"violationsByPolicy":[],"violationErrorMessage":"The app uses the following connectors: ."}}},"appType":"ClassicCanvasApp","appComponents":[]}}