{
  "properties": {
    "connectionReferences": {
      "shared_commondataserviceforapps": {
        "runtimeSource": "embedded",
        "connection": {
          "connectionReferenceLogicalName": "wd_sharedcommondataserviceforapps_3a1e4"
        },
        "api": {
          "name": "shared_commondataserviceforapps"
        }
      },
      "shared_sharepointonline": {
        "runtimeSource": "invoker",
        "connection": {
          "connectionReferenceLogicalName": "wd_sharedsharepointonline_ab58b"
        },
        "api": {
          "name": "shared_sharepointonline"
        }
      },
      "shared_office365": {
        "runtimeSource": "invoker",
        "connection": {
          "connectionReferenceLogicalName": "wd_sharedoffice365_bd48d"
        },
        "api": {
          "name": "shared_office365"
        }
      },
      "shared_teams": {
        "runtimeSource": "invoker",
        "connection": {
          "connectionReferenceLogicalName": "wd_sharedteams_2a861"
        },
        "api": {
          "name": "shared_teams"
        }
      },
      "shared_excelonlinebusiness": {
        "runtimeSource": "invoker",
        "connection": {
          "connectionReferenceLogicalName": "wd_sharedexcelonlinebusiness_74f12"
        },
        "api": {
          "name": "shared_excelonlinebusiness"
        }
      },
      "shared_autoreview": {
        "runtimeSource": "invoker",
        "connection": {
          "connectionReferenceLogicalName": "wd_sharedautoreview_6b6d2"
        },
        "api": {
          "name": "shared_autoreview"
        }
      },
      "shared_onedriveforbusiness_1": {
        "runtimeSource": "invoker",
        "connection": {
          "connectionReferenceLogicalName": "wd_sharedonedriveforbusiness_abaad"
        },
        "api": {
          "name": "shared_onedriveforbusiness"
        }
      }
    },
    "definition": {
      "$schema": "https://schema.management.azure.com/providers/Microsoft.Logic/schemas/2016-06-01/workflowdefinition.json#",
      "contentVersion": "undefined",
      "parameters": {
        "$connections": {
          "defaultValue": {},
          "type": "Object"
        },
        "$authentication": {
          "defaultValue": {},
          "type": "SecureObject"
        }
      },
      "triggers": {
        "manual": {
          "metadata": {
            "operationMetadataId": "2ea2fee3-9018-409b-b37f-67b6c439f668"
          },
          "type": "Request",
          "kind": "Button",
          "inputs": {
            "schema": {
              "type": "object",
              "properties": {
                "text": {
                  "description": "Please enter your input",
                  "title": "table",
                  "type": "string",
                  "x-ms-content-hint": "TEXT",
                  "x-ms-dynamically-added": true
                }
              },
              "required": [
                "text"
              ]
            },
            "headersSchema": {
              "x-ms-user-name-encoded": {
                "title": "User name",
                "type": "string",
                "format": "byte",
                "x-ms-dynamically-added": false
              },
              "x-ms-user-email-encoded": {
                "title": "User email",
                "type": "string",
                "format": "byte",
                "x-ms-dynamically-added": false
              },
              "x-ms-user-timestamp": {
                "title": "Timestamp",
                "type": "string",
                "x-ms-dynamically-added": false
              }
            }
          }
        }
      },
      "actions": {
        "Scope1": {
          "actions": {
            "workingAction1": {
              "runAfter": {},
              "metadata": {
                "operationMetadataId": "30726f83-b0b9-432c-aef5-5f7b3c2f4402"
              },
              "type": "Compose",
              "inputs": "helloWorld"
            },
            "Add_a_new_row": {
              "runAfter": {
                "workingAction1": [
                  "Succeeded"
                ]
              },
              "metadata": {
                "operationMetadataId": "97a8ebe3-49d7-4d0f-8a84-a27930f7de78"
              },
              "type": "OpenApiConnection",
              "inputs": {
                "host": {
                  "connectionName": "shared_commondataserviceforapps",
                  "operationId": "CreateRecord",
                  "apiId": "/providers/Microsoft.PowerApps/apis/shared_commondataserviceforapps"
                },
                "parameters": {
                  "entityName": "@triggerBody()?['text']",
                  "item": "@guid()"
                },
                "authentication": {
                  "type": "Raw",
                  "value": "@json(decodeBase64(triggerOutputs().headers['X-MS-APIM-Tokens']))['$ConnectionKey']"
                }
              }
            }
          },
          "runAfter": {},
          "metadata": {
            "operationMetadataId": "d0a2b767-ae65-4bdd-9f38-dc4939c2557c"
          },
          "type": "Scope"
        },
        "Scope2": {
          "actions": {
            "workingAction2": {
              "runAfter": {},
              "metadata": {
                "operationMetadataId": "3826b704-989b-495f-a641-27d1e479969c"
              },
              "type": "Compose",
              "inputs": "helloWorld"
            },
            "List_rows1": {
              "runAfter": {
                "workingAction2": [
                  "Succeeded"
                ]
              },
              "metadata": {
                "operationMetadataId": "4de3c2db-c3bc-43c7-b35a-e265a012400d"
              },
              "type": "OpenApiConnection",
              "inputs": {
                "host": {
                  "connectionName": "shared_commondataserviceforapps",
                  "operationId": "ListRecords",
                  "apiId": "/providers/Microsoft.PowerApps/apis/shared_commondataserviceforapps"
                },
                "parameters": {
                  "entityName": "@triggerBody()?['text']"
                },
                "authentication": {
                  "type": "Raw",
                  "value": "@json(decodeBase64(triggerOutputs().headers['X-MS-APIM-Tokens']))['$ConnectionKey']"
                }
              }
            }
          },
          "runAfter": {},
          "metadata": {
            "operationMetadataId": "c67d4039-0aa1-45c1-aff9-db3feab1636d"
          },
          "type": "Scope"
        },
        "result1": {
          "runAfter": {
            "Scope1": [
              "Succeeded",
              "TimedOut",
              "Failed"
            ]
          },
          "metadata": {
            "operationMetadataId": "bda265c2-74bc-4ea2-a845-e325ed234ce9"
          },
          "type": "Compose",
          "inputs": "@result('Scope1')"
        },
        "results2": {
          "runAfter": {
            "Scope2": [
              "Succeeded",
              "Failed",
              "TimedOut"
            ]
          },
          "metadata": {
            "operationMetadataId": "6a1583e6-bf57-47a9-a038-76c4eb63d3bd"
          },
          "type": "Compose",
          "inputs": "@result('Scope2')"
        },
        "outputs2": {
          "runAfter": {
            "Scope2": [
              "Succeeded"
            ]
          },
          "metadata": {
            "operationMetadataId": "e83f996c-ebda-46cd-b835-08115b4186d7"
          },
          "type": "Compose",
          "inputs": "@outputs('List_rows1')"
        },
        "Scope3": {
          "actions": {
            "workingAction3": {
              "runAfter": {},
              "metadata": {
                "operationMetadataId": "ec3923c2-0da6-4827-a567-8e444aa02081"
              },
              "type": "Compose",
              "inputs": "helloWorld"
            },
            "Create_item": {
              "runAfter": {
                "workingAction3": [
                  "Succeeded"
                ]
              },
              "metadata": {
                "operationMetadataId": "c9a91c66-b9a2-49db-9420-5903147970bb"
              },
              "type": "OpenApiConnection",
              "inputs": {
                "host": {
                  "connectionName": "shared_sharepointonline",
                  "operationId": "PostItem",
                  "apiId": "/providers/Microsoft.PowerApps/apis/shared_sharepointonline"
                },
                "parameters": {
                  "dataset": "@triggerBody()?['text']",
                  "table": "error",
                  "item": {}
                },
                "authentication": {
                  "type": "Raw",
                  "value": "@json(decodeBase64(triggerOutputs().headers['X-MS-APIM-Tokens']))['$ConnectionKey']"
                }
              }
            }
          },
          "runAfter": {},
          "metadata": {
            "operationMetadataId": "22bac8b1-8be0-40a7-a1b9-7d0670abc774"
          },
          "type": "Scope"
        },
        "Scope4": {
          "actions": {
            "workingAction4": {
              "runAfter": {},
              "metadata": {
                "operationMetadataId": "a978614a-c525-41ca-b42c-d2cc3df07714"
              },
              "type": "Compose",
              "inputs": "helloWorld"
            },
            "Get_items": {
              "runAfter": {
                "workingAction4": [
                  "Succeeded"
                ]
              },
              "metadata": {
                "operationMetadataId": "315b99b3-810a-45a1-8baa-e9d0ae3aa977"
              },
              "type": "OpenApiConnection",
              "inputs": {
                "host": {
                  "connectionName": "shared_sharepointonline",
                  "operationId": "GetItems",
                  "apiId": "/providers/Microsoft.PowerApps/apis/shared_sharepointonline"
                },
                "parameters": {
                  "dataset": "@triggerBody()?['text']",
                  "table": "notdlfnsdlgn"
                },
                "authentication": {
                  "type": "Raw",
                  "value": "@json(decodeBase64(triggerOutputs().headers['X-MS-APIM-Tokens']))['$ConnectionKey']"
                }
              }
            }
          },
          "runAfter": {},
          "metadata": {
            "operationMetadataId": "4787af10-e135-4c4c-a188-cb581f776893"
          },
          "type": "Scope"
        },
        "result3": {
          "runAfter": {
            "Scope3": [
              "Succeeded",
              "TimedOut",
              "Failed"
            ]
          },
          "metadata": {
            "operationMetadataId": "aaeb5b81-8754-4433-a8d2-2ad3d2f58e72"
          },
          "type": "Compose",
          "inputs": "@result('Scope3')"
        },
        "ouputs3": {
          "runAfter": {
            "Scope3": [
              "TimedOut",
              "Succeeded",
              "Failed"
            ]
          },
          "metadata": {
            "operationMetadataId": "86f32383-48df-4fa1-bbf3-bbcd53a769c2"
          },
          "type": "Compose",
          "inputs": "@outputs('Create_item')"
        },
        "actions3": {
          "runAfter": {
            "Scope3": [
              "Succeeded",
              "TimedOut",
              "Failed"
            ]
          },
          "metadata": {
            "operationMetadataId": "df060737-91ad-4168-985d-a8784448e6c9"
          },
          "type": "Compose",
          "inputs": "@actions('Create_item')"
        },
        "result4": {
          "runAfter": {
            "Scope4": [
              "Succeeded",
              "TimedOut",
              "Failed"
            ]
          },
          "metadata": {
            "operationMetadataId": "0d36a53a-c9b5-42e8-9c1f-ac007f332923"
          },
          "type": "Compose",
          "inputs": "@result('Scope4')"
        },
        "outputs4": {
          "runAfter": {
            "Scope4": [
              "Succeeded",
              "TimedOut",
              "Failed"
            ]
          },
          "metadata": {
            "operationMetadataId": "3d36fe11-077b-4008-912b-d49c0035c338"
          },
          "type": "Compose",
          "inputs": "@outputs('Get_items')"
        },
        "actions4": {
          "runAfter": {
            "Scope4": [
              "Succeeded",
              "TimedOut",
              "Failed"
            ]
          },
          "metadata": {
            "operationMetadataId": "1bb9b65e-5ded-428b-b59a-5c403c11a8a4"
          },
          "type": "Compose",
          "inputs": "@actions('Get_items')"
        },
        "Scope5": {
          "actions": {
            "workingAction5": {
              "runAfter": {},
              "metadata": {
                "operationMetadataId": "53259e0a-fe7f-4f86-92bf-7409f218b3dd"
              },
              "type": "Compose",
              "inputs": "helloWorld"
            },
            "Compose": {
              "runAfter": {
                "workingAction5": [
                  "Succeeded"
                ]
              },
              "metadata": {
                "operationMetadataId": "cf8a6da5-c148-4762-94fe-07a2f2843af1"
              },
              "type": "Compose",
              "inputs": "@int('helloWorld')"
            }
          },
          "runAfter": {},
          "metadata": {
            "operationMetadataId": "788b2451-383d-41cd-8c32-ea241e6f15c8"
          },
          "type": "Scope"
        },
        "result5": {
          "runAfter": {
            "Scope5": [
              "Succeeded",
              "Failed",
              "TimedOut"
            ]
          },
          "metadata": {
            "operationMetadataId": "5e5190d5-9532-43d3-8237-24ed9344db81"
          },
          "type": "Compose",
          "inputs": "@result('Scope5')"
        },
        "outputs5": {
          "runAfter": {
            "Scope5": [
              "Succeeded",
              "Failed",
              "TimedOut"
            ]
          },
          "metadata": {
            "operationMetadataId": "c12e3147-1755-4ad1-b18d-e9d2798e0647"
          },
          "type": "Compose",
          "inputs": "@outputs('Compose')"
        },
        "actions5": {
          "runAfter": {
            "Scope5": [
              "Succeeded",
              "Failed",
              "TimedOut"
            ]
          },
          "metadata": {
            "operationMetadataId": "21c07b76-822e-4088-b7e4-ea583a8d4338"
          },
          "type": "Compose",
          "inputs": "@actions('Compose')"
        },
        "All": {
          "actions": {
            "Compose_2": {
              "runAfter": {},
              "metadata": {
                "operationMetadataId": "197d9925-7ab7-480f-bf80-d7c3da2dd3bc"
              },
              "type": "Compose",
              "inputs": "@int('helloWorld')"
            },
            "Get_items_2": {
              "runAfter": {
                "Compose_2": [
                  "Succeeded",
                  "Failed"
                ]
              },
              "metadata": {
                "operationMetadataId": "d3fabcba-f72a-44d4-945d-e5a616956541"
              },
              "type": "OpenApiConnection",
              "inputs": {
                "host": {
                  "connectionName": "shared_sharepointonline",
                  "operationId": "GetItems",
                  "apiId": "/providers/Microsoft.PowerApps/apis/shared_sharepointonline"
                },
                "parameters": {
                  "dataset": "@triggerBody()?['text']",
                  "table": "notdlfnsdlgn"
                },
                "authentication": {
                  "type": "Raw",
                  "value": "@json(decodeBase64(triggerOutputs().headers['X-MS-APIM-Tokens']))['$ConnectionKey']"
                }
              }
            },
            "Create_item_2": {
              "runAfter": {
                "Get_items_2": [
                  "Succeeded",
                  "Failed"
                ]
              },
              "metadata": {
                "operationMetadataId": "56815773-56c0-4336-adc1-391ef15c19e5"
              },
              "type": "OpenApiConnection",
              "inputs": {
                "host": {
                  "connectionName": "shared_sharepointonline",
                  "operationId": "PostItem",
                  "apiId": "/providers/Microsoft.PowerApps/apis/shared_sharepointonline"
                },
                "parameters": {
                  "dataset": "@triggerBody()?['text']",
                  "table": "error",
                  "item": {}
                },
                "authentication": {
                  "type": "Raw",
                  "value": "@json(decodeBase64(triggerOutputs().headers['X-MS-APIM-Tokens']))['$ConnectionKey']"
                }
              }
            },
            "List_rows_2": {
              "runAfter": {
                "Create_item_2": [
                  "Succeeded",
                  "Failed"
                ]
              },
              "metadata": {
                "operationMetadataId": "ad2b1ed7-7749-4cb3-86f1-fbad7d7230bf"
              },
              "type": "OpenApiConnection",
              "inputs": {
                "host": {
                  "connectionName": "shared_commondataserviceforapps",
                  "operationId": "ListRecords",
                  "apiId": "/providers/Microsoft.PowerApps/apis/shared_commondataserviceforapps"
                },
                "parameters": {
                  "entityName": "@triggerBody()?['text']"
                },
                "authentication": {
                  "type": "Raw",
                  "value": "@json(decodeBase64(triggerOutputs().headers['X-MS-APIM-Tokens']))['$ConnectionKey']"
                }
              }
            },
            "Add_a_new_row_2": {
              "runAfter": {
                "List_rows_2": [
                  "Succeeded",
                  "Failed"
                ]
              },
              "metadata": {
                "operationMetadataId": "b7172285-c32c-4c76-b148-6777b0369fab"
              },
              "type": "OpenApiConnection",
              "inputs": {
                "host": {
                  "connectionName": "shared_commondataserviceforapps",
                  "operationId": "CreateRecord",
                  "apiId": "/providers/Microsoft.PowerApps/apis/shared_commondataserviceforapps"
                },
                "parameters": {
                  "entityName": "@triggerBody()?['text']",
                  "item": "@guid()"
                },
                "authentication": {
                  "type": "Raw",
                  "value": "@json(decodeBase64(triggerOutputs().headers['X-MS-APIM-Tokens']))['$ConnectionKey']"
                }
              }
            },
            "Get_emails_(V3)": {
              "runAfter": {
                "Add_a_new_row_2": [
                  "Succeeded",
                  "Failed"
                ]
              },
              "metadata": {
                "operationMetadataId": "d295a96a-23ec-460b-8ed9-041dee413599"
              },
              "type": "OpenApiConnection",
              "inputs": {
                "host": {
                  "connectionName": "shared_office365",
                  "operationId": "GetEmailsV3",
                  "apiId": "/providers/Microsoft.PowerApps/apis/shared_office365"
                },
                "parameters": {
                  "folderPath": "@triggerBody()['text']",
                  "fetchOnlyUnread": true,
                  "includeAttachments": false,
                  "top": 10,
                  "importance": "Any",
                  "fetchOnlyWithAttachment": false
                },
                "authentication": {
                  "type": "Raw",
                  "value": "@json(decodeBase64(triggerOutputs().headers['X-MS-APIM-Tokens']))['$ConnectionKey']"
                }
              }
            },
            "Send_an_email_(V2)": {
              "runAfter": {
                "Get_emails_(V3)": [
                  "Succeeded",
                  "Failed"
                ]
              },
              "metadata": {
                "operationMetadataId": "fc01c2b1-3d38-4556-9778-80bdf591f7ba"
              },
              "type": "OpenApiConnection",
              "inputs": {
                "host": {
                  "connectionName": "shared_office365",
                  "operationId": "SendEmailV2",
                  "apiId": "/providers/Microsoft.PowerApps/apis/shared_office365"
                },
                "parameters": {
                  "emailMessage/To": "@triggerBody()['text']",
                  "emailMessage/Subject": "test",
                  "emailMessage/Body": "<p>test</p>",
                  "emailMessage/Importance": "@triggerBody()['text']"
                },
                "authentication": {
                  "type": "Raw",
                  "value": "@json(decodeBase64(triggerOutputs().headers['X-MS-APIM-Tokens']))['$ConnectionKey']"
                }
              }
            },
            "Create_a_Teams_meeting": {
              "runAfter": {
                "Get_messages_": [
                  "Succeeded",
                  "Failed"
                ]
              },
              "metadata": {
                "operationMetadataId": "e5b62a0d-3332-4e17-bc00-eeedc0bf85ed"
              },
              "type": "OpenApiConnection",
              "inputs": {
                "host": {
                  "connectionName": "shared_teams",
                  "operationId": "CreateTeamsMeeting",
                  "apiId": "/providers/Microsoft.PowerApps/apis/shared_teams"
                },
                "parameters": {
                  "calendarid": "@triggerBody()['text']",
                  "item/subject": "test",
                  "item/body/content": "test",
                  "item/timeZone": "Afghanistan Standard Time",
                  "item/start/dateTime": "@uriPath()",
                  "item/end/dateTime": "@uriPath()",
                  "item/requiredAttendees": "@triggerBody()['text']"
                },
                "authentication": {
                  "type": "Raw",
                  "value": "@json(decodeBase64(triggerOutputs().headers['X-MS-APIM-Tokens']))['$ConnectionKey']"
                }
              }
            },
            "Get_messages_": {
              "runAfter": {
                "Send_an_email_(V2)": [
                  "Succeeded",
                  "Failed"
                ]
              },
              "metadata": {
                "operationMetadataId": "20d7cc31-da0f-4189-882b-5b554e816e15"
              },
              "type": "OpenApiConnection",
              "inputs": {
                "host": {
                  "connectionName": "shared_teams",
                  "operationId": "GetMessagesFromChannel",
                  "apiId": "/providers/Microsoft.PowerApps/apis/shared_teams"
                },
                "parameters": {
                  "groupId": "@triggerBody()['text']",
                  "channelId": "@triggerBody()['text']"
                },
                "authentication": {
                  "type": "Raw",
                  "value": "@json(decodeBase64(triggerOutputs().headers['X-MS-APIM-Tokens']))['$ConnectionKey']"
                }
              }
            },
            "Get_tables": {
              "runAfter": {
                "Create_a_Teams_meeting": [
                  "Succeeded",
                  "Failed"
                ]
              },
              "metadata": {
                "operationMetadataId": "cd30a381-2eae-4782-9ad9-2da99804459a",
                "tableId": null
              },
              "type": "OpenApiConnection",
              "inputs": {
                "host": {
                  "connectionName": "shared_excelonlinebusiness",
                  "operationId": "GetTables",
                  "apiId": "/providers/Microsoft.PowerApps/apis/shared_excelonlinebusiness"
                },
                "parameters": {
                  "source": "@triggerBody()['text']",
                  "drive": "@triggerBody()['text']",
                  "file": "@triggerBody()['text']"
                },
                "authentication": {
                  "type": "Raw",
                  "value": "@json(decodeBase64(triggerOutputs().headers['X-MS-APIM-Tokens']))['$ConnectionKey']"
                }
              }
            },
            "Add_a_row_into_a_table": {
              "runAfter": {
                "Get_tables": [
                  "Succeeded",
                  "Failed"
                ]
              },
              "metadata": {
                "operationMetadataId": "e2e40fa5-6b4f-46c0-9d36-93127f185370",
                "tableId": "@triggerBody()['text']"
              },
              "type": "OpenApiConnection",
              "inputs": {
                "host": {
                  "connectionName": "shared_excelonlinebusiness",
                  "operationId": "AddRowV2",
                  "apiId": "/providers/Microsoft.PowerApps/apis/shared_excelonlinebusiness"
                },
                "parameters": {
                  "source": "@triggerBody()['text']",
                  "drive": "@triggerBody()['text']",
                  "file": "@triggerBody()['text']",
                  "table": "@triggerBody()['text']",
                  "item": "@triggerBody()['text']"
                },
                "authentication": {
                  "type": "Raw",
                  "value": "@json(decodeBase64(triggerOutputs().headers['X-MS-APIM-Tokens']))['$ConnectionKey']"
                }
              }
            },
            "JSON_(V2)": {
              "runAfter": {
                "Add_a_row_into_a_table": [
                  "Succeeded",
                  "Failed"
                ]
              },
              "metadata": {
                "operationMetadataId": "24f82321-fa49-4dcc-9f75-a8e6876e980c"
              },
              "type": "OpenApiConnection",
              "inputs": {
                "host": {
                  "connectionName": "shared_autoreview",
                  "operationId": "POST-json",
                  "apiId": "/providers/Microsoft.PowerApps/apis/shared_autoreview"
                },
                "parameters": {
                  "body/properties/displayName": "test",
                  "body/properties/name": "test",
                  "body/properties/owner": "test",
                  "body/properties/environment": "test",
                  "body/properties/definition": {}
                },
                "authentication": {
                  "type": "Raw",
                  "value": "@json(decodeBase64(triggerOutputs().headers['X-MS-APIM-Tokens']))['$ConnectionKey']"
                }
              }
            }
          },
          "runAfter": {},
          "metadata": {
            "operationMetadataId": "df3991de-5d4c-4c59-a5fd-be515f94b5f6"
          },
          "type": "Scope"
        },
        "result": {
          "runAfter": {
            "All": [
              "Succeeded",
              "Failed"
            ]
          },
          "metadata": {
            "operationMetadataId": "9505d8f9-47da-4a20-8a44-48205d356635"
          },
          "type": "Compose",
          "inputs": "@result('all')"
        },
        "Select": {
          "runAfter": {
            "result": [
              "Succeeded"
            ]
          },
          "metadata": {
            "operationMetadataId": "fe0adc56-2289-4a76-9d0b-9d40461a6744"
          },
          "type": "Select",
          "inputs": {
            "from": "@result('all')",
            "select": {
              "name": "@item()?['name']",
              "type": "-",
              "root": "@item()?['error']",
              "outputsBody": "@item()?['outputs']?['body']?['message']",
              "outputsBodyError": "@item()?['outputs']?['body']?['error']"
            }
          }
        },
        "Create_CSV_table": {
          "runAfter": {
            "Select": [
              "Succeeded"
            ]
          },
          "metadata": {
            "operationMetadataId": "e53b25d0-de86-422f-8a64-58e37b54c14b"
          },
          "type": "Table",
          "inputs": {
            "from": "@body('Select')",
            "format": "CSV"
          }
        },
        "Apply_to_each": {
          "foreach": "@body('Select')",
          "actions": {
            "Create_file": {
              "runAfter": {},
              "metadata": {
                "operationMetadataId": "31541214-b158-4ddd-88e4-c215067c5332"
              },
              "type": "OpenApiConnection",
              "inputs": {
                "host": {
                  "connectionName": "shared_onedriveforbusiness_1",
                  "operationId": "CreateFile",
                  "apiId": "/providers/Microsoft.PowerApps/apis/shared_onedriveforbusiness"
                },
                "parameters": {
                  "folderPath": "/",
                  "name": "@items('Apply_to_each')?['name']",
                  "body": "@items('Apply_to_each')"
                },
                "authentication": {
                  "type": "Raw",
                  "value": "@json(decodeBase64(triggerOutputs().headers['X-MS-APIM-Tokens']))['$ConnectionKey']"
                }
              },
              "runtimeConfiguration": {
                "contentTransfer": {
                  "transferMode": "Chunked"
                }
              }
            }
          },
          "runAfter": {
            "Create_CSV_table": [
              "Succeeded"
            ]
          },
          "metadata": {
            "operationMetadataId": "7ee1746d-d99a-439e-a478-f04d577ca0c8"
          },
          "type": "Foreach"
        },
        "actions1": {
          "runAfter": {
            "Scope1": [
              "Succeeded",
              "Failed",
              "TimedOut"
            ]
          },
          "metadata": {
            "operationMetadataId": "df060737-91ad-4168-985d-a8784448e6c9"
          },
          "type": "Compose",
          "inputs": "@actions('Add_a_new_row')"
        },
        "actions2": {
          "runAfter": {
            "Scope2": [
              "Succeeded",
              "Failed",
              "TimedOut"
            ]
          },
          "metadata": {
            "operationMetadataId": "df060737-91ad-4168-985d-a8784448e6c9"
          },
          "type": "Compose",
          "inputs": "@actions('List_rows1')"
        },
        "resultLoop": {
          "runAfter": {
            "Apply_to_each_loop": [
              "Succeeded",
              "Failed",
              "TimedOut"
            ]
          },
          "metadata": {
            "operationMetadataId": "775f2ffd-192c-4fc6-b73d-a77cef51888c"
          },
          "type": "Compose",
          "inputs": "@result('Apply_to_each_loop')"
        },
        "outputs1": {
          "runAfter": {
            "Scope1": [
              "Succeeded"
            ]
          },
          "metadata": {
            "operationMetadataId": "cd339a5d-f1d1-4fee-94d2-9e536d588a88"
          },
          "type": "Compose",
          "inputs": "@outputs('Add_a_new_row')"
        },
        "all_containers": {
          "runAfter": {
            "result1": [
              "Succeeded"
            ],
            "actions1": [
              "Succeeded"
            ],
            "outputs1": [
              "Succeeded"
            ],
            "results2": [
              "Succeeded"
            ],
            "outputs2": [
              "Succeeded"
            ],
            "actions2": [
              "Succeeded"
            ],
            "result3": [
              "Succeeded"
            ],
            "ouputs3": [
              "Succeeded"
            ],
            "actions3": [
              "Succeeded"
            ],
            "result4": [
              "Succeeded"
            ],
            "outputs4": [
              "Succeeded"
            ],
            "actions4": [
              "Succeeded"
            ],
            "result5": [
              "Succeeded"
            ],
            "outputs5": [
              "Succeeded"
            ],
            "actions5": [
              "Succeeded"
            ],
            "Apply_to_each": [
              "Succeeded"
            ],
            "resultLoop_Filtered": [
              "Succeeded"
            ]
          },
          "metadata": {
            "operationMetadataId": "61681763-c048-4550-8ca8-08efffdb91a9"
          },
          "type": "Compose",
          "inputs": "@result('condition')"
        },
        "Apply_to_each_loop": {
          "foreach": "@split('1,2,3,4',',')",
          "actions": {
            "workingAction_loop": {
              "runAfter": {},
              "metadata": {
                "operationMetadataId": "ec3923c2-0da6-4827-a567-8e444aa02081"
              },
              "type": "Compose",
              "inputs": "helloWorld"
            },
            "Create_item_loop": {
              "runAfter": {
                "workingAction_loop": [
                  "Succeeded"
                ]
              },
              "metadata": {
                "operationMetadataId": "c9a91c66-b9a2-49db-9420-5903147970bb"
              },
              "type": "OpenApiConnection",
              "inputs": {
                "host": {
                  "connectionName": "shared_sharepointonline",
                  "operationId": "PostItem",
                  "apiId": "/providers/Microsoft.PowerApps/apis/shared_sharepointonline"
                },
                "parameters": {
                  "dataset": "@triggerBody()?['text']",
                  "table": "error",
                  "item": {}
                },
                "authentication": {
                  "type": "Raw",
                  "value": "@json(decodeBase64(triggerOutputs().headers['X-MS-APIM-Tokens']))['$ConnectionKey']"
                }
              }
            }
          },
          "runAfter": {
            "Scope": [
              "Succeeded"
            ]
          },
          "metadata": {
            "operationMetadataId": "b842ebfa-763c-4f33-a498-1c801a919829"
          },
          "type": "Foreach"
        },
        "Scope": {
          "actions": {
            "Condition": {
              "actions": {
                "workingAction_loop_2": {
                  "runAfter": {},
                  "metadata": {
                    "operationMetadataId": "ec3923c2-0da6-4827-a567-8e444aa02081"
                  },
                  "type": "Compose",
                  "inputs": "@int('helloworld')"
                }
              },
              "runAfter": {},
              "expression": {
                "equals": [
                  "a",
                  "b"
                ]
              },
              "metadata": {
                "operationMetadataId": "dd35e3be-0466-4a69-a79a-6fc8ea1bce1d"
              },
              "type": "If"
            }
          },
          "runAfter": {},
          "metadata": {
            "operationMetadataId": "b53df48c-0759-4b7b-96d5-22a6c2549922"
          },
          "type": "Scope"
        },
        "Filter_array": {
          "runAfter": {
            "resultLoop": [
              "Succeeded"
            ]
          },
          "metadata": {
            "operationMetadataId": "6daa6e28-5985-4fbc-b191-48711d82807c"
          },
          "type": "Query",
          "inputs": {
            "from": "@result('Apply_to_each_loop')",
            "where": "@equals(item()?['status'], 'Failed')"
          }
        },
        "resultLoop_Filtered": {
          "runAfter": {
            "Filter_array": [
              "Succeeded"
            ]
          },
          "metadata": {
            "operationMetadataId": "775f2ffd-192c-4fc6-b73d-a77cef51888c"
          },
          "type": "Compose",
          "inputs": "@coalesce(\r\n    body('Filter_array')[0]?['outputs'][0]?['error']?['message']\r\n,\r\n    body('Filter_array')[0]?['outputs'][0]?['outputs']?['body']?['error']?['message']\r\n,\r\n    body('Filter_array')[0]?['outputs'][0]?['outputs']?['body']?['message']\r\n)"
        }
      }
    },
    "templateName": ""
  },
  "schemaVersion": "1.0.0.0"
}