{"schemaVersion":"1.0","appDefinitionTemplate":{"id":"/providers/Microsoft.PowerApps/apps/","type":"Microsoft.PowerApps/apps","tags":{"primaryDeviceWidth":"640","primaryDeviceHeight":"1136","supportsPortrait":"true","supportsLandscape":"true","primaryFormFactor":"Phone","publisherVersion":"3.23032.12","minimumRequiredApiVersion":"2.2.0","hasComponent":"false","hasUnlockedComponent":"false","isUnifiedRootApp":"false","sienaVersion":"20230327T103522Z-3.23032.12.0"},"properties":{"appVersion":"2023-03-27T10:35:22Z","lifeCycleId":"Published","createdByClientVersion":{"major":3,"minor":23032,"build":12,"revision":0,"majorRevision":0,"minorRevision":0},"minClientVersion":{"major":3,"minor":23032,"build":12,"revision":0,"majorRevision":0,"minorRevision":0},"backgroundColor":"rgba(102, 102, 102, 1)","backgroundImageUri":"/5721976417377761965/N8931dbdc-64c6-44bd-b93e-4780d4d64f51-logoSmallFile","displayName":"Flappy App","description":"Demonstrate interaction and timers\nBy David Wyatt","commitMessage":"","appUris":{"documentUri":{"value":"/5721976417377761965/N60b6f2a7-9a55-4776-9420-0e718740615e-document.msapp"},"imageUris":[],"additionalUris":[]},"createdTime":"0001-01-01T00:00:00Z","lastModifiedTime":"0001-01-01T00:00:00Z","sharedGroupsCount":0,"sharedUsersCount":0,"connectionReferences":{},"databaseReferences":{},"almMode":"Environment","performanceOptimizationEnabled":true,"canConsumeAppPass":true,"enableModernRuntimeMode":false,"executionRestrictions":{"isTeamsOnly":false,"dataLossPreventionEvaluationResult":{"status":"Compliant","lastEvaluationDate":"2023-03-17T09:25:05.0633281Z","violations":[],"violationsByPolicy":[],"violationErrorMessage":"The app uses the following connectors: ."}}},"appType":"ClassicCanvasApp","appComponents":[]}}