{
  "properties": {
    "connectionReferences": {
      "shared_commondataserviceforapps": {
        "runtimeSource": "embedded",
        "connection": {
          "connectionReferenceLogicalName": "ia_DataverseCloneSolution"
        },
        "api": {
          "name": "shared_commondataserviceforapps"
        }
      }
    },
    "definition": {
      "$schema": "https://schema.management.azure.com/providers/Microsoft.Logic/schemas/2016-06-01/workflowdefinition.json#",
      "contentVersion": "1.0.0.0",
      "parameters": {
        "$authentication": {
          "defaultValue": {},
          "type": "SecureObject"
        },
        "$connections": {
          "defaultValue": {},
          "type": "Object"
        }
      },
      "triggers": {
        "manual": {
          "metadata": {
            "operationMetadataId": "511687c6-1138-4146-ae1b-06be14cc62d1"
          },
          "type": "Request",
          "kind": "Button",
          "inputs": {
            "schema": {
              "type": "object",
              "properties": {
                "text": {
                  "title": "Solution to Copy",
                  "type": "string",
                  "x-ms-dynamically-added": true,
                  "description": "Please enter your input",
                  "x-ms-content-hint": "TEXT"
                },
                "text_1": {
                  "title": "2 letter prefix",
                  "type": "string",
                  "x-ms-dynamically-added": true,
                  "description": "Please enter your input",
                  "x-ms-content-hint": "TEXT"
                },
                "text_2": {
                  "title": "environmentId",
                  "type": "string",
                  "x-ms-dynamically-added": true,
                  "description": "Please enter your input",
                  "x-ms-content-hint": "TEXT"
                },
                "text_3": {
                  "title": "environmentUrl",
                  "type": "string",
                  "x-ms-dynamically-added": true,
                  "description": "Please enter your input",
                  "x-ms-content-hint": "TEXT"
                }
              },
              "required": [
                "text",
                "text_1",
                "text_2",
                "text_3"
              ]
            }
          }
        }
      },
      "actions": {
        "Main": {
          "actions": {
            "List_rows_from_selected_environment_solution": {
              "metadata": {
                "operationMetadataId": "9fb95ea7-d0de-4c18-9cec-80f3d42d9154"
              },
              "type": "OpenApiConnection",
              "inputs": {
                "parameters": {
                  "organization": "@triggerBody()['text_3']",
                  "entityName": "solutions",
                  "$filter": "uniquename eq '@{triggerBody()['text']}'",
                  "$top": 1
                },
                "host": {
                  "apiId": "/providers/Microsoft.PowerApps/apis/shared_commondataserviceforapps",
                  "operationId": "ListRecordsWithOrganization",
                  "connectionName": "shared_commondataserviceforapps"
                }
              }
            },
            "List_rows_from_selected_environment_components": {
              "runAfter": {
                "Add_a_new_row_to_selected_environment": [
                  "Succeeded"
                ]
              },
              "metadata": {
                "operationMetadataId": "9ae23c2b-3def-4233-a42a-d7004c25a5ca"
              },
              "type": "OpenApiConnection",
              "inputs": {
                "parameters": {
                  "organization": "@triggerBody()['text_3']",
                  "entityName": "solutioncomponents",
                  "$filter": "_solutionid_value eq '@{outputs('List_rows_from_selected_environment_solution')?['body/value'][0]?['solutionid']}'"
                },
                "host": {
                  "apiId": "/providers/Microsoft.PowerApps/apis/shared_commondataserviceforapps",
                  "operationId": "ListRecordsWithOrganization",
                  "connectionName": "shared_commondataserviceforapps"
                }
              }
            },
            "Solution_Object": {
              "runAfter": {
                "List_rows_from_selected_environment_solution": [
                  "Succeeded"
                ]
              },
              "metadata": {
                "operationMetadataId": "66cb08ed-bfdc-4a9e-9d83-62b314b9d042"
              },
              "type": "Compose",
              "inputs": {
                "friendlyname": "@{outputs('List_rows_from_selected_environment_solution')?['body/value'][0]?['friendlyname']} @{triggerBody()['text_1']}",
                "uniquename": "@{outputs('List_rows_from_selected_environment_solution')?['body/value'][0]?['uniquename']}_@{triggerBody()['text_1']}",
                "publisherid@odata.bind": "publishers(@{outputs('List_rows_from_selected_environment_solution')?['body/value'][0]?['_publisherid_value']})",
                "version": "1.0.0.0",
                "templatesuffix": "@{triggerBody()['text_1']}"
              }
            },
            "Apply_to_each_component": {
              "foreach": "@body('Filter_array_No_Flows')",
              "actions": {
                "Switch": {
                  "cases": {
                    "Environment_Variable_Definition": {
                      "case": 380,
                      "actions": {
                        "380": {
                          "actions": {
                            "Get_a_row_by_ID_from_selected_environment_Environment_Def": {
                              "metadata": {
                                "operationMetadataId": "9ecdc682-b000-438a-bbbe-435c352348cb"
                              },
                              "type": "OpenApiConnection",
                              "inputs": {
                                "parameters": {
                                  "organization": "@triggerBody()['text_3']",
                                  "entityName": "environmentvariabledefinitions",
                                  "recordId": "@items('Apply_to_each_component')?['objectid']"
                                },
                                "host": {
                                  "apiId": "/providers/Microsoft.PowerApps/apis/shared_commondataserviceforapps",
                                  "operationId": "GetItemWithOrganization",
                                  "connectionName": "shared_commondataserviceforapps"
                                }
                              }
                            },
                            "Add_a_new_row_to_selected_environment_Environment_Def": {
                              "runAfter": {
                                "Get_a_row_by_ID_from_selected_environment_Environment_Def": [
                                  "Succeeded"
                                ]
                              },
                              "metadata": {
                                "operationMetadataId": "45416d9e-9224-4182-a029-2c8a1cc1c3ed"
                              },
                              "type": "OpenApiConnection",
                              "inputs": {
                                "parameters": {
                                  "organization": "@triggerBody()?['text_3']",
                                  "entityName": "environmentvariabledefinitions",
                                  "item": {
                                    "displayname": "@{body('Get_a_row_by_ID_from_selected_environment_Environment_Def')?['displayname']}_@{triggerBody()?['text_1']}",
                                    "isrequired": "@body('Get_a_row_by_ID_from_selected_environment_Environment_Def')?['isrequired']",
                                    "type": "@body('Get_a_row_by_ID_from_selected_environment_Environment_Def')?['type']",
                                    "schemaname": "@{body('Get_a_row_by_ID_from_selected_environment_Environment_Def')?['schemaname']}_@{triggerBody()?['text_1']}"
                                  }
                                },
                                "host": {
                                  "apiId": "/providers/Microsoft.PowerApps/apis/shared_commondataserviceforapps",
                                  "operationId": "CreateRecordWithOrganization",
                                  "connectionName": "shared_commondataserviceforapps"
                                }
                              }
                            },
                            "Perform_an_unbound_action_in_selected_environment_Environment_Def": {
                              "runAfter": {
                                "Add_a_new_row_to_selected_environment_Environment_Def": [
                                  "Succeeded"
                                ]
                              },
                              "metadata": {
                                "operationMetadataId": "5071db5c-544b-4aa3-a100-d06e909fc0cf"
                              },
                              "type": "OpenApiConnection",
                              "inputs": {
                                "parameters": {
                                  "organization": "@triggerBody()?['text_3']",
                                  "actionName": "AddSolutionComponent",
                                  "item": {
                                    "ComponentId": "@{outputs('Add_a_new_row_to_selected_environment_Environment_Def')?['body/environmentvariabledefinitionid']}",
                                    "ComponentType": 380,
                                    "SolutionUniqueName": "@{outputs('Add_a_new_row_to_selected_environment')?['body/uniquename']}",
                                    "AddRequiredComponents": false,
                                    "DoNotIncludeSubcomponents": false
                                  }
                                },
                                "host": {
                                  "apiId": "/providers/Microsoft.PowerApps/apis/shared_commondataserviceforapps",
                                  "operationId": "PerformUnboundActionWithOrganization",
                                  "connectionName": "shared_commondataserviceforapps"
                                }
                              }
                            },
                            "Append_to_array_aEnvironmentVariables": {
                              "runAfter": {
                                "Perform_an_unbound_action_in_selected_environment_Environment_Def": [
                                  "Succeeded"
                                ]
                              },
                              "metadata": {
                                "operationMetadataId": "4ca83dd8-36cd-445e-a9fb-58892a650f82"
                              },
                              "type": "AppendToArrayVariable",
                              "inputs": {
                                "name": "aEnvironmentVariables",
                                "value": {
                                  "old": {
                                    "displayname": "@{outputs('Get_a_row_by_ID_from_selected_environment_Environment_Def')?['body/displayname']}",
                                    "schemaname": "@{outputs('Get_a_row_by_ID_from_selected_environment_Environment_Def')?['body/schemaname']}"
                                  },
                                  "new": {
                                    "displayname": "@{outputs('Add_a_new_row_to_selected_environment_Environment_Def')?['body/displayname']}",
                                    "schemaname": "@{outputs('Add_a_new_row_to_selected_environment_Environment_Def')?['body/schemaname']}"
                                  }
                                }
                              }
                            }
                          },
                          "metadata": {
                            "operationMetadataId": "0f48705b-1718-47eb-abfc-21925bf67231"
                          },
                          "type": "Scope"
                        }
                      }
                    },
                    "Connection_Reference": {
                      "case": 10078,
                      "actions": {
                        "10078": {
                          "actions": {
                            "Get_a_row_by_ID_from_selected_environment_Connection": {
                              "metadata": {
                                "operationMetadataId": "9ecdc682-b000-438a-bbbe-435c352348cb"
                              },
                              "type": "OpenApiConnection",
                              "inputs": {
                                "parameters": {
                                  "organization": "@triggerBody()['text_3']",
                                  "entityName": "connectionreferences",
                                  "recordId": "@items('Apply_to_each_component')?['objectid']"
                                },
                                "host": {
                                  "apiId": "/providers/Microsoft.PowerApps/apis/shared_commondataserviceforapps",
                                  "operationId": "GetItemWithOrganization",
                                  "connectionName": "shared_commondataserviceforapps"
                                }
                              }
                            },
                            "Add_a_new_row_to_selected_environment_Connection": {
                              "runAfter": {
                                "Get_a_row_by_ID_from_selected_environment_Connection": [
                                  "Succeeded"
                                ]
                              },
                              "metadata": {
                                "operationMetadataId": "45416d9e-9224-4182-a029-2c8a1cc1c3ed"
                              },
                              "type": "OpenApiConnection",
                              "inputs": {
                                "parameters": {
                                  "organization": "@triggerBody()['text_3']",
                                  "entityName": "connectionreferences",
                                  "item": {
                                    "connectionreferencedisplayname": "@{body('Get_a_row_by_ID_from_selected_environment_Connection')?['connectionreferencedisplayname']}_@{triggerBody()?['text_1']}",
                                    "connectorid": "@{body('Get_a_row_by_ID_from_selected_environment_Connection')?['connectorid']}",
                                    "connectionreferencelogicalname": "@{body('Get_a_row_by_ID_from_selected_environment_Connection')?['connectionreferencelogicalname']}_@{triggerBody()?['text_1']}",
                                    "connectionid": "@{outputs('Get_a_row_by_ID_from_selected_environment_Connection')?['body/connectionid']}"
                                  }
                                },
                                "host": {
                                  "apiId": "/providers/Microsoft.PowerApps/apis/shared_commondataserviceforapps",
                                  "operationId": "CreateRecordWithOrganization",
                                  "connectionName": "shared_commondataserviceforapps"
                                }
                              }
                            },
                            "Perform_an_unbound_action_in_selected_Connection": {
                              "runAfter": {
                                "Add_a_new_row_to_selected_environment_Connection": [
                                  "Succeeded"
                                ]
                              },
                              "metadata": {
                                "operationMetadataId": "5071db5c-544b-4aa3-a100-d06e909fc0cf"
                              },
                              "type": "OpenApiConnection",
                              "inputs": {
                                "parameters": {
                                  "organization": "@triggerBody()['text_3']",
                                  "actionName": "AddSolutionComponent",
                                  "item": {
                                    "ComponentId": "@{outputs('Add_a_new_row_to_selected_environment_Connection')?['body/connectionreferenceid']}",
                                    "ComponentType": 10078,
                                    "SolutionUniqueName": "@{outputs('Add_a_new_row_to_selected_environment')?['body/uniquename']}",
                                    "AddRequiredComponents": false,
                                    "DoNotIncludeSubcomponents": false
                                  }
                                },
                                "host": {
                                  "apiId": "/providers/Microsoft.PowerApps/apis/shared_commondataserviceforapps",
                                  "operationId": "PerformUnboundActionWithOrganization",
                                  "connectionName": "shared_commondataserviceforapps"
                                }
                              }
                            },
                            "Append_to_array_aConnectionReferences_2": {
                              "runAfter": {
                                "Perform_an_unbound_action_in_selected_Connection": [
                                  "Succeeded"
                                ]
                              },
                              "metadata": {
                                "operationMetadataId": "0f6be5d4-35f8-4053-8efb-46b6b11da397"
                              },
                              "type": "AppendToArrayVariable",
                              "inputs": {
                                "name": "aConnectionReferences",
                                "value": {
                                  "old": {
                                    "connectionreferencelogicalname": "@{outputs('Get_a_row_by_ID_from_selected_environment_Connection')?['body/connectionreferencelogicalname']}",
                                    "connectionid": "@{outputs('Get_a_row_by_ID_from_selected_environment_Connection')?['body/connectionid']}"
                                  },
                                  "new": {
                                    "connectionreferencelogicalname": "@{outputs('Add_a_new_row_to_selected_environment_Connection')?['body/connectionreferencelogicalname']}",
                                    "connectionid": "@{outputs('Add_a_new_row_to_selected_environment_Connection')?['body/connectionid']}"
                                  }
                                }
                              }
                            }
                          },
                          "metadata": {
                            "operationMetadataId": "084ef93d-9a0d-49fc-af79-f165dcf9d433"
                          },
                          "type": "Scope"
                        }
                      }
                    },
                    "Connection_Reference_2": {
                      "case": 10039,
                      "actions": {
                        "10039": {
                          "actions": {
                            "Get_a_row_by_ID_from_selected_environment_Connection_2": {
                              "metadata": {
                                "operationMetadataId": "9ecdc682-b000-438a-bbbe-435c352348cb"
                              },
                              "type": "OpenApiConnection",
                              "inputs": {
                                "parameters": {
                                  "organization": "@triggerBody()['text_3']",
                                  "entityName": "connectionreferences",
                                  "recordId": "@items('Apply_to_each_component')?['objectid']"
                                },
                                "host": {
                                  "apiId": "/providers/Microsoft.PowerApps/apis/shared_commondataserviceforapps",
                                  "operationId": "GetItemWithOrganization",
                                  "connectionName": "shared_commondataserviceforapps"
                                }
                              }
                            },
                            "Add_a_new_row_to_selected_environment_Connection_2": {
                              "runAfter": {
                                "Get_a_row_by_ID_from_selected_environment_Connection_2": [
                                  "Succeeded"
                                ]
                              },
                              "metadata": {
                                "operationMetadataId": "45416d9e-9224-4182-a029-2c8a1cc1c3ed"
                              },
                              "type": "OpenApiConnection",
                              "inputs": {
                                "parameters": {
                                  "organization": "@triggerBody()['text_3']",
                                  "entityName": "connectionreferences",
                                  "item": {
                                    "connectionreferencedisplayname": "@{body('Get_a_row_by_ID_from_selected_environment_Connection_2')?['connectionreferencedisplayname']}_@{triggerBody()?['text_1']}",
                                    "connectorid": "@{body('Get_a_row_by_ID_from_selected_environment_Connection_2')?['connectorid']}",
                                    "connectionreferencelogicalname": "@{body('Get_a_row_by_ID_from_selected_environment_Connection_2')?['connectionreferencelogicalname']}_@{triggerBody()?['text_1']}",
                                    "connectionid": "@{outputs('Get_a_row_by_ID_from_selected_environment_Connection_2')?['body/connectionid']}"
                                  }
                                },
                                "host": {
                                  "apiId": "/providers/Microsoft.PowerApps/apis/shared_commondataserviceforapps",
                                  "operationId": "CreateRecordWithOrganization",
                                  "connectionName": "shared_commondataserviceforapps"
                                }
                              }
                            },
                            "Perform_an_unbound_action_in_selected_Connection_2": {
                              "runAfter": {
                                "Add_a_new_row_to_selected_environment_Connection_2": [
                                  "Succeeded"
                                ]
                              },
                              "metadata": {
                                "operationMetadataId": "5071db5c-544b-4aa3-a100-d06e909fc0cf"
                              },
                              "type": "OpenApiConnection",
                              "inputs": {
                                "parameters": {
                                  "organization": "@triggerBody()['text_3']",
                                  "actionName": "AddSolutionComponent",
                                  "item": {
                                    "ComponentId": "@{outputs('Add_a_new_row_to_selected_environment_Connection_2')?['body/connectionreferenceid']}",
                                    "ComponentType": 10078,
                                    "SolutionUniqueName": "@{outputs('Add_a_new_row_to_selected_environment')?['body/uniquename']}",
                                    "AddRequiredComponents": false,
                                    "DoNotIncludeSubcomponents": false
                                  }
                                },
                                "host": {
                                  "apiId": "/providers/Microsoft.PowerApps/apis/shared_commondataserviceforapps",
                                  "operationId": "PerformUnboundActionWithOrganization",
                                  "connectionName": "shared_commondataserviceforapps"
                                }
                              }
                            },
                            "Append_to_array_aConnectionReferences": {
                              "runAfter": {
                                "Perform_an_unbound_action_in_selected_Connection_2": [
                                  "Succeeded"
                                ]
                              },
                              "metadata": {
                                "operationMetadataId": "0f6be5d4-35f8-4053-8efb-46b6b11da397"
                              },
                              "type": "AppendToArrayVariable",
                              "inputs": {
                                "name": "aConnectionReferences",
                                "value": {
                                  "old": {
                                    "connectionreferencelogicalname": "@{outputs('Get_a_row_by_ID_from_selected_environment_Connection_2')?['body/connectionreferencelogicalname']}",
                                    "connectionid": "@{outputs('Get_a_row_by_ID_from_selected_environment_Connection_2')?['body/connectionid']}"
                                  },
                                  "new": {
                                    "connectionreferencelogicalname": "@{outputs('Add_a_new_row_to_selected_environment_Connection_2')?['body/connectionreferencelogicalname']}",
                                    "connectionid": "@{outputs('Add_a_new_row_to_selected_environment_Connection_2')?['body/connectionid']}"
                                  }
                                }
                              }
                            }
                          },
                          "metadata": {
                            "operationMetadataId": "084ef93d-9a0d-49fc-af79-f165dcf9d433"
                          },
                          "type": "Scope"
                        }
                      }
                    }
                  },
                  "default": {
                    "actions": {}
                  },
                  "expression": "@items('Apply_to_each_component')?['componenttype']",
                  "metadata": {
                    "operationMetadataId": "af7f0fac-15be-4cd2-aeed-9c52ae834f1d"
                  },
                  "type": "Switch"
                }
              },
              "runAfter": {
                "Filter_array_No_Flows": [
                  "Succeeded"
                ]
              },
              "metadata": {
                "operationMetadataId": "a6ca2b11-430a-47a8-99f8-0c6999ef06ad"
              },
              "type": "Foreach"
            },
            "Add_a_new_row_to_selected_environment": {
              "runAfter": {
                "Solution_Object": [
                  "Succeeded"
                ]
              },
              "metadata": {
                "operationMetadataId": "2a64ae16-9f25-4375-b7ac-be0c03adc067"
              },
              "type": "OpenApiConnection",
              "inputs": {
                "parameters": {
                  "organization": "@triggerBody()['text_3']",
                  "entityName": "solutions",
                  "item": "@outputs('Solution_Object')"
                },
                "host": {
                  "apiId": "/providers/Microsoft.PowerApps/apis/shared_commondataserviceforapps",
                  "operationId": "CreateRecordWithOrganization",
                  "connectionName": "shared_commondataserviceforapps"
                },
                "retryPolicy": {
                  "type": "none"
                }
              }
            },
            "Filter_array_No_Flows": {
              "runAfter": {
                "List_rows_from_selected_environment_components": [
                  "Succeeded"
                ]
              },
              "metadata": {
                "operationMetadataId": "a1a63578-9371-4d77-854f-00da60cb1416"
              },
              "type": "Query",
              "inputs": {
                "from": "@outputs('List_rows_from_selected_environment_components')?['body/value']",
                "where": "@not(equals(item()['componenttype'], 29))"
              }
            },
            "Filter_array_Flows": {
              "runAfter": {
                "Apply_to_each_component": [
                  "Succeeded"
                ]
              },
              "metadata": {
                "operationMetadataId": "499f8589-429a-454a-a6d6-bbb6b2feb356"
              },
              "type": "Query",
              "inputs": {
                "from": "@outputs('List_rows_from_selected_environment_components')?['body/value']",
                "where": "@equals(item()['componenttype'], 29)"
              }
            },
            "Apply_to_each_flow": {
              "foreach": "@body('Filter_array_Flows')",
              "actions": {
                "29": {
                  "actions": {
                    "Get_a_row_by_ID_from_selected_environment_Workflow": {
                      "metadata": {
                        "operationMetadataId": "9ecdc682-b000-438a-bbbe-435c352348cb"
                      },
                      "type": "OpenApiConnection",
                      "inputs": {
                        "parameters": {
                          "organization": "@triggerBody()?['text_3']",
                          "entityName": "workflows",
                          "recordId": "@items('Apply_to_each_flow')?['objectid']"
                        },
                        "host": {
                          "apiId": "/providers/Microsoft.PowerApps/apis/shared_commondataserviceforapps",
                          "operationId": "GetItemWithOrganization",
                          "connectionName": "shared_commondataserviceforapps"
                        }
                      }
                    },
                    "Add_a_new_row_to_selected_environment_Workflow": {
                      "runAfter": {
                        "Apply_to_each_Environment_Var": [
                          "Succeeded"
                        ]
                      },
                      "metadata": {
                        "operationMetadataId": "45416d9e-9224-4182-a029-2c8a1cc1c3ed"
                      },
                      "type": "OpenApiConnection",
                      "inputs": {
                        "parameters": {
                          "organization": "@triggerBody()?['text_3']",
                          "entityName": "workflows",
                          "item": {
                            "xaml": "@{outputs('Get_a_row_by_ID_from_selected_environment_Workflow')?['body/xaml']}",
                            "category": 5,
                            "primaryentity": "none",
                            "name": "@{outputs('Get_a_row_by_ID_from_selected_environment_Workflow')?['body/name']}_@{triggerBody()['text_1']}",
                            "type": 1,
                            "clientdata": "@{variables('sFlowDefinition')}",
                            "description": "@{outputs('Get_a_row_by_ID_from_selected_environment_Workflow')?['body/description']}",
                            "inputparameters": "@{outputs('Get_a_row_by_ID_from_selected_environment_Workflow')?['body/inputparameters']}",
                            "inputs": "@{outputs('Get_a_row_by_ID_from_selected_environment_Workflow')?['body/inputs']}",
                            "subprocess": "@outputs('Get_a_row_by_ID_from_selected_environment_Workflow')?['body/subprocess']",
                            "runas": "@outputs('Get_a_row_by_ID_from_selected_environment_Workflow')?['body/runas']"
                          }
                        },
                        "host": {
                          "apiId": "/providers/Microsoft.PowerApps/apis/shared_commondataserviceforapps",
                          "operationId": "CreateRecordWithOrganization",
                          "connectionName": "shared_commondataserviceforapps"
                        }
                      }
                    },
                    "Perform_an_unbound_action_in_selected_environment": {
                      "runAfter": {
                        "Add_a_new_row_to_selected_environment_Workflow": [
                          "Succeeded"
                        ]
                      },
                      "metadata": {
                        "operationMetadataId": "5071db5c-544b-4aa3-a100-d06e909fc0cf"
                      },
                      "type": "OpenApiConnection",
                      "inputs": {
                        "parameters": {
                          "organization": "@triggerBody()?['text_3']",
                          "actionName": "AddSolutionComponent",
                          "item": {
                            "ComponentId": "@{outputs('Add_a_new_row_to_selected_environment_Workflow')?['body/workflowid']}",
                            "ComponentType": 29,
                            "SolutionUniqueName": "@{outputs('Add_a_new_row_to_selected_environment')?['body/uniquename']}",
                            "AddRequiredComponents": false,
                            "DoNotIncludeSubcomponents": false
                          }
                        },
                        "host": {
                          "apiId": "/providers/Microsoft.PowerApps/apis/shared_commondataserviceforapps",
                          "operationId": "PerformUnboundActionWithOrganization",
                          "connectionName": "shared_commondataserviceforapps"
                        }
                      }
                    },
                    "Apply_to_each_Connection_Ref": {
                      "foreach": "@variables('aConnectionReferences')",
                      "actions": {
                        "Set_sFlowDefinition_Replaced": {
                          "runAfter": {
                            "Replace_Connection_Reference": [
                              "Succeeded"
                            ]
                          },
                          "metadata": {
                            "operationMetadataId": "8a251f47-d370-45e8-b445-461e49f8f757"
                          },
                          "type": "SetVariable",
                          "inputs": {
                            "name": "sFlowDefinition",
                            "value": "@{outputs('Replace_Connection_Reference')}"
                          }
                        },
                        "Replace_Connection_Reference": {
                          "metadata": {
                            "operationMetadataId": "032bfd20-06a7-4e5c-a25b-c4b2733c8969"
                          },
                          "type": "Compose",
                          "inputs": "@replace(\r\n    replace(variables('sFlowDefinition'),\r\n        items('Apply_to_each_Connection_Ref')?['old/connectionreferencelogicalname']\r\n    ,\r\n        items('Apply_to_each_Connection_Ref')?['new/connectionreferencelogicalname']\r\n    )\r\n,\r\n    items('Apply_to_each_Connection_Ref')?['old/connectionid']\r\n,\r\n    items('Apply_to_each_Connection_Ref')?['new/connectionid']\r\n)"
                        }
                      },
                      "runAfter": {
                        "Set_sFlowDefinition": [
                          "Succeeded"
                        ]
                      },
                      "metadata": {
                        "operationMetadataId": "fc4b5f8e-f377-4220-9256-c2e0bb84ef5f"
                      },
                      "type": "Foreach"
                    },
                    "Set_sFlowDefinition": {
                      "runAfter": {
                        "Get_a_row_by_ID_from_selected_environment_Workflow": [
                          "Succeeded"
                        ]
                      },
                      "metadata": {
                        "operationMetadataId": "ff48694f-c495-44a0-88a7-6a4fcb0688ee"
                      },
                      "type": "SetVariable",
                      "inputs": {
                        "name": "sFlowDefinition",
                        "value": "@outputs('Get_a_row_by_ID_from_selected_environment_Workflow')?['body/clientdata']"
                      }
                    },
                    "Apply_to_each_Environment_Var": {
                      "foreach": "@variables('aEnvironmentVariables')",
                      "actions": {
                        "Set_sFlowDefinition_Replaced_2": {
                          "runAfter": {
                            "Replace_Environment_Var": [
                              "Succeeded"
                            ]
                          },
                          "metadata": {
                            "operationMetadataId": "8a251f47-d370-45e8-b445-461e49f8f757"
                          },
                          "type": "SetVariable",
                          "inputs": {
                            "name": "sFlowDefinition",
                            "value": "@{outputs('Replace_Environment_Var')}"
                          }
                        },
                        "Replace_Environment_Var": {
                          "metadata": {
                            "operationMetadataId": "032bfd20-06a7-4e5c-a25b-c4b2733c8969"
                          },
                          "type": "Compose",
                          "inputs": "@replace(\r\n    replace(variables('sFlowDefinition'),\r\n        items('Apply_to_each_Environment_Var')?['old/displayname']\r\n    ,\r\n        items('Apply_to_each_Environment_Var')?['new/displayname']\r\n    )\r\n,\r\n    items('Apply_to_each_Environment_Var')?['old/schemaname']\r\n,\r\n    items('Apply_to_each_Environment_Var')?['new/schemaname']\r\n)"
                        }
                      },
                      "runAfter": {
                        "Apply_to_each_Connection_Ref": [
                          "Succeeded"
                        ]
                      },
                      "metadata": {
                        "operationMetadataId": "fc4b5f8e-f377-4220-9256-c2e0bb84ef5f"
                      },
                      "type": "Foreach"
                    }
                  },
                  "metadata": {
                    "operationMetadataId": "0f48705b-1718-47eb-abfc-21925bf67231"
                  },
                  "type": "Scope"
                }
              },
              "runAfter": {
                "Filter_array_Flows": [
                  "Succeeded"
                ]
              },
              "metadata": {
                "operationMetadataId": "a6ca2b11-430a-47a8-99f8-0c6999ef06ad"
              },
              "type": "Foreach"
            }
          },
          "runAfter": {
            "sFlowDefinition": [
              "Succeeded"
            ]
          },
          "metadata": {
            "operationMetadataId": "c727a676-cd8f-4516-9615-acd3bbadd109"
          },
          "type": "Scope"
        },
        "aConnectionReferences": {
          "runAfter": {},
          "metadata": {
            "operationMetadataId": "836dd802-e396-4c66-ad04-503089bf1770"
          },
          "type": "InitializeVariable",
          "inputs": {
            "variables": [
              {
                "name": "aConnectionReferences",
                "type": "array"
              }
            ]
          }
        },
        "aEnvironmentVariables": {
          "runAfter": {
            "aConnectionReferences": [
              "Succeeded"
            ]
          },
          "metadata": {
            "operationMetadataId": "89db7c54-e79a-4743-a3cb-173fa60eb5d5"
          },
          "type": "InitializeVariable",
          "inputs": {
            "variables": [
              {
                "name": "aEnvironmentVariables",
                "type": "array"
              }
            ]
          }
        },
        "sFlowDefinition": {
          "runAfter": {
            "aEnvironmentVariables": [
              "Succeeded"
            ]
          },
          "metadata": {
            "operationMetadataId": "c7b8639a-4363-4999-8188-d489f9daaddf"
          },
          "type": "InitializeVariable",
          "inputs": {
            "variables": [
              {
                "name": "sFlowDefinition",
                "type": "string"
              }
            ]
          }
        }
      }
    },
    "templateName": null
  },
  "schemaVersion": "1.0.0.0"
}