<ImportExportXml xmlns:xsi="http://www.w3.org/2001/XMLSchema-instance" OrganizationVersion="9.2.25063.198" OrganizationSchemaType="Standard" CRMServerServiceabilityVersion="9.2.25064.00184">
  <Entities></Entities>
  <Roles></Roles>
  <Workflows></Workflows>
  <FieldSecurityProfiles></FieldSecurityProfiles>
  <Templates />
  <EntityMaps />
  <EntityRelationships />
  <OrganizationSettings />
  <optionsets />
  <CustomControls />
  <EntityDataProviders />
  <Connectors>
    <Connector>
      <connectorid>aaeb5c94-910e-4499-954b-fade0d0b48d2</connectorid>
      <description>Demo for blog https://dev.to/wyattdave</description>
      <displayname>Regex Demo</displayname>
      <iconbrandcolor>#007ee5</iconbrandcolor>
      <name>wd_regex-20demo</name>
      <connectortype>1</connectortype>
      <openapidefinition>/Connector/wd_regex-20demo_openapidefinition.json</openapidefinition>
      <connectionparameters>/Connector/wd_regex-20demo_connectionparameters.json</connectionparameters>
      <policytemplateinstances>/Connector/wd_regex-20demo_policytemplateinstances.json</policytemplateinstances>
      <iconblob>/Connector/wd_regex-20demo_iconblob.Png</iconblob>
    </Connector>
  </Connectors>
  <Languages>
    <Language>1033</Language>
  </Languages>
</ImportExportXml>