<ImportExportXml xmlns:xsi="http://www.w3.org/2001/XMLSchema-instance">
  <Entities></Entities>
  <Roles></Roles>
  <Workflows></Workflows>
  <FieldSecurityProfiles></FieldSecurityProfiles>
  <Templates />
  <EntityMaps />
  <EntityRelationships />
  <OrganizationSettings />
  <optionsets />
  <CustomControls />
  <EntityDataProviders />
  <Connectors>
    <Connector>
      <connectorid>5c601f9b-4b90-47c8-8902-fe7061598627</connectorid>
      <description>Automatic Code Review tool for Power Automate</description>
      <displayname>AutoReview</displayname>
      <iconbrandcolor>#007ee5</iconbrandcolor>
      <name>wd_5Fautoreview</name>
      <connectortype>1</connectortype>
      <scriptoperations>[]</scriptoperations>
      <openapidefinition>/Connector/wd_5Fautoreview_openapidefinition.json</openapidefinition>
      <connectionparameters>/Connector/wd_5Fautoreview_connectionparameters.json</connectionparameters>
      <policytemplateinstances>/Connector/wd_5Fautoreview_policytemplateinstances.json</policytemplateinstances>
      <customcodeblobcontent>/Connector/wd_5Fautoreview_customcodeblobcontent.csx</customcodeblobcontent>
      <iconblob>/Connector/wd_5Fautoreview_iconblob.Png</iconblob>
    </Connector>
  </Connectors>
  <Languages>
    <Language>1033</Language>
  </Languages>
</ImportExportXml>