{"swagger":"2.0","info":{"title":"Default title","description":"Automatic Code Review tool for Power Automate","version":"1.0"},"host":"script.google.com","basePath":"/macros/s/","schemes":["https"],"consumes":[],"produces":[],"paths":{"/":{},"/AKfycbxgNkN4PFbh3rLytv2Ykz4hHn2b-GlhJgP8hbWWpi5DaCHC2GVHL6vBl0IQDdNqdXxe/exec":{"post":{"responses":{"default":{"description":"default","schema":{}}},"summary":"AutoReview JSON","description":"Returns code review data in a json","operationId":"AutoReview-JSON","parameters":[{"name":"body","in":"body","required":false,"schema":{"type":"object","properties":{"name":{"type":"string","description":"name"},"displayName":{"type":"string","description":"displayName"},"owner":{"type":"string","description":"owner"},"definition":{"type":"object","properties":{},"description":"definition"}}}}]},"get":{"responses":{"default":{"description":"default","schema":{}}},"summary":"AutoReview Version","description":"Returns currnt ap version","operationId":"AutoReview-Version","parameters":[{"name":"request","in":"query","required":false,"type":"string"}]}}},"definitions":{},"parameters":{},"responses":{},"securityDefinitions":{},"security":[],"tags":[]}