{
  "properties": {
    "connectionReferences": {
      "shared_sharepointonline": {
        "runtimeSource": "invoker",
        "connection": {
          "connectionReferenceLogicalName": "wd_EditZipSharePoint"
        },
        "api": {
          "name": "shared_sharepointonline"
        }
      }
    },
    "definition": {
      "$schema": "https://schema.management.azure.com/providers/Microsoft.Logic/schemas/2016-06-01/workflowdefinition.json#",
      "contentVersion": "1.0.0.0",
      "parameters": {
        "$connections": {
          "defaultValue": {},
          "type": "Object"
        },
        "$authentication": {
          "defaultValue": {},
          "type": "SecureObject"
        },
        "EditZip-Site (wd_EditZipSite)": {
          "defaultValue": "https://37wcqv.sharepoint.com/sites/testsite",
          "type": "String",
          "metadata": {
            "schemaName": "wd_EditZipSite"
          }
        }
      },
      "triggers": {
        "manual": {
          "metadata": {
            "operationMetadataId": "2fb9ba29-2791-4054-9c8f-cc7a708a10b7"
          },
          "type": "Request",
          "kind": "Button",
          "inputs": {
            "schema": {
              "type": "object",
              "properties": {
                "file": {
                  "title": "Zip",
                  "type": "object",
                  "x-ms-dynamically-added": true,
                  "description": "Please select file or image",
                  "x-ms-content-hint": "FILE",
                  "properties": {
                    "name": {
                      "type": "string"
                    },
                    "contentBytes": {
                      "type": "string",
                      "format": "byte"
                    }
                  }
                },
                "key-button-date": {
                  "title": "Date",
                  "type": "string",
                  "x-ms-dynamically-added": false
                },
                "location": {
                  "type": "object",
                  "properties": {
                    "fullAddress": {
                      "title": "Full address",
                      "type": "string",
                      "x-ms-dynamically-added": false
                    },
                    "address": {
                      "type": "object",
                      "properties": {
                        "countryOrRegion": {
                          "title": "Country/Region",
                          "type": "string",
                          "x-ms-dynamically-added": false
                        },
                        "city": {
                          "title": "City",
                          "type": "string",
                          "x-ms-dynamically-added": false
                        },
                        "state": {
                          "title": "State",
                          "type": "string",
                          "x-ms-dynamically-added": false
                        },
                        "street": {
                          "title": "Street",
                          "type": "string",
                          "x-ms-dynamically-added": false
                        },
                        "postalCode": {
                          "title": "Postal code",
                          "type": "string",
                          "x-ms-dynamically-added": false
                        }
                      },
                      "required": [
                        "countryOrRegion",
                        "city",
                        "state",
                        "street",
                        "postalCode"
                      ]
                    },
                    "coordinates": {
                      "type": "object",
                      "properties": {
                        "latitude": {
                          "title": "Latitude",
                          "type": "number",
                          "x-ms-dynamically-added": false
                        },
                        "longitude": {
                          "title": "Longitude",
                          "type": "number",
                          "x-ms-dynamically-added": false
                        }
                      },
                      "required": [
                        "latitude",
                        "longitude"
                      ]
                    }
                  }
                }
              },
              "required": [
                "key-button-date",
                "location"
              ]
            },
            "headersSchema": {
              "x-ms-user-name-encoded": {
                "title": "User name",
                "type": "string",
                "format": "byte",
                "x-ms-dynamically-added": false
              },
              "x-ms-user-email-encoded": {
                "title": "User email",
                "type": "string",
                "format": "byte",
                "x-ms-dynamically-added": false
              },
              "x-ms-user-timestamp": {
                "title": "Timestamp",
                "type": "string",
                "x-ms-dynamically-added": false
              }
            }
          }
        }
      },
      "actions": {
        "Main": {
          "actions": {
            "Filter_array": {
              "runAfter": {
                "Extract_folder": [
                  "Succeeded"
                ]
              },
              "metadata": {
                "operationMetadataId": "a187939e-bca8-419c-9f50-d8251db3fe93"
              },
              "type": "Query",
              "inputs": {
                "from": "@body('Extract_folder')",
                "where": "@equals(item()?['DisplayName'], 'test.txt')"
              }
            },
            "Get_file_content": {
              "runAfter": {
                "Filter_array": [
                  "Succeeded"
                ]
              },
              "metadata": {
                "operationMetadataId": "128d871e-9655-4170-ac70-f3900bfb5084"
              },
              "type": "OpenApiConnection",
              "inputs": {
                "host": {
                  "connectionName": "shared_sharepointonline",
                  "operationId": "GetFileContent",
                  "apiId": "/providers/Microsoft.PowerApps/apis/shared_sharepointonline"
                },
                "parameters": {
                  "dataset": "@parameters('EditZip-Site (wd_EditZipSite)')",
                  "id": "@body('Filter_array')[0]?['id']",
                  "inferContentType": true
                },
                "authentication": {
                  "type": "Raw",
                  "value": "@json(decodeBase64(triggerOutputs().headers['X-MS-APIM-Tokens']))['$ConnectionKey']"
                }
              },
              "description": "@body('Filter_array')[0]?['id']"
            },
            "Create_file_update": {
              "runAfter": {
                "Get_file_content": [
                  "Succeeded"
                ]
              },
              "metadata": {
                "operationMetadataId": "baad6f5e-47d4-4b31-870e-414c390f5f72"
              },
              "type": "OpenApiConnection",
              "inputs": {
                "host": {
                  "connectionName": "shared_sharepointonline",
                  "operationId": "CreateFile",
                  "apiId": "/providers/Microsoft.PowerApps/apis/shared_sharepointonline"
                },
                "parameters": {
                  "dataset": "@parameters('EditZip-Site (wd_EditZipSite)')",
                  "folderPath": "@actions('Extract_folder').inputs.parameters.destination",
                  "name": "test.txt",
                  "body": "@replace(body('Get_file_content'),'hello','goodbye')"
                },
                "authentication": {
                  "type": "Raw",
                  "value": "@json(decodeBase64(triggerOutputs().headers['X-MS-APIM-Tokens']))['$ConnectionKey']"
                }
              },
              "runtimeConfiguration": {
                "contentTransfer": {
                  "transferMode": "Chunked"
                }
              }
            },
            "SharePointHTTP": {
              "runAfter": {
                "Create_file_update": [
                  "Succeeded"
                ]
              },
              "metadata": {
                "operationMetadataId": "d7c99fd9-8b01-4284-8ff7-6f38aa1e62bc"
              },
              "type": "OpenApiConnection",
              "inputs": {
                "host": {
                  "connectionName": "shared_sharepointonline",
                  "operationId": "HttpRequest",
                  "apiId": "/providers/Microsoft.PowerApps/apis/shared_sharepointonline"
                },
                "parameters": {
                  "dataset": "@parameters('EditZip-Site (wd_EditZipSite)')",
                  "parameters/method": "POST",
                  "parameters/uri": "_api/web/GetListUsingPath(DecodedUrl=@a1)/RenderListDataAsStream?@a1=%27@{encodeUriComponent(\n    '/sites/testsite/zips'\n)}%27&RootFolder=@{encodeUriComponent(\n    concat(\n        '/sites/testsite'\n    ,\n        actions('Extract_folder').inputs.parameters.destination\n    )\n)}",
                  "parameters/body": "{\"parameters\": {\"RenderOptions\": 4103}}"
                },
                "authentication": {
                  "type": "Raw",
                  "value": "@json(decodeBase64(triggerOutputs().headers['X-MS-APIM-Tokens']))['$ConnectionKey']"
                },
                "retryPolicy": {
                  "type": "none"
                }
              }
            },
            "token": {
              "runAfter": {
                "SharePointHTTP": [
                  "Succeeded"
                ]
              },
              "metadata": {
                "operationMetadataId": "3edb89eb-b73e-4856-914d-a3d186a3d505"
              },
              "type": "Compose",
              "inputs": "@outputs('SharePointHTTP')?['body']['ListSchema']['.driveAccessToken']",
              "description": "outputs('SharePointHTTP')?['body']['ListSchema']['.driveAccessToken']"
            },
            "Select": {
              "runAfter": {
                "token": [
                  "Succeeded"
                ]
              },
              "metadata": {
                "operationMetadataId": "cc1f7c67-fd94-4979-9c71-0e6800ab383d"
              },
              "type": "Select",
              "inputs": {
                "from": "@body('SharePointHTTP')['ListData']['Row']",
                "select": {
                  "name": "@item()['FileLeafRef']",
                  "size": "@item()['SMTotalSize']",
                  "docid": "@{item()['.spItemUrl']}&@{outputs('token')}",
                  "isFolder": "@if(equals(item()['FSObjType'], '1'), true, false)"
                }
              }
            },
            "downloadZip": {
              "runAfter": {
                "Select": [
                  "Succeeded"
                ]
              },
              "metadata": {
                "operationMetadataId": "d300fe42-960b-4ea7-8743-9d15d59cbe95"
              },
              "type": "OpenApiConnection",
              "inputs": {
                "host": {
                  "connectionName": "shared_sharepointonline",
                  "operationId": "HttpRequest",
                  "apiId": "/providers/Microsoft.PowerApps/apis/shared_sharepointonline"
                },
                "parameters": {
                  "dataset": "@body('SharePointHTTP')['ListSchema']['.mediaBaseUrl']",
                  "parameters/method": "POST",
                  "parameters/uri": "/transform/zip?cs=@{body('SharePointHTTP')['ListSchema']['.callerStack']}",
                  "parameters/headers": {
                    "Content-Type": "application/x-www-form-urlencoded"
                  },
                  "parameters/body": "zipFileName=test.zip&guid=@{guid()}&provider=spo&files=@{encodeUriComponent(json(concat('{\"items\":', body('Select'), '}')))}&oAuthToken="
                },
                "authentication": {
                  "type": "Raw",
                  "value": "@json(decodeBase64(triggerOutputs().headers['X-MS-APIM-Tokens']))['$ConnectionKey']"
                }
              }
            },
            "Create_file": {
              "runAfter": {
                "downloadZip": [
                  "Succeeded"
                ]
              },
              "metadata": {
                "operationMetadataId": "c9ac9566-8c3b-4b72-ae13-1f31756104ba"
              },
              "type": "OpenApiConnection",
              "inputs": {
                "host": {
                  "connectionName": "shared_sharepointonline",
                  "operationId": "CreateFile",
                  "apiId": "/providers/Microsoft.PowerApps/apis/shared_sharepointonline"
                },
                "parameters": {
                  "dataset": "@parameters('EditZip-Site (wd_EditZipSite)')",
                  "folderPath": "/zips",
                  "name": "@{outputs('GUID')}.zip",
                  "body": "@base64ToBinary(body('downloadZip')['$content'])"
                },
                "authentication": {
                  "type": "Raw",
                  "value": "@json(decodeBase64(triggerOutputs().headers['X-MS-APIM-Tokens']))['$ConnectionKey']"
                }
              },
              "runtimeConfiguration": {
                "contentTransfer": {
                  "transferMode": "Chunked"
                }
              }
            },
            "Create_file_Zip": {
              "runAfter": {},
              "metadata": {
                "operationMetadataId": "a4d19e62-842c-4244-9920-9c9b317007e5"
              },
              "type": "OpenApiConnection",
              "inputs": {
                "host": {
                  "connectionName": "shared_sharepointonline",
                  "operationId": "CreateFile",
                  "apiId": "/providers/Microsoft.PowerApps/apis/shared_sharepointonline"
                },
                "parameters": {
                  "dataset": "@parameters('EditZip-Site (wd_EditZipSite)')",
                  "folderPath": "/zips",
                  "name": "@{outputs('GUID')}.zip",
                  "body": "@triggerBody()['file']['contentBytes']"
                },
                "authentication": {
                  "type": "Raw",
                  "value": "@json(decodeBase64(triggerOutputs().headers['X-MS-APIM-Tokens']))['$ConnectionKey']"
                }
              },
              "runtimeConfiguration": {
                "contentTransfer": {
                  "transferMode": "Chunked"
                }
              }
            },
            "Extract_folder": {
              "runAfter": {
                "Create_file_Zip": [
                  "Succeeded"
                ]
              },
              "metadata": {
                "operationMetadataId": "edbb87a7-5884-4718-b80e-551c6cbe933b"
              },
              "type": "OpenApiConnection",
              "inputs": {
                "host": {
                  "connectionName": "shared_sharepointonline",
                  "operationId": "ExtractFolderV2",
                  "apiId": "/providers/Microsoft.PowerApps/apis/shared_sharepointonline"
                },
                "parameters": {
                  "dataset": "@parameters('EditZip-Site (wd_EditZipSite)')",
                  "source": "@outputs('Create_file_Zip')?['body/Path']",
                  "destination": "@concat('/zips/',outputs('GUID'))",
                  "overwrite": true
                },
                "authentication": {
                  "type": "Raw",
                  "value": "@json(decodeBase64(triggerOutputs().headers['X-MS-APIM-Tokens']))['$ConnectionKey']"
                }
              }
            }
          },
          "runAfter": {
            "GUID": [
              "Succeeded"
            ]
          },
          "metadata": {
            "operationMetadataId": "af7b2892-e3ae-43b8-9021-041f09c16f10"
          },
          "type": "Scope"
        },
        "GUID": {
          "runAfter": {},
          "metadata": {
            "operationMetadataId": "6d000587-ec7a-4e28-806f-8dd9809b8548"
          },
          "type": "Compose",
          "inputs": "@guid()"
        }
      }
    },
    "templateName": ""
  },
  "schemaVersion": "1.0.0.0"
}