{
  "properties": {
    "connectionReferences": {
      "shared_sharepointonline_1": {
        "runtimeSource": "embedded",
        "connection": {
          "connectionReferenceLogicalName": "wd_SharePointcustomForm"
        },
        "api": {
          "name": "shared_sharepointonline"
        }
      }
    },
    "definition": {
      "$schema": "https://schema.management.azure.com/providers/Microsoft.Logic/schemas/2016-06-01/workflowdefinition.json#",
      "contentVersion": "1.0.0.0",
      "parameters": {
        "$connections": {
          "defaultValue": {},
          "type": "Object"
        },
        "$authentication": {
          "defaultValue": {},
          "type": "SecureObject"
        },
        "customForm-site (wd_customFormsite)": {
          "defaultValue": "https://37wcqv.sharepoint.com/sites/testsite",
          "type": "String",
          "metadata": {
            "schemaName": "wd_customFormsite"
          }
        },
        "customForm-sendTo (wd_customFormlibrary)": {
          "defaultValue": "28adc97e-b405-46a8-be77-b8b27f922cd9",
          "type": "String",
          "metadata": {
            "schemaName": "wd_customFormlibrary"
          }
        }
      },
      "triggers": {
        "manual": {
          "metadata": {
            "operationMetadataId": "7ec80f49-f23a-40af-b574-1d937ccc43a2"
          },
          "type": "Request",
          "kind": "Http",
          "inputs": {
            "method": "POST",
            "relativePath": "/v1/",
            "triggerAuthenticationType": "All"
          },
          "conditions": []
        }
      },
      "actions": {
        "Main": {
          "actions": {
            "Get_item": {
              "runAfter": {},
              "metadata": {
                "operationMetadataId": "cae54ae1-5f15-4b94-9a00-77ad6c76d479"
              },
              "type": "OpenApiConnection",
              "inputs": {
                "host": {
                  "connectionName": "shared_sharepointonline_1",
                  "operationId": "GetItem",
                  "apiId": "/providers/Microsoft.PowerApps/apis/shared_sharepointonline"
                },
                "parameters": {
                  "dataset": "@parameters('customForm-site (wd_customFormsite)')",
                  "table": "@parameters('customForm-sendTo (wd_customFormlibrary)')",
                  "id": "@triggerOutputs()?['queries']?['ref']"
                },
                "authentication": "@parameters('$authentication')"
              }
            },
            "Condition": {
              "actions": {
                "Response_Duplicate": {
                  "runAfter": {},
                  "metadata": {
                    "operationMetadataId": "5f576d46-8309-4cac-8e3b-afdc8e7d1de3"
                  },
                  "type": "Response",
                  "kind": "Http",
                  "inputs": {
                    "statusCode": 404,
                    "headers": {
                      "Content-Type": "text/html "
                    },
                    "body": "<!DOCTYPE html>\n<html>\n<body>\n\n<h2>Failed - Submission already processed</h2>\n</body>\n</html>"
                  }
                },
                "Terminate": {
                  "runAfter": {
                    "Response_Duplicate": [
                      "Succeeded"
                    ]
                  },
                  "metadata": {
                    "operationMetadataId": "02a4a2be-35de-46ad-8183-4f0388eb8e83"
                  },
                  "type": "Terminate",
                  "inputs": {
                    "runStatus": "Succeeded"
                  }
                }
              },
              "runAfter": {
                "Get_item": [
                  "Succeeded"
                ]
              },
              "expression": {
                "equals": [
                  "@outputs('Get_item')?['body/Processed']",
                  "@true"
                ]
              },
              "metadata": {
                "operationMetadataId": "017171a6-ce27-46e4-9342-491e2f6bf5cf"
              },
              "type": "If"
            },
            "Add_attachment": {
              "runAfter": {
                "Update_item": [
                  "Succeeded"
                ]
              },
              "metadata": {
                "operationMetadataId": "2c7aabb0-7a2d-46f5-b9a9-f78f243fbb0b"
              },
              "type": "OpenApiConnection",
              "inputs": {
                "host": {
                  "connectionName": "shared_sharepointonline_1",
                  "operationId": "CreateAttachment",
                  "apiId": "/providers/Microsoft.PowerApps/apis/shared_sharepointonline"
                },
                "parameters": {
                  "dataset": "@parameters('customForm-site (wd_customFormsite)')",
                  "table": "@parameters('customForm-sendTo (wd_customFormlibrary)')",
                  "itemId": "@outputs('Get_item')?['body/ID']",
                  "displayName": "@{triggerOutputs()?['queries']?['ref']}.csv",
                  "body": "@triggerBody()?['$multipart'][4]?['body']"
                },
                "authentication": "@parameters('$authentication')"
              }
            },
            "Response": {
              "runAfter": {
                "Add_attachment": [
                  "Succeeded"
                ]
              },
              "metadata": {
                "operationMetadataId": "5f576d46-8309-4cac-8e3b-afdc8e7d1de3"
              },
              "type": "Response",
              "kind": "Http",
              "inputs": {
                "statusCode": 200,
                "headers": {
                  "Content-Type": "text/html "
                },
                "body": "<!DOCTYPE html>\n<html>\n<body>\n\n<h2>Success</h2>\n</body>\n</html>"
              }
            },
            "Update_item": {
              "runAfter": {
                "Condition": [
                  "Succeeded"
                ]
              },
              "metadata": {
                "operationMetadataId": "8e9b3e81-39b3-48d0-a0f0-d04d2d93077a"
              },
              "type": "OpenApiConnection",
              "inputs": {
                "host": {
                  "connectionName": "shared_sharepointonline_1",
                  "operationId": "PatchItem",
                  "apiId": "/providers/Microsoft.PowerApps/apis/shared_sharepointonline"
                },
                "parameters": {
                  "dataset": "@parameters('customForm-site (wd_customFormsite)')",
                  "table": "@parameters('customForm-sendTo (wd_customFormlibrary)')",
                  "id": "@outputs('Get_item')?['body/ID']",
                  "item/Title": "@base64ToString(triggerBody()?['$multipart'][1]?['body']?['$content'])",
                  "item/Processed": true,
                  "item/Name": "@base64ToString(triggerBody()?['$multipart'][2]?['body']?['$content'])",
                  "item/Delivery": "@base64ToString(triggerBody()?['$multipart'][3]?['body']?['$content'])"
                },
                "authentication": "@parameters('$authentication')"
              },
              "description": "base64ToString(triggerBody()?['$multipart'][1]?['body']?['$content'])"
            }
          },
          "runAfter": {},
          "metadata": {
            "operationMetadataId": "a9191fde-5c97-49c7-913f-fcb0efa8f60a"
          },
          "type": "Scope"
        },
        "Exception": {
          "actions": {
            "Response_Failed": {
              "runAfter": {},
              "metadata": {
                "operationMetadataId": "5f576d46-8309-4cac-8e3b-afdc8e7d1de3"
              },
              "type": "Response",
              "kind": "Http",
              "inputs": {
                "statusCode": 500,
                "headers": {
                  "Content-Type": "text/html "
                },
                "body": "<!DOCTYPE html>\n<html>\n<body>\n\n<h2>Failed - Unexpected error, please notify the emailer of the form</h2>\n</body>\n</html>"
              }
            },
            "Terminate_Exception": {
              "runAfter": {
                "Response_Failed": [
                  "Succeeded"
                ]
              },
              "metadata": {
                "operationMetadataId": "e724d308-e8cb-4de7-baff-f41fb0fd6b61"
              },
              "type": "Terminate",
              "inputs": {
                "runStatus": "Failed",
                "runError": {
                  "code": "500",
                  "message": "@{xpath(xml(json(concat('{\"data\": {', '\"Main\":', result('Main'), ',', '\"Condition\":', result('Condition'), ',', '}}'))), 'string(//message[not(contains(.,''The execution of template action'')) and not(contains(.,''skipped:''))  and not(contains(.,''An action failed. No dependent actions succeeded.''))])')}"
                }
              }
            }
          },
          "runAfter": {
            "Main": [
              "Failed",
              "TimedOut"
            ]
          },
          "metadata": {
            "operationMetadataId": "8cc9240f-2f96-43c2-b1cd-23e159cb4f37"
          },
          "type": "Scope"
        }
      }
    },
    "templateName": ""
  },
  "schemaVersion": "1.0.0.0"
}