{
  "properties": {
    "connectionReferences": {
      "shared_office365_1": {
        "runtimeSource": "invoker",
        "connection": {
          "connectionReferenceLogicalName": "wd_OutlookcustomForm"
        },
        "api": {
          "name": "shared_office365"
        }
      },
      "shared_sharepointonline_1": {
        "runtimeSource": "invoker",
        "connection": {
          "connectionReferenceLogicalName": "wd_SharePointcustomForm"
        },
        "api": {
          "name": "shared_sharepointonline"
        }
      }
    },
    "definition": {
      "$schema": "https://schema.management.azure.com/providers/Microsoft.Logic/schemas/2016-06-01/workflowdefinition.json#",
      "contentVersion": "1.0.0.0",
      "parameters": {
        "$connections": {
          "defaultValue": {},
          "type": "Object"
        },
        "$authentication": {
          "defaultValue": {},
          "type": "SecureObject"
        },
        "customForm-site (wd_customFormsite)": {
          "defaultValue": "https://37wcqv.sharepoint.com/sites/testsite",
          "type": "String",
          "metadata": {
            "schemaName": "wd_customFormsite"
          }
        },
        "customForm-sendTo (wd_customFormlibrary)": {
          "defaultValue": "28adc97e-b405-46a8-be77-b8b27f922cd9",
          "type": "String",
          "metadata": {
            "schemaName": "wd_customFormlibrary"
          }
        }
      },
      "triggers": {
        "manual": {
          "metadata": {
            "operationMetadataId": "17e528d7-9d47-44b8-8795-16dbf2813f56"
          },
          "type": "Request",
          "kind": "Button",
          "inputs": {
            "schema": {
              "type": "object",
              "properties": {
                "number": {
                  "title": "Send To Id",
                  "type": "number",
                  "x-ms-dynamically-added": true,
                  "description": "Please enter a number",
                  "x-ms-content-hint": "NUMBER"
                },
                "text": {
                  "title": "Form URL",
                  "type": "string",
                  "x-ms-dynamically-added": true,
                  "description": "Please enter your input",
                  "x-ms-content-hint": "TEXT"
                }
              },
              "required": [
                "number",
                "text"
              ]
            }
          }
        }
      },
      "actions": {
        "Send_an_email_(V2)": {
          "runAfter": {
            "Get_item": [
              "Succeeded"
            ]
          },
          "metadata": {
            "operationMetadataId": "c23e3ffe-0148-493f-8d24-d7e01ee32eb6"
          },
          "type": "OpenApiConnection",
          "inputs": {
            "host": {
              "connectionName": "shared_office365_1",
              "operationId": "SendEmailV2",
              "apiId": "/providers/Microsoft.PowerApps/apis/shared_office365"
            },
            "parameters": {
              "emailMessage/To": "@outputs('Get_item')?['body/Email']",
              "emailMessage/Subject": "Order Request",
              "emailMessage/Body": "<p>Please Click on the below link to complete your order</p>\n<a href=\"@{replace(triggerBody()['text'],'{paramRef}',string(outputs('Get_item')?['body/ID']))}\">Form Link</a>",
              "emailMessage/Importance": "Normal"
            },
            "authentication": {
              "type": "Raw",
              "value": "@json(decodeBase64(triggerOutputs().headers['X-MS-APIM-Tokens']))['$ConnectionKey']"
            }
          }
        },
        "Get_item": {
          "runAfter": {},
          "metadata": {
            "operationMetadataId": "cae54ae1-5f15-4b94-9a00-77ad6c76d479"
          },
          "type": "OpenApiConnection",
          "inputs": {
            "host": {
              "connectionName": "shared_sharepointonline_1",
              "operationId": "GetItem",
              "apiId": "/providers/Microsoft.PowerApps/apis/shared_sharepointonline"
            },
            "parameters": {
              "dataset": "@parameters('customForm-site (wd_customFormsite)')",
              "table": "@parameters('customForm-sendTo (wd_customFormlibrary)')",
              "id": "@triggerBody()['number']"
            },
            "authentication": {
              "type": "Raw",
              "value": "@json(decodeBase64(triggerOutputs().headers['X-MS-APIM-Tokens']))['$ConnectionKey']"
            }
          }
        }
      }
    },
    "templateName": ""
  },
  "schemaVersion": "1.0.0.0"
}