{
  "properties": {
    "connectionReferences": {
      "shared_sharepointonline_1": {
        "runtimeSource": "embedded",
        "connection": {
          "connectionReferenceLogicalName": "wd_SharePointcustomForm"
        },
        "api": {
          "name": "shared_sharepointonline"
        }
      }
    },
    "definition": {
      "$schema": "https://schema.management.azure.com/providers/Microsoft.Logic/schemas/2016-06-01/workflowdefinition.json#",
      "contentVersion": "1.0.0.0",
      "parameters": {
        "$connections": {
          "defaultValue": {},
          "type": "Object"
        },
        "$authentication": {
          "defaultValue": {},
          "type": "SecureObject"
        },
        "customForm-site (wd_customFormsite)": {
          "defaultValue": "https://37wcqv.sharepoint.com/sites/testsite",
          "type": "String",
          "metadata": {
            "schemaName": "wd_customFormsite"
          }
        },
        "customForm-sendTo (wd_customFormlibrary)": {
          "defaultValue": "28adc97e-b405-46a8-be77-b8b27f922cd9",
          "type": "String",
          "metadata": {
            "schemaName": "wd_customFormlibrary"
          }
        }
      },
      "triggers": {
        "manual": {
          "metadata": {
            "operationMetadataId": "6e10b7b0-a88e-4cd0-944f-0064b93ed4d1"
          },
          "type": "Request",
          "kind": "Http",
          "inputs": {
            "method": "GET",
            "triggerAuthenticationType": "All"
          }
        }
      },
      "actions": {
        "Main": {
          "actions": {
            "Get_item": {
              "runAfter": {},
              "metadata": {
                "operationMetadataId": "cae54ae1-5f15-4b94-9a00-77ad6c76d479"
              },
              "type": "OpenApiConnection",
              "inputs": {
                "host": {
                  "connectionName": "shared_sharepointonline_1",
                  "operationId": "GetItem",
                  "apiId": "/providers/Microsoft.PowerApps/apis/shared_sharepointonline"
                },
                "parameters": {
                  "dataset": "@parameters('customForm-site (wd_customFormsite)')",
                  "table": "@parameters('customForm-sendTo (wd_customFormlibrary)')",
                  "id": "@triggerOutputs()?['queries']?['ref']"
                },
                "authentication": "@parameters('$authentication')"
              }
            },
            "Condition": {
              "actions": {
                "Response_Duplicate": {
                  "runAfter": {},
                  "metadata": {
                    "operationMetadataId": "5f576d46-8309-4cac-8e3b-afdc8e7d1de3"
                  },
                  "type": "Response",
                  "kind": "Http",
                  "inputs": {
                    "statusCode": 404,
                    "headers": {
                      "Content-Type": "text/html "
                    },
                    "body": "<!DOCTYPE html>\n<html>\n<body>\n\n<h2>Failed - Submission already processed</h2>\n</body>\n</html>"
                  }
                },
                "Terminate": {
                  "runAfter": {
                    "Response_Duplicate": [
                      "Succeeded"
                    ]
                  },
                  "metadata": {
                    "operationMetadataId": "02a4a2be-35de-46ad-8183-4f0388eb8e83"
                  },
                  "type": "Terminate",
                  "inputs": {
                    "runStatus": "Succeeded"
                  }
                }
              },
              "runAfter": {
                "Get_item": [
                  "Succeeded"
                ]
              },
              "expression": {
                "equals": [
                  "@outputs('Get_item')?['body/Processed']",
                  "@true"
                ]
              },
              "metadata": {
                "operationMetadataId": "017171a6-ce27-46e4-9342-491e2f6bf5cf"
              },
              "type": "If"
            },
            "Get_file_content_HTHML": {
              "runAfter": {
                "Condition": [
                  "Succeeded"
                ]
              },
              "metadata": {
                "%252fShared%2bDocuments%252ffancy%2bcustom%2bform.html": "/Shared Documents/fancy custom form.html",
                "operationMetadataId": "e4e8c436-7707-446e-ad46-9845235346d7"
              },
              "type": "OpenApiConnection",
              "inputs": {
                "host": {
                  "connectionName": "shared_sharepointonline_1",
                  "operationId": "GetFileContent",
                  "apiId": "/providers/Microsoft.PowerApps/apis/shared_sharepointonline"
                },
                "parameters": {
                  "dataset": "@parameters('customForm-site (wd_customFormsite)')",
                  "id": "%252fShared%2bDocuments%252ffancy%2bcustom%2bform.html",
                  "inferContentType": true
                },
                "authentication": "@parameters('$authentication')"
              }
            },
            "Response_Success": {
              "runAfter": {
                "Get_file_content_HTHML": [
                  "Succeeded"
                ]
              },
              "metadata": {
                "operationMetadataId": "5f576d46-8309-4cac-8e3b-afdc8e7d1de3"
              },
              "type": "Response",
              "kind": "Http",
              "inputs": {
                "statusCode": 200,
                "headers": {
                  "Content-Type": "text/html "
                },
                "body": "@replace(body('Get_file_content_HTHML'),'{ref}',outputs('Get_item')?['body/Title'])"
              }
            }
          },
          "runAfter": {},
          "metadata": {
            "operationMetadataId": "61d054a3-5ee9-4d7a-afbf-b60ca2ba864b"
          },
          "type": "Scope"
        },
        "Exception": {
          "actions": {
            "Response_Failed": {
              "runAfter": {},
              "metadata": {
                "operationMetadataId": "5f576d46-8309-4cac-8e3b-afdc8e7d1de3"
              },
              "type": "Response",
              "kind": "Http",
              "inputs": {
                "statusCode": 500,
                "headers": {
                  "Content-Type": "text/html "
                },
                "body": "<!DOCTYPE html>\n<html>\n<body>\n\n<h2>Failed - Unexpected error, please notify the emailer of the form</h2>\n</body>\n</html>"
              }
            },
            "Terminate_Exception": {
              "runAfter": {
                "Response_Failed": [
                  "Succeeded"
                ]
              },
              "metadata": {
                "operationMetadataId": "e724d308-e8cb-4de7-baff-f41fb0fd6b61"
              },
              "type": "Terminate",
              "inputs": {
                "runStatus": "Failed",
                "runError": {
                  "code": "500",
                  "message": "@{xpath(xml(json(concat('{\"data\": {','\"Main\":',result('Main'),',','\"Condition\":',result('Condition'),',','}}'))),'string(//message[not(contains(.,''The execution of template action'')) and not(contains(.,''skipped:''))  and not(contains(.,''An action failed. No dependent actions succeeded.''))])')}"
                }
              }
            }
          },
          "runAfter": {
            "Main": [
              "Failed",
              "TimedOut"
            ]
          },
          "metadata": {
            "operationMetadataId": "8cc9240f-2f96-43c2-b1cd-23e159cb4f37"
          },
          "type": "Scope"
        }
      }
    },
    "templateName": ""
  },
  "schemaVersion": "1.0.0.0"
}