{
  "properties": {
    "connectionReferences": {},
    "definition": {
      "$schema": "https://schema.management.azure.com/providers/Microsoft.Logic/schemas/2016-06-01/workflowdefinition.json#",
      "contentVersion": "1.0.0.0",
      "parameters": {
        "$authentication": {
          "defaultValue": {},
          "type": "SecureObject"
        }
      },
      "triggers": {
        "manual": {
          "metadata": {
            "operationMetadataId": "6eff14e9-a9fa-4acc-bfaa-2a35c8844e07"
          },
          "type": "Request",
          "kind": "Http",
          "inputs": {
            "schema": {
              "type": "object",
              "properties": {
                "$content-type": {
                  "type": "string"
                },
                "$content": {
                  "type": "string"
                },
                "$formdata": {
                  "type": "array",
                  "items": {
                    "type": "object",
                    "properties": {
                      "key": {
                        "type": "string"
                      },
                      "value": {
                        "type": "string"
                      }
                    },
                    "required": [
                      "key",
                      "value"
                    ]
                  }
                }
              }
            },
            "triggerAuthenticationType": "All"
          }
        }
      },
      "actions": {
        "Apply_to_each": {
          "foreach": "@triggerBody()?['$formdata']",
          "actions": {
            "Compose": {
              "runAfter": {},
              "metadata": {
                "operationMetadataId": "235263eb-c615-4aa6-88b9-d359b1a32ce7"
              },
              "type": "Compose",
              "inputs": "@{items('Apply_to_each')?['key']} : @{items('Apply_to_each')?['value']}\n"
            }
          },
          "runAfter": {},
          "metadata": {
            "operationMetadataId": "c9a8860e-50df-46de-a061-8b4d18aeb8e7"
          },
          "type": "Foreach"
        },
        "Respond_to_a_Power_App_or_flow": {
          "runAfter": {
            "Apply_to_each": [
              "Succeeded"
            ]
          },
          "metadata": {
            "operationMetadataId": "ab88cec2-61bd-45c3-b369-0e5ebc6be7e6"
          },
          "type": "Response",
          "kind": "PowerApp",
          "inputs": {
            "statusCode": 200,
            "body": {
              "text": "Success"
            },
            "schema": {
              "type": "object",
              "properties": {
                "text": {
                  "title": "",
                  "x-ms-dynamically-added": true,
                  "type": "string"
                }
              }
            }
          }
        }
      }
    },
    "templateName": ""
  },
  "schemaVersion": "1.0.0.0"
}