<customapi uniquename="wd_ExceptionQuery">
  <allowedcustomprocessingsteptype>1</allowedcustomprocessingsteptype>
  <bindingtype>0</bindingtype>
  <description default="Exception Query">
    <label description="Exception Query" languagecode="1033" />
  </description>
  <displayname default="Exception Query">
    <label description="Exception Query" languagecode="1033" />
  </displayname>
  <fxexpressionid>
    <uniquename>wd_ExceptionQuery</uniquename>
  </fxexpressionid>
  <iscustomizable>1</iscustomizable>
  <isfunction>0</isfunction>
  <isprivate>0</isprivate>
  <name>Exception Query</name>
  <plugintypeid>
    <plugintypeexportkey>462b3e8f-beb4-4981-9b87-a60c2162a9f7</plugintypeexportkey>
  </plugintypeid>
  <workflowsdkstepenabled>0</workflowsdkstepenabled>
</customapi>