{"swagger":"2.0","info":{"title":"Default title","description":"Automatic Code Review tool for Power Automate","version":"1.0"},"host":"script.google.com","basePath":"/macros/s/","schemes":["https"],"consumes":[],"produces":[],"paths":{"/":{},"/AKfycbzqG0LSYfrw9oj2C37ogerwnKLvxnUF-5FvJXUvsjaZoXJqZOieSYPxD_ozX0L1krGx/exec":{"get":{"responses":{"default":{"description":"default","schema":{"type":"object","properties":{"version":{"type":"string","description":"version"},"apiKey":{"type":"string","description":"apiKey"},"Information":{"type":"string","description":"Information"},"Diagram":{"type":"string","description":"Diagram"}}}}},"summary":"AutoReview Info","description":"Returns information about AutoReview","operationId":"AutoReview-Info","parameters":[]},"post":{"responses":{"default":{"description":"default","schema":{}}},"summary":"AutoReview Get Flow","description":"Returns data about your Get Flow Action (Definition)","operationId":"AutoReview-personal","parameters":[{"name":"api","in":"query","required":true,"type":"string","default":"review","description":"Format of data returned about your flow","x-ms-summary":"Return Type","enum":["json","diagram","review"]},{"name":"body","in":"body","required":true,"schema":{"type":"object","properties":{"name":{"type":"string","description":"Flow GUID (key:name)","title":"Flow Id"},"displayName":{"type":"string","description":"Name of flow (key:displayName)","title":"Flow Name"},"owner":{"type":"string","description":"Flow owed by","title":"Owner"},"definition":{"type":"object","properties":{},"description":"Definition"}},"required":["displayName","name","owner"]}}]}},"/AKfycbz_yyZuaW4qEBqpHHIvv_BCKL6Jb5C-QTmwd06lPxrnADWCFgVn-F1qAYNs3W6w5hNPnA/exec":{"post":{"responses":{"default":{"description":"default","schema":{}}},"operationId":"AutoReview-dataverse","summary":"AutoReview Dataverse","description":"Returns data about your flow from workflow table (Client Data)","parameters":[{"name":"api","in":"query","required":true,"type":"string","default":"review","description":"Format of data returned about your flow","enum":["json","diagram","review"]},{"name":"body","in":"body","required":true,"schema":{"type":"object","properties":{"name":{"type":"string","description":"Flow GUID (key:resourceid)","title":"Flow ID"},"displayName":{"type":"string","description":"Name of flow (key:Process Name/name)","title":"Flow Name"},"owner":{"type":"string","description":"Owner of the flow","title":"Owner"},"definition":{"type":"string","description":"Client Data","title":"Definition"}},"required":["displayName","name","owner","definition"]}}]}}},"definitions":{},"parameters":{},"responses":{},"securityDefinitions":{"apiKey":{"type":"apiKey","in":"query","name":"apiKey"}},"security":[{"apiKey":[]}],"tags":[]}