{
  "environmentvariablevalues": {
    "environmentvariablevalue": {
      "@environmentvariablevalueid": "d434ffe9-8fb7-ee11-a569-000d3a5a7615",
      "iscustomizable": "1",
      "value": "{\"source\": \"groups/cafb415f-592f-4d14-a38c-0e332dd6c373\",             \"drive\": \"b!Z_ri3vbdp02PaWAkKGAxAash5mUcFr1Ip5Q8BFW2a0KfZsi6FcRXRI5bTXh8Brk5\",             \"file\": \"01MPL5KCAB2E2XBGPVTZGJYT5MOPQNITH6\",             \"scriptSource\": \"groups/cafb415f-592f-4d14-a38c-0e332dd6c373\",             \"scriptDrive\": \"b!Z_ri3vbdp02PaWAkKGAxAash5mUcFr1Ip5Q8BFW2a0KfZsi6FcRXRI5bTXh8Brk5\",             \"scriptId\": \"01MPL5KCEGOZTEAVNVCJDZJML3HYAQZSAV\"}"
    }
  }
}